frequency_Hz,thermal_target_m_per_rtHz,thermal_conservative_m_per_rtHz,shot_m_per_rtHz,dust_m_per_rtHz,laser_frequency_m_per_rtHz,substrate_brownian_m_per_rtHz,rin_m_per_rtHz,pointing_m_per_rtHz,bench_thermoelastic_m_per_rtHz,electronics_m_per_rtHz,seismic_absolute_ceiling_m_per_rtHz,seismic_differential_scenario_m_per_rtHz,baseline_total_m_per_rtHz,estimated_total_m_per_rtHz
0.001,1.0954451150103323e-15,7.745966692414833e-15,1.0347711444269925e-16,3.9999999999999995e-18,5.323682959362508e-21,6.334839101039741e-17,1.6934932628108367e-15,2.000099997500125e-14,1e-13,2.54011289174665e-17,,,1.1003288204956678e-15,1.020006044157603e-13
0.001005776683830742,1.092294737468304e-15,7.723690159182173e-15,1.0347711444269925e-16,3.9999999999999995e-18,5.323682959362508e-21,6.31662081281807e-17,1.6837676504544604e-15,1.9886135642931873e-14,9.942564945841258e-14,2.54011289174665e-17,,,1.0971924656660464e-15,1.0141480020702541e-13
0.0010115867377375632,1.0891534200594779e-15,7.701477690765771e-15,1.0347711444269925e-16,3.9999999999999995e-18,5.323682959362508e-21,6.29845491835423e-17,1.6740979028391616e-15,1.9771931101314245e-14,9.885459770227146e-14,2.54011289174665e-17,,,1.0940652108721146e-15,1.0083236058477355e-13
0.0010174303544888447,1.0860211367279243e-15,7.679329102922379e-15,1.0347711444269925e-16,3.9999999999999995e-18,5.323682959362508e-21,6.280341266969628e-17,1.6644836991380293e-15,1.9658382561022537e-14,9.828682578498439e-14,2.54011289174665e-17,,,1.0909470301683763e-15,1.0025326622458112e-13
0.0010233077279665254,1.082897861492649e-15,7.657244211938627e-15,1.0347711444269925e-16,3.9999999999999995e-18,5.323682959362508e-21,6.262279708419025e-17,1.6549247203670174e-15,1.9545486254696104e-14,9.772231486877935e-14,2.54011289174665e-17,,,1.0878378976845492e-15,9.967749791301536e-14
0.0010292190531725428,1.0797835684473741e-15,7.635222834629468e-15,1.0347711444269925e-16,3.9999999999999995e-18,5.323682959362508e-21,6.244270092889253e-17,1.6454206493743486e-15,1.9433238436614284e-14,9.716104622407876e-14,2.54011289174665e-17,,,1.084737787625347e-15,9.910503654699613e-14
0.0010351645262352952,1.0766782317603276e-15,7.61326478833669e-15,1.0347711444269925e-16,3.9999999999999995e-18,5.323682959362508e-21,6.226312270998005e-17,1.6359711708300057e-15,1.9321635382572323e-14,9.660300122887884e-14,2.54011289174665e-17,,,1.0816466742702689e-15,9.85358631331629e-14
0.0010411443444161563,1.0735818256740249e-15,7.591369890927371e-15,1.0347711444269925e-16,3.9999999999999995e-18,5.323682959362508e-21,6.208406093792565e-17,1.6265759712152556e-15,1.9210673389757628e-14,9.604816136813106e-14,2.54011289174665e-17,,,1.0785645319733816e-15,9.796995878724381e-14
0.0010471587061160123,1.070494324505059e-15,7.569537960792397e-15,1.0347711444269925e-16,3.9999999999999995e-18,5.323682959362508e-21,6.190551412748606e-17,1.6172347388122598e-15,1.910034877662708e-14,9.549650823312855e-14,2.54011289174665e-17,,,1.0754913351631104e-15,9.740730473342991e-14
0.0010532078108818534,1.0674157026438826e-15,7.547768816844928e-15,1.0347711444269925e-16,3.9999999999999995e-18,5.323682959362508e-21,6.172748079768924e-17,1.6079471636937198e-15,1.8990657882784715e-14,9.494802352089448e-14,2.54011289174665e-17,,,1.0724270583420211e-15,9.68478823037513e-14
0.0010592918594133846,1.064345934554602e-15,7.526062278518924e-15,1.0347711444269925e-16,3.9999999999999995e-18,5.323682959362508e-21,6.15499594718224e-17,1.598712937712608e-15,1.888159706886047e-14,9.440268903357576e-14,2.54011289174665e-17,,,1.0693716760866152e-15,9.629167293745871e-14
0.0010654110535696945,1.0612849947747588e-15,7.504418165767615e-15,1.0347711444269925e-16,3.9999999999999995e-18,5.323682959362508e-21,6.137294867741947e-17,1.589531754491928e-15,1.877316271638923e-14,9.386048667783832e-14,2.54011289174665e-17,,,1.0663251630471105e-15,9.573865818040685e-14
0.0010715655963759432,1.0582328579151244e-15,7.482836299062047e-15,1.0347711444269925e-16,3.9999999999999995e-18,5.323682959362508e-21,6.119644694624918e-17,1.5804033094145664e-15,1.866535122769097e-14,9.332139846426767e-14,2.54011289174665e-17,,,1.0632874939472387e-15,9.518881968444285e-14
0.0010777556920301074,1.0551894986594845e-15,7.46131649938955e-15,1.0347711444269925e-16,3.9999999999999995e-18,5.323682959362508e-21,6.102045281430257e-17,1.57132729961317e-15,1.855815902575121e-14,9.278540650677117e-14,2.54011289174665e-17,,,1.0602586435840275e-15,9.464213920679672e-14
0.0010839815459097466,1.0521548917644334e-15,7.439858588252288e-15,1.0347711444269925e-16,3.9999999999999995e-18,5.323682959362508e-21,6.084496482178116e-17,1.5623034239601113e-15,1.84515825541025e-14,9.225249302198554e-14,2.54011289174665e-17,,,1.057238586827597e-15,9.4098598609477e-14
0.0010902433645788262,1.0491290120591606e-15,7.418462387665756e-15,1.0347711444269925e-16,3.9999999999999995e-18,5.323682959362508e-21,6.066998151308456e-17,1.5533313830574845e-15,1.8345618276706262e-14,9.172264032868585e-14,2.54011289174665e-17,,,1.0542272986209462e-15,9.3558179858668e-14
0.0010965413557945613,1.0461118344452462e-15,7.397127720157326e-15,1.0347711444269925e-16,3.9999999999999995e-18,5.323682959362508e-21,6.049550143679861e-17,1.5444108792271853e-15,1.8240262677835634e-14,9.119583084719986e-14,2.54011289174665e-17,,,1.05122475397975e-15,9.302086502413241e-14
0.0011028757285143195,1.0431033338964484e-15,7.375854408764743e-15,1.0347711444269925e-16,3.9999999999999995e-18,5.323682959362508e-21,6.032152314568319e-17,1.5355416165010215e-15,1.8135512261958662e-14,9.067204709882381e-14,2.54011289174665e-17,,,1.0482309279921448e-15,9.248663627861548e-14
0.0011092466929025447,1.0401034854585004e-15,7.354642277034693e-15,1.0347711444269925e-16,3.9999999999999995e-18,5.323682959362508e-21,6.014804519666036e-17,1.5267233006109044e-15,1.8031363553622473e-14,9.015127170524341e-14,2.54011289174665e-17,,,1.0452457958185281e-15,9.195547589725448e-14
0.0011156544603377388,1.0371122642488983e-15,7.333491149021306e-15,1.0347711444269925e-16,3.9999999999999995e-18,5.323682959362508e-21,5.99750661508022e-17,1.5179556389790747e-15,1.7927813097337823e-14,8.963348738795639e-14,2.54011289174665e-17,,,1.0422693326913463e-15,9.142736625698966e-14
0.0011220992434194659,1.0341296454567003e-15,7.31240084928473e-15,1.0347711444269925e-16,3.9999999999999995e-18,5.323682959362508e-21,5.980258457331912e-17,1.5092383407084071e-15,1.7824857457464588e-14,8.911867696770005e-14,2.54011289174665e-17,,,1.039301513914893e-15,9.090228983598043e-14
0.0011285812559754147,1.0311556043423158e-15,7.291371202889639e-15,1.0347711444269925e-16,3.9999999999999995e-18,5.323682959362508e-21,5.963059903354768e-17,1.5005711165727465e-15,1.7722493218097645e-14,8.860682336388052e-14,2.54011289174665e-17,,,1.0363423148650998e-15,9.03802292130233e-14
0.0011351007130684853,1.0281901162373041e-15,7.270402035403822e-15,1.0347711444269925e-16,3.9999999999999995e-18,5.323682959362508e-21,5.9459108104939e-17,1.491953679007324e-15,1.7620716982953655e-14,8.809790959400674e-14,2.54011289174665e-17,,,1.0333917109893364e-15,8.986116706697446e-14
0.0011416578310039316,1.025233156544167e-15,7.249493172896698e-15,1.0347711444269925e-16,3.9999999999999995e-18,5.323682959362508e-21,5.928811036504671e-17,1.4833857420992038e-15,1.7519525375258278e-14,8.759191877312637e-14,2.54011289174665e-17,,,1.0304496778062012e-15,8.93450861761745e-14
0.0011482528273365307,1.0222847007361473e-15,7.2286444419379e-15,1.0347711444269925e-16,3.9999999999999995e-18,5.323682959362508e-21,5.911760439551528e-17,1.4748670215778094e-15,1.7418915037634228e-14,8.708883411326618e-14,2.54011289174665e-17,,,1.0275161909053217e-15,8.883196941787766e-14
0.0011548859208778094,1.0193447243570222e-15,7.207855669595825e-15,1.0347711444269925e-16,3.9999999999999995e-18,5.323682959362508e-21,5.894758878206814e-17,1.4663972348054797e-15,1.7318882631989778e-14,8.658863892287447e-14,2.54011289174665e-17,,,1.0245912259471485e-15,8.832179976768308e-14
0.0011615573317032945,1.0164132030209043e-15,7.187126683436204e-15,1.0347711444269925e-16,3.9999999999999995e-18,5.323682959362508e-21,5.877806211449614e-17,1.4579761007681034e-15,1.7219424839408137e-14,8.609131660626785e-14,2.54011289174665e-17,,,1.0216747586627563e-15,8.781456029897058e-14
0.0011682672811598248,1.0134901124120353e-15,7.166457311520665e-15,1.0347711444269925e-16,3.9999999999999995e-18,5.323682959362508e-21,5.860902298664563e-17,1.4496033400657834e-15,1.7120538360037185e-14,8.559685066308e-14,2.54011289174665e-17,,,1.0187667648536379e-15,8.731023418233842e-14
0.0011750159918728843,1.0105754282845882e-15,7.145847382405319e-15,1.0347711444269925e-16,3.9999999999999995e-18,5.323682959362508e-21,5.844046999640697e-17,1.4412786749035796e-15,1.7022219912980136e-14,8.510522468771489e-14,2.54011289174665e-17,,,1.0158672203915067e-15,8.680880468504566e-14
0.0011818036877539995,1.0076691264624622e-15,7.125296725139318e-15,1.0347711444269925e-16,3.9999999999999995e-18,5.323682959362508e-21,5.827240174570276e-17,1.4330018290822787e-15,1.6924466236186554e-14,8.461642236880182e-14,2.54011289174665e-17,,,1.0129761012180934e-15,8.631025517045618e-14
0.001188630594008158,1.0047711828390867e-15,7.104805169263466e-15,1.0347711444269925e-16,3.9999999999999995e-18,5.323682959362508e-21,5.810481684047641e-17,1.4247725279892437e-15,1.682727408634423e-14,8.413042748865478e-14,2.54011289174665e-17,,,1.0100933833449483e-15,8.581456909748753e-14
0.0011954969371412902,1.0018815733772162e-15,7.084372544808772e-15,1.0347711444269925e-16,3.9999999999999995e-18,5.323682959362508e-21,5.793771389068035e-17,1.4165904985892892e-15,1.6730640238771475e-14,8.364722392273387e-14,2.54011289174665e-17,,,1.0072190428532383e-15,8.53217300200613e-14
0.0012024029449677746,9.990002741087365e-16,7.063998682295073e-15,1.0347711444269925e-16,3.9999999999999995e-18,5.323682959362508e-21,5.777109151026477e-17,1.4084554694156363e-15,1.6634561487310248e-14,8.316679563911089e-14,2.54011289174665e-17,,,1.0043530558935529e-15,8.48317215865583e-14
0.0012093488466180064,9.9612726113446e-16,7.0436834127295955e-15,1.0347711444269925e-16,3.9999999999999995e-18,5.323682959362508e-21,5.760494831716587e-17,1.4003671705608924e-15,1.6539034644219638e-14,8.268912669793674e-14,2.54011289174665e-17,,,1.0014953986856994e-15,8.434452753927521e-14
0.0012163348725459898,9.932625106239336e-16,7.023426567605587e-15,1.0347711444269925e-16,3.9999999999999995e-18,5.323682959362508e-21,5.743928293329463e-17,1.3923253336681083e-15,1.6444056540070246e-14,8.221420125091331e-14,2.54011289174665e-17,,,9.986460475185125e-16,8.386013171388597e-14
0.0012233612545369938,9.904059988152348e-16,7.003227978900884e-15,1.0347711444269925e-16,3.9999999999999995e-18,5.323682959362508e-21,5.727409398452511e-17,1.384329691921863e-15,1.6349624023638892e-14,8.174200354076691e-14,2.54011289174665e-17,,,9.958049787496498e-16,8.337851803890472e-14
0.0012304282257152325,9.875577020147806e-16,6.9830874790765524e-15,1.0347711444269925e-16,3.9999999999999995e-18,5.323682959362508e-21,5.710938010068335e-17,1.3763799800394232e-15,1.62557339618042e-14,8.127251790072619e-14,2.54011289174665e-17,,,9.929721688054008e-16,8.289967053515328e-14
0.0012375360205516101,9.847175965971258e-16,6.963004901075467e-15,1.0347711444269925e-16,3.9999999999999995e-18,5.323682959362508e-21,5.694513991553572e-17,1.3684759342619284e-15,1.616238323944249e-14,8.080572875400163e-14,2.54011289174665e-17,,,9.901475941804875e-16,8.242357331523034e-14
0.00124468487487149,9.81885659004771e-16,6.942980078320956e-15,1.0347711444269925e-16,3.9999999999999995e-18,5.323682959362508e-21,5.678137206677789e-17,1.3606172923456541e-15,1.6069568759324596e-14,8.034162061326944e-14,2.54011289174665e-17,,,9.8733123143787e-16,8.195021058298494e-14
0.0012518750258625293,9.790618657479638e-16,6.9230128447153844e-15,1.0347711444269925e-16,3.9999999999999995e-18,5.323682959362508e-21,5.661807519602316e-17,1.352803793553296e-15,1.5977287442012922e-14,7.9880178080157e-14,2.54011289174665e-17,,,9.845230572085507e-16,8.147956663299176e-14
0.0012591067120825375,9.762461934045082e-16,6.903103034638816e-15,1.0347711444269925e-16,3.9999999999999995e-18,5.323682959362508e-21,5.64552479487916e-17,1.3450351786453355e-15,1.5885536225759475e-14,7.942138584473273e-14,2.54011289174665e-17,,,9.817230481913827e-16,8.101162585003076e-14
0.0012663801734674035,9.73438618619565e-16,6.883250482947598e-15,1.0347711444269925e-16,3.9999999999999995e-18,5.323682959362508e-21,5.629288897449845e-17,1.3373111898714196e-15,1.5794312066404047e-14,7.896522868499725e-14,2.54011289174665e-17,,,9.789311811528706e-16,8.054637270856824e-14
0.0012736956513390435,9.706391181054633e-16,6.8634550249730334e-15,1.0347711444269925e-16,3.9999999999999995e-18,5.323682959362508e-21,5.613099692644321e-17,1.32963157096183e-15,1.570361193727346e-14,7.85116914663793e-14,2.54011289174665e-17,,,9.76147432926983e-16,8.008379177224263e-14
0.00128105338841342,9.67847668641503e-16,6.843716496519974e-15,1.0347711444269925e-16,3.9999999999999995e-18,5.323682959362508e-21,5.596957046179824e-17,1.3219960671189606e-15,1.561343282908092e-14,7.80607591412327e-14,2.54011289174665e-17,,,9.733717804149554e-16,7.962386769335153e-14
0.0012884536288085837,9.650642470737656e-16,6.824034733865494e-15,1.0347711444269925e-16,3.9999999999999995e-18,5.323682959362508e-21,5.580860824159779e-17,1.3144044250088796e-15,1.5523771749826363e-14,7.761241674833786e-14,2.54011289174665e-17,,,9.706042005851002e-16,7.916658521234316e-14
0.001295896618052783,9.622888303149197e-16,6.804409573757507e-15,1.0347711444269925e-16,3.9999999999999995e-18,5.323682959362508e-21,5.564810893072677e-17,1.3068563927529131e-15,1.5434625724697023e-14,7.716664941240468e-14,2.54011289174665e-17,,,9.678446704726144e-16,7.871192915730945e-14
0.0013033826030926002,9.595213953440313e-16,6.784840853413428e-15,1.0347711444269925e-16,3.9999999999999995e-18,5.323682959362508e-21,5.54880711979098e-17,1.2993517199192962e-15,1.5345991795968884e-14,7.672344234357975e-14,2.54011289174665e-17,,,9.65093167179389e-16,7.825988444348335e-14
0.0013109118323011556,9.56761919206371e-16,6.765328410518807e-15,1.0347711444269925e-16,3.9999999999999995e-18,5.323682959362508e-21,5.532849371570001e-17,1.2918901575148568e-15,1.52578670229084e-14,7.628278083695487e-14,2.54011289174665e-17,,,9.62349667873817e-16,7.781043607273758e-14
0.0013184845554863366,9.540103790132261e-16,6.745872083226006e-15,1.0347711444269925e-16,3.9999999999999995e-18,5.323682959362508e-21,5.5169375160468224e-17,1.2844714579767632e-15,1.5170248481675073e-14,7.584465027207996e-14,2.54011289174665e-17,,,9.596141497906056e-16,7.736356913308778e-14
0.0013261010238990976,9.512667519417075e-16,6.726471710152827e-15,1.0347711444269925e-16,3.9999999999999995e-18,5.323682959362508e-21,5.5010714212391744e-17,1.2770953751642983e-15,1.5083133265224286e-14,7.540903611247718e-14,2.54011289174665e-17,,,9.56886590230584e-16,7.691926879819704e-14
0.0013337614902417844,9.48531015234564e-16,6.7071271303812055e-15,1.0347711444269925e-16,3.9999999999999995e-18,5.323682959362508e-21,5.4852509555443697e-17,1.2697616643507086e-15,1.4996518483211028e-14,7.497592390515938e-14,2.54011289174665e-17,,,9.541669665605176e-16,7.647752032688463e-14
0.0013414662086765304,9.458031461999897e-16,6.687838183455843e-15,1.0347711444269925e-16,3.9999999999999995e-18,5.323682959362508e-21,5.469475987738179e-17,1.262470082215067e-15,1.4910401261893818e-14,7.454529928014992e-14,2.54011289174665e-17,,,9.514552562129164e-16,7.603830906263634e-14
0.0013492154348336775,9.4308312221144e-16,6.6686047093829075e-15,1.0347711444269925e-16,3.9999999999999995e-18,5.323682959362508e-21,5.4537463869737735e-17,1.2552203868342166e-15,1.482477874403952e-14,7.411714795000648e-14,2.54011289174665e-17,,,9.487514366858504e-16,7.560162043311874e-14
0.0013570094258202685,9.403709207074396e-16,6.649426548628678e-15,1.0347711444269925e-16,3.9999999999999995e-18,5.323682959362508e-21,5.438062022780614e-17,1.2480123376747302e-15,1.4739648088828407e-14,7.369145570934646e-14,2.54011289174665e-17,,,9.460554855427588e-16,7.516743994969513e-14
0.0013648484402285675,9.376665191913994e-16,6.630303542118245e-15,1.0347711444269925e-16,3.9999999999999995e-18,5.323682959362508e-21,5.4224227650633883e-17,1.240845695584941e-15,1.4655006471760023e-14,7.326820843437626e-14,2.54011289174665e-17,,,9.433673804122667e-16,7.473575320694542e-14
0.0013727327381446491,9.349698952314263e-16,6.6112355312341734e-15,1.0347711444269925e-16,3.9999999999999995e-18,5.323682959362508e-21,5.4068284841009155e-17,1.2337202227869969e-15,1.4570851084559366e-14,7.284739208242201e-14,2.54011289174665e-17,,,9.406870989879958e-16,7.430654588218757e-14
0.001380662581157018,9.322810264601402e-16,6.5922223578152024e-15,1.0347711444269925e-16,3.9999999999999995e-18,5.323682959362508e-21,5.39127905054509e-17,1.2266356828689833e-15,1.4487179135083822e-14,7.242899269146437e-14,2.54011289174665e-17,,,9.380146190283817e-16,7.387980373500301e-14
0.0013886382323652982,9.295998905744856e-16,6.573263864154913e-15,1.0347711444269925e-16,3.9999999999999995e-18,5.323682959362508e-21,5.3757743354197826e-17,1.2195918407770679e-15,1.4403987847230408e-14,7.201299637967463e-14,2.54011289174665e-17,,,9.35349918356485e-16,7.345551260676357e-14
0.0013966599563889515,9.2692646533555e-16,6.554359893000446e-15,1.0347711444269925e-16,3.9999999999999995e-18,5.323682959362508e-21,5.360314210119797e-17,1.2125884628077123e-15,1.432127446084379e-14,7.159938934495471e-14,2.54011289174665e-17,,,9.32692974859811e-16,7.303365842016227e-14
0.0014047280193760683,9.242607285683754e-16,6.535510287551172e-15,1.0347711444269925e-16,3.9999999999999995e-18,5.323682959362508e-21,5.344898546409783e-17,1.2056253165999074e-15,1.4239036231624576e-14,7.118815786447868e-14,2.54011289174665e-17,,,9.300437664901215e-16,7.261422717874573e-14
0.0014128426890121868,9.216026581617785e-16,6.516714891457413e-15,1.0347711444269925e-16,3.9999999999999995e-18,5.323682959362508e-21,5.329527216423188e-17,1.1987021711274766e-15,1.4157270431038402e-14,7.077928829423799e-14,2.54011289174665e-17,,,9.274022712632547e-16,7.219720496645028e-14
0.0014210042345291854,9.189522320681634e-16,6.497973548819123e-15,1.0347711444269925e-16,3.9999999999999995e-18,5.323682959362508e-21,5.3142000926611824e-17,1.1918187966913968e-15,1.4075974346225257e-14,7.037276706858831e-14,2.54011289174665e-17,,,9.247684672589388e-16,7.178257794713981e-14
0.0014292129267142058,9.163094283033422e-16,6.479286104184619e-15,1.0347711444269925e-16,3.9999999999999995e-18,5.323682959362508e-21,5.298917047991613e-17,1.1849749649121888e-15,1.3995145279909606e-14,6.996858069979983e-14,2.54011289174665e-17,,,9.221423326206129e-16,7.137033236414711e-14
0.0014374690379186418,9.136742249463507e-16,6.460652402549276e-15,1.0347711444269925e-16,3.9999999999999995e-18,5.323682959362508e-21,5.2836779556479466e-17,1.1781704487223357e-15,1.3914780550310827e-14,6.956671577760956e-14,2.54011289174665e-17,,,9.195238455552428e-16,7.096045453981717e-14
0.001445772842067177,9.110466001392662e-16,6.442072289354242e-15,1.0347711444269925e-16,3.9999999999999995e-18,5.323682959362508e-21,5.26848268922821e-17,1.171405022358747e-15,1.3834877491054235e-14,6.916715896877635e-14,2.54011289174665e-17,,,9.16912984333139e-16,7.055293087505343e-14
0.0014541246146668723,9.08426532087027e-16,6.4235456104851566e-15,1.0347711444269925e-16,3.9999999999999995e-18,5.323682959362508e-21,5.2533311226939496e-17,1.1646784613552695e-15,1.3755433451082623e-14,6.876989701663853e-14,2.54011289174665e-17,,,9.143097272877774e-16,7.014774784886652e-14
0.0014625246328163022,9.058139990572525e-16,6.405072212270882e-15,1.0347711444269925e-16,3.9999999999999995e-18,5.323682959362508e-21,5.2382231303691875e-17,1.1579905425352434e-15,1.367644579456834e-14,6.837491674067437e-14,2.54011289174665e-17,,,9.117140528156182e-16,6.974489201792598e-14
0.0014709731752147524,9.032089793800617e-16,6.3866519414822225e-15,1.0347711444269925e-16,3.9999999999999995e-18,5.323682959362508e-21,5.223158586939379e-17,1.1513410440040942e-15,1.3597911900825809e-14,6.798220503606442e-14,2.54011289174665e-17,,,9.091259393759262e-16,6.934435001611391e-14
0.0014794705221714691,9.006114514478932e-16,6.368284645330645e-15,1.0347711444269925e-16,3.9999999999999995e-18,5.323682959362508e-21,5.2081373674503595e-17,1.1447297451419695e-15,1.3519829164224537e-14,6.759174887325677e-14,2.54011289174665e-17,,,9.065453654905906e-16,6.894610855408152e-14
0.0014880169556149563,8.980213937153267e-16,6.3499701714670195e-15,1.0347711444269925e-16,3.9999999999999995e-18,5.323682959362508e-21,5.193159347307325e-17,1.1381564265964204e-15,1.3442194994102723e-14,6.72035352975348e-14,2.54011289174665e-17,,,9.039723097439464e-16,6.855015441880822e-14
0.001496612759102327,8.95438784698904e-16,6.33170836798036e-15,1.0347711444269925e-16,3.9999999999999995e-18,5.323682959362508e-21,5.178224402273792e-17,1.1316208702751266e-15,1.3365006814681297e-14,6.681755142858753e-14,2.54011289174665e-17,,,9.014067507825963e-16,6.815647447316352e-14
0.001505258217828714,8.928636029769522e-16,6.313499083396561e-15,1.0347711444269925e-16,3.9999999999999995e-18,5.323682959362508e-21,5.1633324084705695e-17,1.125122859338658e-15,1.3288262064978457e-14,6.643378446008202e-14,2.54011289174665e-17,,,8.988486673152338e-16,6.776505565547081e-14
0.0015139536186367366,8.902958271894024e-16,6.295342166677131e-15,1.0347711444269925e-16,3.9999999999999995e-18,5.323682959362508e-21,5.1484832423747225e-17,1.1186621781932765e-15,1.3211958198724636e-14,6.605222165923852e-14,2.54011289174665e-17,,,8.962980381124627e-16,6.737588497907406e-14
0.001522699250026007,8.877354360376175e-16,6.27723746721796e-15,1.0347711444269925e-16,3.9999999999999995e-18,5.323682959362508e-21,5.1336767808185623e-17,1.1122386124837926e-15,1.3136092684278148e-14,6.567285036640824e-14,2.54011289174665e-17,,,8.937548420066244e-16,6.69889495319072e-14
0.0015314954021627151,8.851824082842104e-16,6.259184834848043e-15,1.0347711444269925e-16,3.9999999999999995e-18,5.323682959362508e-21,5.1189129009886086e-17,1.1058519490864413e-15,1.3060663004541042e-14,6.529565799465287e-14,2.54011289174665e-17,,,8.912190578916173e-16,6.660423647606522e-14
0.0015403423668892426,8.826367227528723e-16,6.2411841198282676e-15,1.0347711444269925e-16,3.9999999999999995e-18,5.323682959362508e-21,5.1041914804245855e-17,1.0995019761018224e-15,1.2985666656875733e-14,6.492063202932757e-14,2.54011289174665e-17,,,8.886906647227246e-16,6.622173304737885e-14
0.0015492404377338584,8.8009835832819375e-16,6.2232351728501385e-15,1.0347711444269925e-16,3.9999999999999995e-18,5.323682959362508e-21,5.0895123970183936e-17,1.0931884828478606e-15,1.2911101153021841e-14,6.454776002766515e-14,2.54011289174665e-17,,,8.861696415164363e-16,6.58414265549905e-14
0.0015581899099204456,8.775672939554921e-16,6.205337845034568e-15,1.0347711444269925e-16,3.9999999999999995e-18,5.323682959362508e-21,5.07487552901311e-17,1.0869112598528235e-15,1.2836964019013747e-14,6.417702961836376e-14,2.54011289174665e-17,,,8.836559673502764e-16,6.546330438093363e-14
0.0015671910803783083,8.750435086406342e-16,6.187491987930617e-15,1.0347711444269925e-16,3.9999999999999995e-18,5.323682959362508e-21,5.0602807550019616e-17,1.0806700988483647e-15,1.2763252795098412e-14,6.380842850117597e-14,2.54011289174665e-17,,,8.81149621362626e-16,6.508735397971373e-14
0.001576244247752011,8.725269814498651e-16,6.169697453514285e-15,1.0347711444269925e-16,3.9999999999999995e-18,5.323682959362508e-21,5.045727953927338e-17,1.0744647927626195e-15,1.2689965035653854e-14,6.34419444465011e-14,2.54011289174665e-17,,,8.786505827525528e-16,6.471356287789248e-14
0.0015853497124112999,8.700176915096316e-16,6.151954094187263e-15,1.0347711444269925e-16,3.9999999999999995e-18,5.323682959362508e-21,5.031217005079767e-17,1.068295135713329e-15,1.2617098309107914e-14,6.307756529497903e-14,2.54011289174665e-17,,,8.761588307796343e-16,6.43419186736735e-14
0.001594507776461056,8.675156180064119e-16,6.134261762775724e-15,1.0347711444269925e-16,3.9999999999999995e-18,5.323682959362508e-21,5.0167477880969313e-17,1.0621609230010151e-15,1.2544650197857681e-14,6.271527895708722e-14,2.54011289174665e-17,,,8.73674344763788e-16,6.397240903649122e-14
0.001603718743751331,8.650207401865399e-16,6.116620312529091e-15,1.0347711444269925e-16,3.9999999999999995e-18,5.323682959362508e-21,5.002320182962654e-17,1.0560619511021827e-15,1.2472618298189174e-14,6.235507341273912e-14,2.54011289174665e-17,,,8.711971040850956e-16,6.360502170660143e-14
0.0016129829198874154,8.625330373560369e-16,6.099029597118834e-15,1.0347711444269925e-16,3.9999999999999995e-18,5.323682959362508e-21,4.987934070005924e-17,1.0499980176625748e-15,1.2401000220197707e-14,6.199693671088589e-14,2.54011289174665e-17,,,8.687270881836355e-16,6.323974449467503e-14
0.001622300612239992,8.600524888804354e-16,6.0814894706372366e-15,1.0347711444269925e-16,3.9999999999999995e-18,5.323682959362508e-21,4.9735893298998743e-17,1.0439689214904488e-15,1.2329793587708472e-14,6.16408569691193e-14,2.54011289174665e-17,,,8.662642765593067e-16,6.287656528139288e-14
0.0016316721299553198,8.575790741846125e-16,6.0639997875962075e-15,1.0347711444269925e-16,3.9999999999999995e-18,5.323682959362508e-21,4.9592858436608235e-17,1.0379744625499122e-15,1.225899603819781e-14,6.128682237327809e-14,2.54011289174665e-17,,,8.63808648771662e-16,6.251547201704451e-14
0.001641097783965505,8.55112772752615e-16,6.0465604029260524e-15,1.0347711444269925e-16,3.9999999999999995e-18,5.323682959362508e-21,4.945023492647262e-17,1.032014441954275e-15,1.2188605222714737e-14,6.093482117705543e-14,2.54011289174665e-17,,,8.613601844397341e-16,6.215645272112756e-14
0.001650577886998803,8.526535641274931e-16,6.0291711719742916e-15,1.0347711444269925e-16,3.9999999999999995e-18,5.323682959362508e-21,4.9308021585588916e-17,1.0260886619594614e-15,1.2118618805803098e-14,6.058484170160976e-14,2.54011289174665e-17,,,8.58918863241869e-16,6.1799495481951e-14
0.0016601127535900092,8.502014279111275e-16,6.011831950504439e-15,1.0347711444269925e-16,3.9999999999999995e-18,5.323682959362508e-21,4.9166217234356196e-17,1.0201969259574386e-15,1.204903446542398e-14,6.023687233517669e-14,2.54011289174665e-17,,,8.564846649155533e-16,6.144458845623928e-14
0.0016697027000908795,8.477563437640628e-16,5.994542594694828e-15,1.0347711444269925e-16,3.9999999999999995e-18,5.323682959362508e-21,4.902482069656606e-17,1.0143390384697033e-15,1.1979849892878774e-14,5.989090153268433e-14,2.54011289174665e-17,,,8.540575692572482e-16,6.109171986873991e-14
0.0016793480446806405,8.453182914053363e-16,5.977302961137394e-15,1.0347711444269925e-16,3.9999999999999995e-18,5.323682959362508e-21,4.888383079939265e-17,1.0085148051407874e-15,1.1911062792732478e-14,5.954691781536976e-14,2.54011289174665e-17,,,8.516375561222183e-16,6.074087801183233e-14
0.0016890491073765336,8.428872506123125e-16,5.9601129068365116e-15,1.0347711444269925e-16,3.9999999999999995e-18,5.323682959362508e-21,4.8743246373383095e-17,1.0027240327318177e-15,1.1842670882737632e-14,5.920490977039862e-14,2.54011289174665e-17,,,8.492246054243664e-16,6.039205124513991e-14
0.0016988062100444447,8.404632012205125e-16,5.9429722892077825e-15,1.0347711444269925e-16,3.9999999999999995e-18,5.323682959362508e-21,4.8603066252447675e-17,9.969665291140967e-16,1.1774671893758499e-14,5.8864866050486e-14,2.54011289174665e-17,,,8.46818697136063e-16,6.004522799514335e-14
0.0017086196764095707,8.380461231234498e-16,5.925880966076877e-15,1.0347711444269925e-16,3.9999999999999995e-18,5.323682959362508e-21,4.84632892738503e-17,9.912421032627353e-16,1.1707063569695878e-14,5.852677537352036e-14,2.54011289174665e-17,,,8.444198112879824e-16,5.970039675479696e-14
0.0017184898320671733,8.3563599627246e-16,5.90883879567833e-15,1.0347711444269925e-16,3.9999999999999995e-18,5.323682959362508e-21,4.8323914278198675e-17,9.855505652503078e-16,1.1639843667412162e-14,5.819062652218889e-14,2.54011289174665e-17,,,8.420279279689327e-16,5.93575460831467e-14
0.0017284170044933685,8.332328006765383e-16,5.891845636654391e-15,1.0347711444269925e-16,3.9999999999999995e-18,5.323682959362508e-21,4.818494010943488e-17,9.79891726240558e-16,1.1573009956656983e-14,5.785640834360564e-14,2.54011289174665e-17,,,8.396430273256935e-16,5.901666460495074e-14
0.0017384015230560046,8.3083651640217e-16,5.874901348053827e-15,1.0347711444269925e-16,3.9999999999999995e-18,5.323682959362508e-21,4.804636561482562e-17,9.742653984821261e-16,1.1506560219993155e-14,5.752410974894111e-14,2.54011289174665e-17,,,8.372650895628461e-16,5.867774101030185e-14
0.0017484437190255775,8.284471235731689e-16,5.858005789330775e-15,1.0347711444269925e-16,3.9999999999999995e-18,5.323682959362508e-21,4.790818964495279e-17,9.686713953023266e-16,1.1440492252723171e-14,5.719371971305479e-14,2.54011289174665e-17,,,8.34894094942613e-16,5.834076405425242e-14
0.001758543925586235,8.260646023705085e-16,5.841158820343555e-15,1.0347711444269925e-16,3.9999999999999995e-18,5.323682959362508e-21,4.777041105370381e-17,9.631095311009482e-16,1.1374803862815973e-14,5.686522727412886e-14,2.54011289174665e-17,,,8.325300237846884e-16,5.800572255644104e-14
0.0017687024778468166,8.236889330321614e-16,5.824360301353534e-15,1.0347711444269925e-16,3.9999999999999995e-18,5.323682959362508e-21,4.76330286982623e-17,9.575796213441024e-16,1.1309492870834314e-14,5.6538621533305036e-14,2.54011289174665e-17,,,8.301728564660784e-16,5.767260540072197e-14
0.0017789197128519874,8.213200958529319e-16,5.807610093023933e-15,1.0347711444269925e-16,3.9999999999999995e-18,5.323682959362508e-21,4.749604143909835e-17,9.52081482558094e-16,1.1244557109862356e-14,5.6213891654322433e-14,2.54011289174665e-17,,,8.278225734209334e-16,5.734140153479581e-14
0.0017891959695934057,8.189580711842959e-16,5.790908056418709e-15,1.0347711444269925e-16,3.9999999999999995e-18,5.323682959362508e-21,4.735944813995936e-17,9.466149323233416e-16,1.1179994425433867e-14,5.5891026863158527e-14,2.54011289174665e-17,,,8.254791551403887e-16,5.701209996984339e-14
0.0017995315890209846,8.166028394342347e-16,5.774254053001368e-15,1.0347711444269925e-16,3.9999999999999995e-18,5.323682959362508e-21,4.722324766786033e-17,9.411797892683158e-16,1.111580267546064e-14,5.557001644767119e-14,2.54011289174665e-17,,,8.231425821723973e-16,5.668468978016053e-14
0.0018099269140541897,8.142543810670754e-16,5.757647944633842e-15,1.0347711444269925e-16,3.9999999999999995e-18,5.323682959362508e-21,4.708743889307471e-17,9.357758730635318e-16,1.1051979730161528e-14,5.525084975724383e-14,2.54011289174665e-17,,,8.208128351215722e-16,5.635916010279625e-14
0.001820382289593431,8.119126766033262e-16,5.741089593575323e-15,1.0347711444269925e-16,3.9999999999999995e-18,5.323682959362508e-21,4.695202068912483e-17,9.304030044155572e-16,1.0988523471991676e-14,5.4933516202431456e-14,2.54011289174665e-17,,,8.184898946490205e-16,5.603550013719164e-14
0.0018308980625314926,8.095777066195177e-16,5.7245788624811425e-15,1.0347711444269925e-16,3.9999999999999995e-18,5.323682959362508e-21,4.681699193277271e-17,9.2506100506107e-16,1.0925431795572358e-14,5.4618005254609815e-14,2.54011289174665e-17,,,8.161737414721852e-16,5.571369914482213e-14
0.001841474581765055,8.072494517480384e-16,5.7081156144016066e-15,1.0347711444269925e-16,3.9999999999999995e-18,5.323682959362508e-21,4.6682351504010614e-17,9.197496977609389e-16,1.0862702607621046e-14,5.430430644562572e-14,2.54011289174665e-17,,,8.138643563646807e-16,5.539374644884075e-14
0.0018521121982062576,8.049278926769778e-16,5.691699712780886e-15,1.0347711444269925e-16,3.9999999999999995e-18,5.323682959362508e-21,4.654809828605191e-17,9.144689062943492e-16,1.080033382688203e-14,5.399240936745002e-14,2.54011289174665e-17,,,8.115617201561369e-16,5.507563143372422e-14
0.0018628112647943555,8.026130101499624e-16,5.6753310214558575e-15,1.0347711444269925e-16,3.9999999999999995e-18,5.323682959362508e-21,4.6414231165321613e-17,9.092184554529473e-16,1.0738323384057283e-14,5.368230367183197e-14,2.54011289174665e-17,,,8.09265813732034e-16,5.475934354492045e-14
0.001873572136507415,8.003047849659998e-16,5.659009404655002e-15,1.0347711444269925e-16,3.9999999999999995e-18,5.323682959362508e-21,4.6280749031447345e-17,9.039981710350362e-16,1.067666922173789e-14,5.337397906995626e-14,2.54011289174665e-17,,,8.069766180335479e-16,5.444487228849868e-14
0.001884395170374106,7.980031979793154e-16,5.642734726997249e-15,1.0347711444269925e-16,3.9999999999999995e-18,5.323682959362508e-21,4.6147650777249975e-17,8.988078798397895e-16,1.0615369294335713e-14,5.306742533210121e-14,2.54011289174665e-17,,,8.046941140573864e-16,5.4132207230800915e-14
0.0018952807254855324,7.957082300991979e-16,5.626506853490885e-15,1.0347711444269925e-16,3.9999999999999995e-18,5.323682959362508e-21,4.601493529873454e-17,8.936474096615096e-16,1.0554421568015586e-14,5.2762632287299835e-14,2.54011289174665e-17,,,8.024182828556348e-16,5.3821337998096185e-14
0.0019062291630071615,7.934198622898366e-16,5.610325649532402e-15,1.0347711444269925e-16,3.9999999999999995e-18,5.323682959362508e-21,4.588260149508099e-17,8.885165892839089e-16,1.049382402062777e-14,5.2459589823001943e-14,2.54011289174665e-17,,,8.001491055355937e-16,5.351225427623597e-14
0.0019172408461907917,7.911380755701678e-16,5.59419098090541e-15,1.0347711444269925e-16,3.9999999999999995e-18,5.323682959362508e-21,4.5750648268635175e-17,8.834152484744353e-16,1.043357464164093e-14,5.215828788473905e-14,2.54011289174665e-17,,,7.978865632596253e-16,5.320494581031233e-14
0.00192831614038662,7.888628510137131e-16,5.5781027137794965e-15,1.0347711444269925e-16,3.9999999999999995e-18,5.323682959362508e-21,4.5619074524899604e-17,8.783432179786178e-16,1.037367143207535e-14,5.1858716475790313e-14,2.54011289174665e-17,,,7.956306372449915e-16,5.2899402404317317e-14
0.001939455413055348,7.865941697484266e-16,5.562060714709147e-15,1.0347711444269925e-16,3.9999999999999995e-18,5.323682959362508e-21,4.548787917252454e-17,8.73300329514457e-16,1.0314112404436704e-14,5.1560865656851374e-14,2.54011289174665e-17,,,7.933813087637017e-16,5.259561392080509e-14
0.00195065903378039,7.843320129565343e-16,5.546064850632604e-15,1.0347711444269925e-16,3.9999999999999995e-18,5.323682959362508e-21,4.53570611232987e-17,8.682864157668351e-16,1.0254895582650006e-14,5.126472554570408e-14,2.54011289174665e-17,,,7.911385591423518e-16,5.229357028055513e-14
0.0019619273742801178,7.820763618743818e-16,5.530114988870796e-15,1.0347711444269925e-16,3.9999999999999995e-18,5.323682959362508e-21,4.5226619292140524e-17,8.633013103819727e-16,1.019601900199416e-14,5.097028631688908e-14,2.54011289174665e-17,,,7.889023697619728e-16,5.199326146223827e-14
0.0019732608084202115,7.798271977922752e-16,5.514210997126209e-15,1.0347711444269925e-16,3.9999999999999995e-18,5.323682959362508e-21,4.509655259708892e-17,8.583448479619006e-16,1.013748070903667e-14,5.0677538201379364e-14,2.54011289174665e-17,,,7.866727220578706e-16,5.169467750208374e-14
0.0019846597122260474,7.775845020543294e-16,5.498352743481812e-15,1.0347711444269925e-16,3.9999999999999995e-18,5.323682959362508e-21,4.4966859959294455e-17,8.534168640589798e-16,1.0079278761568907e-14,5.038647148625662e-14,2.54011289174665e-17,,,7.844495975194753e-16,5.1397808493549094e-14
0.0019961244638951885,7.753482560583096e-16,5.482540096399944e-15,1.0347711444269925e-16,3.9999999999999995e-18,5.323682959362508e-21,4.4837540303010303e-17,8.485171951704393e-16,1.002141122854161e-14,5.009707651438851e-14,2.54011289174665e-17,,,7.822329776901825e-16,5.110264458699101e-14
0.0020076554438099204,7.731184412554804e-16,5.466772924721237e-15,1.0347711444269925e-16,3.9999999999999995e-18,5.323682959362508e-21,4.470859255558339e-17,8.436456787329565e-16,9.963876190000867e-15,4.980934368410865e-14,2.54011289174665e-17,,,7.800228441672021e-16,5.080917598933892e-14
0.002019253034549876,7.708950391504504e-16,5.451051097663526e-15,1.0347711444269925e-16,3.9999999999999995e-18,5.323682959362508e-21,4.45800156474455e-17,8.38802153117261e-16,9.90667173702439e-15,4.952326344889788e-14,2.54011289174665e-17,,,7.778191786014034e-16,5.051739296376992e-14
0.002030917620904735,7.686780313010181e-16,5.435374484820751e-15,1.0347711444269925e-16,3.9999999999999995e-18,5.323682959362508e-21,4.445180851210432e-17,8.3398645762277e-16,9.849795971658155e-15,4.923882631706741e-14,2.54011289174665e-17,,,7.756219626971611e-16,5.0227285829385587e-14
0.002042649589886984,7.664673993180196e-16,5.4197429561618906e-15,1.0347711444269925e-16,3.9999999999999995e-18,5.323682959362508e-21,4.432397008613466e-17,8.291984324722599e-16,9.793247006853471e-15,4.895602285144405e-14,2.54011289174665e-17,,,7.734311782122026e-16,4.9938844960890964e-14
0.0020544493307447557,7.642631248651772e-16,5.4041563820298784e-15,1.0347711444269925e-16,3.9999999999999995e-18,5.323682959362508e-21,4.4196499309169654e-17,8.244379188065643e-16,9.737022966404362e-15,4.867484366905712e-14,2.54011289174665e-17,,,7.71246806957457e-16,4.965206078827518e-14
0.0020663172349747456,7.620651896589459e-16,5.388614633140531e-15,1.0347711444269925e-16,3.9999999999999995e-18,5.323682959362508e-21,4.406939512389192e-17,8.197047586793031e-16,9.68112198488531e-15,4.83952794408271e-14,2.54011289174665e-17,,,7.690688307969012e-16,4.936692379649396e-14
0.002078253696335205,7.598735754683618e-16,5.373117580581464e-15,1.0347711444269925e-16,3.9999999999999995e-18,5.323682959362508e-21,4.394265647602479e-17,8.149987950516408e-16,9.625542207589352e-15,4.8117320891256014e-14,2.54011289174665e-17,,,7.66897231647409e-16,4.908342452515378e-14
0.0020902591108590044,7.57688264114891e-16,5.357665095811032e-15,1.0347711444269925e-16,3.9999999999999995e-18,5.323682959362508e-21,4.3816282314323566e-17,8.103198717870764e-16,9.570281790466548e-15,4.784095879811973e-14,2.54011289174665e-17,,,7.647319914785992e-16,4.8801553568198047e-14
0.0021023338768667646,7.555092374722796e-16,5.342257050657265e-15,1.0347711444269925e-16,3.9999999999999995e-18,5.323682959362508e-21,4.3690271590566847e-17,8.056678336462655e-16,9.515338900062822e-15,4.756618399216211e-14,2.54011289174665e-17,,,7.625730923126864e-16,4.8521301573595176e-14
0.00211447839498008,7.533364774664031e-16,5.3268933173168035e-15,1.0347711444269925e-16,3.9999999999999995e-18,5.323682959362508e-21,4.35646232595478e-17,8.010425262818682e-16,9.460711713459118e-15,4.72929873567907e-14,2.54011289174665e-17,,,7.604205162243296e-16,4.8242659243028184e-14
0.0021266930681348123,7.511699660751152e-16,5.3115737683538285e-15,1.0347711444269925e-16,3.9999999999999995e-18,5.323682959362508e-21,4.343933627906545e-17,7.964437962334267e-16,9.4063984182109e-15,4.7021359827774145e-14,2.54011289174665e-17,,,7.582742453404818e-16,4.7965617331586104e-14
0.0021389783015944575,7.490096853280995e-16,5.296298276699012e-15,1.0347711444269925e-16,3.9999999999999995e-18,5.323682959362508e-21,4.331440960991609e-17,7.918714909222739e-16,9.352397212288014e-15,4.6751292392941554e-14,2.54011289174665e-17,,,7.56134261840241e-16,4.7690166647457315e-14
0.002151334502963586,7.468556173067207e-16,5.281066715648472e-15,1.0347711444269925e-16,3.9999999999999995e-18,5.323682959362508e-21,4.3189842215884654e-17,7.873254586464738e-16,9.298706304014948e-15,4.648277609188357e-14,2.54011289174665e-17,,,7.540005479547016e-16,4.7416298051624704e-14
0.0021637620822013708,7.447077441438756e-16,5.265878958862709e-15,1.0347711444269925e-16,3.9999999999999995e-18,5.323682959362508e-21,4.3065633063736156e-17,7.82805548575787e-16,9.245323912011352e-15,4.621580201565501e-14,2.54011289174665e-17,,,7.518730859668057e-16,4.714400245756233e-14
0.0021762614516351937,7.425660480238441e-16,5.250734880365557e-15,1.0347711444269925e-16,3.9999999999999995e-18,5.323682959362508e-21,4.294178112320701e-17,7.783116107466634e-16,9.192248265132918e-15,4.595036130647917e-14,2.54011289174665e-17,,,7.497518582111934e-16,4.687327083093387e-14
0.002188833025974322,7.404305111821422e-16,5.235634354543145e-15,1.0347711444269925e-16,3.9999999999999995e-18,5.323682959362508e-21,4.2818285366996557e-17,7.738434960572697e-16,9.139477602412632e-15,4.568644515745402e-14,2.54011289174665e-17,,,7.476368470740563e-16,4.6604094189292955e-14
0.0022014772223236615,7.383011159053749e-16,5.220577256142858e-15,1.0347711444269925e-16,3.9999999999999995e-18,5.323682959362508e-21,4.269514477075858e-17,7.694010562625432e-16,9.087010173002379e-15,4.542404481226015e-14,2.54011289174665e-17,,,7.455280349929901e-16,4.633646360178527e-14
0.002214194460197603,7.361778445310893e-16,5.205563460272292e-15,1.0347711444269925e-16,3.9999999999999995e-18,5.323682959362508e-21,4.2572358313092785e-17,7.649841439692715e-16,9.03484423611481e-15,4.516315156487006e-14,2.54011289174665e-17,,,7.434254044568481e-16,4.607037018885207e-14
0.002226985161533945,7.340606794476267e-16,5.190592842398214e-15,1.0347711444269925e-16,3.9999999999999995e-18,5.323682959362508e-21,4.244992497553622e-17,7.605926126311998e-16,8.98297806096558e-15,4.490375675925928e-14,2.54011289174665e-17,,,7.41328938005592e-16,4.580580512193553e-14
0.0022398497507078777,7.319496030939788e-16,5.175665278345543e-15,1.0347711444269925e-16,3.9999999999999995e-18,5.323682959362508e-21,4.2327843742555016e-17,7.562263165441754e-16,8.93140992671598e-15,4.4645851789119425e-14,2.54011289174665e-17,,,7.392386182301494e-16,4.55427596231861e-14
0.0022527886545460835,7.298445979596393e-16,5.160780644296304e-15,1.0347711444269925e-16,3.9999999999999995e-18,5.323682959362508e-21,4.220611360153579e-17,7.518851108413051e-16,8.880138122415755e-15,4.4389428097572296e-14,2.54011289174665e-17,,,7.371544277722646e-16,4.528122496517089e-14
0.002265802302340876,7.277456465844619e-16,5.145938816788616e-15,1.0347711444269925e-16,3.9999999999999995e-18,5.323682959362508e-21,4.208473354277739e-17,7.475688514881573e-16,8.829160946946442e-15,4.4134477176886374e-14,2.54011289174665e-17,,,7.350763493243569e-16,4.5021192470584516e-14
0.0022788911258644668,7.256527315585119e-16,5.131139672715652e-15,1.0347711444269925e-16,3.9999999999999995e-18,5.323682959362508e-21,4.196370255948239e-17,7.432773952779746e-16,8.778476708964817e-15,4.388099056819414e-14,2.54011289174665e-17,,,7.330043656293715e-16,4.476265351196078e-14
0.002292055559383267,7.235658355219255e-16,5.116383089324636e-15,1.0347711444269925e-16,3.9999999999999995e-18,5.323682959362508e-21,4.1843019647748853e-17,7.390105998269304e-16,8.728083726846882e-15,4.362895986121184e-14,2.54011289174665e-17,,,7.309384594806388e-16,4.450559951138688e-14
0.0023052960396723185,7.21484941164762e-16,5.1016689442158045e-15,1.0347711444269925e-16,3.9999999999999995e-18,5.323682959362508e-21,4.172268380656188e-17,7.34768323569398e-16,8.677980328631987e-15,4.3378376693960007e-14,2.54011289174665e-17,,,7.288786137217277e-16,4.42500219402183e-14
0.0023186130060297645,7.194100312268641e-16,5.086997115341415e-15,1.0347711444269925e-16,3.9999999999999995e-18,5.323682959362508e-21,4.160269403778549e-17,7.305504257532593e-16,8.628164851967425e-15,4.3129232752486454e-14,2.54011289174665e-17,,,7.268248112463037e-16,4.399591231879637e-14
0.0023320069002914444,7.173410884977109e-16,5.072367481004706e-15,1.0347711444269925e-16,3.9999999999999995e-18,5.323682959362508e-21,4.148304934615411e-17,7.263567664352294e-16,8.57863564405321e-15,4.2881519770590054e-14,2.54011289174665e-17,,,7.247770349979834e-16,4.374326221616644e-14
0.0023454781668455346,7.152780958162786e-16,5.057779919858917e-15,1.0347711444269925e-16,3.9999999999999995e-18,5.323682959362508e-21,4.1363748739264526e-17,7.221872064762193e-16,8.529391061587313e-15,4.2635229529546784e-14,2.54011289174665e-17,,,7.227352679701945e-16,4.3492063249798555e-14
0.002359027252647309,7.132210360708955e-16,5.043234310906254e-15,1.0347711444269925e-16,3.9999999999999995e-18,5.323682959362508e-21,4.1244791227567513e-17,7.180416075367132e-16,8.480429470711067e-15,4.23903538578368e-14,2.54011289174665e-17,,,7.206994932060305e-16,4.324230708530902e-14
0.002372654607233954,7.111698921991019e-16,5.02873053349691e-15,1.0347711444269925e-16,3.9999999999999995e-18,5.323682959362508e-21,4.112617582435972e-17,7.139198320721851e-16,8.43174924695502e-15,4.2146884630873524e-14,2.54011289174665e-17,,,7.186696937981103e-16,4.2993985436184163e-14
0.002386360682739498,7.091246471875072e-16,5.014268467328043e-15,1.0347711444269925e-16,3.9999999999999995e-18,5.323682959362508e-21,4.100790154577539e-17,7.098217433285284e-16,8.38334877518498e-15,4.1904813770733874e-14,2.54011289174665e-17,,,7.166458528884361e-16,4.2747090063505084e-14
0.0024001459339097948,7.0708528407165e-16,4.999847992442801e-15,1.0347711444269925e-16,3.9999999999999995e-18,5.323682959362508e-21,4.088996741077833e-17,7.057472053375262e-16,8.335226449548491e-15,4.16641332458905e-14,2.54011289174665e-17,,,7.146279536682521e-16,4.250161277567464e-14
0.0024140108181176325,7.050517859358561e-16,4.9854689892293e-15,1.0347711444269925e-16,3.9999999999999995e-18,5.323682959362508e-21,4.0772372441153613e-17,7.016960829123314e-16,8.287380673421482e-15,4.142483507094503e-14,2.54011289174665e-17,,,7.126159793779029e-16,4.2257545428145366e-14
0.0024279557953778863,7.030241359130999e-16,4.97113133841966e-15,1.0347711444269925e-16,3.9999999999999995e-18,5.323682959362508e-21,4.065511566149963e-17,6.976682416429901e-16,8.239809859355363e-15,4.11869113063634e-14,2.54011289174665e-17,,,7.106099133066947e-16,4.201487992314949e-14
0.002441981328362802,7.01002317184862e-16,4.9568349210889906e-15,1.0347711444269925e-16,3.9999999999999995e-18,5.323682959362508e-21,4.0538196099219826e-17,6.936635478919748e-16,8.192512429024285e-15,4.095035405821216e-14,2.54011289174665e-17,,,7.086097387927528e-16,4.177360820943001e-14
0.0024560878824173263,6.989863129809931e-16,4.9425796186544266e-15,1.0347711444269925e-16,3.9999999999999995e-18,5.323682959362508e-21,4.042161278451484e-17,6.89681868789756e-16,8.145486813172845e-15,4.07151554778969e-14,2.54011289174665e-17,,,7.066154392228847e-16,4.1533722281973894e-14
0.0024702759255745676,6.969761065795708e-16,4.928365312874124e-15,1.0347711444269925e-16,3.9999999999999995e-18,5.323682959362508e-21,4.030536475037421e-17,6.857230722303892e-16,8.09873145156396e-15,4.0481307761901445e-14,2.54011289174665e-17,,,7.046269980324374e-16,4.129521418174611e-14
0.002484545928571303,6.949716813067651e-16,4.914191885846298e-15,1.0347711444269925e-16,3.9999999999999995e-18,5.323682959362508e-21,4.0189451032568617e-17,6.817870268671356e-16,8.052244792927142e-15,4.024880315152932e-14,2.54011289174665e-17,,,7.026443987051624e-16,4.105807599542589e-14
0.0024988983648636166,6.929730205366963e-16,4.9000592200082266e-15,1.0347711444269925e-16,3.9999999999999995e-18,5.323682959362508e-21,4.0073870669641666e-17,6.778736021081011e-16,8.006025294906994e-15,4.001763393264606e-14,2.54011289174665e-17,,,7.006676247730732e-16,4.0822299855143945e-14
0.002513333710642589,6.909801076913008e-16,4.885967198135297e-15,1.0347711444269925e-16,3.9999999999999995e-18,5.323682959362508e-21,3.9958622702902064e-17,6.739826681119064e-16,7.960071424012077e-15,3.9787792435423464e-14,2.54011289174665e-17,,,6.986966598163105e-16,4.058787793822159e-14
0.0025278524448501165,6.889929262401895e-16,4.8719157033400076e-15,1.0347711444269925e-16,3.9999999999999995e-18,5.323682959362508e-21,3.984370617641555e-17,6.701140957833754e-16,7.91438165556398e-15,3.9559271034084934e-14,2.54011289174665e-17,,,6.967314874630014e-16,4.035480246691104e-14
0.002542455049194781,6.870114597005148e-16,4.857904619071025e-15,1.0347711444269925e-16,3.9999999999999995e-18,5.323682959362508e-21,3.972912013699709e-17,6.662677567692567e-16,7.868954473646796e-15,3.933206214665267e-14,2.54011289174665e-17,,,6.947720913891256e-16,4.0123065708137546e-14
0.0025571420081678528,6.850356916368302e-16,4.843933829112194e-15,1.0347711444269925e-16,3.9999999999999995e-18,5.323682959362508e-21,3.961486363420283e-17,6.624435234539593e-16,7.823788371056751e-15,3.910615823469587e-14,2.54011289174665e-17,,,6.92818455318374e-16,3.989265997324257e-14
0.002571913809059344,6.830656056609575e-16,4.8300032175815925e-15,1.0347711444269925e-16,3.9999999999999995e-18,5.323682959362508e-21,3.950093572032235e-17,6.586412689553244e-16,7.778881849252279e-15,3.888155180308089e-14,2.54011289174665e-17,,,6.908705630220166e-16,3.9663577617728997e-14
0.0025867709419741996,6.811011854318473e-16,4.8161126689305535e-15,1.0347711444269925e-16,3.9999999999999995e-18,5.323682959362508e-21,3.938733545037068e-17,6.548608671204099e-16,7.734233418304215e-15,3.86582353997223e-14,2.54011289174665e-17,,,6.889283983187622e-16,3.943581104100719e-14
0.0026017138998485323,6.791424146554467e-16,4.8022620679427246e-15,1.0347711444269925e-16,3.9999999999999995e-18,5.323682959362508e-21,3.92740618820806e-17,6.511021925213106e-16,7.689841596846453e-15,3.84362016153359e-14,2.54011289174665e-17,,,6.869919450746262e-16,3.920935268614312e-14
0.0026167431784660036,6.771892770845615e-16,4.7884512997330926e-15,1.0347711444269925e-16,3.9999999999999995e-18,5.323682959362508e-21,3.9161114075894643e-17,6.473651204509906e-16,7.645704912026705e-15,3.821544308319258e-14,2.54011289174665e-17,,,6.850611872027917e-16,3.8984195039607315e-14
0.0026318592764742496,6.752417565187236e-16,4.774680249747051e-15,1.0347711444269925e-16,3.9999999999999995e-18,5.323682959362508e-21,3.9048491094957513e-17,6.436495269191516e-16,7.601821899457714e-15,3.799595247887427e-14,2.54011289174665e-17,,,6.831361086634775e-16,3.8760330631025906e-14
0.002647062695401447,6.732998368040546e-16,4.760948803759428e-15,1.0347711444269925e-16,3.9999999999999995e-18,5.323682959362508e-21,3.893619200510809e-17,6.39955288648113e-16,7.558191103168598e-15,3.777772252003054e-14,2.54011289174665e-17,,,6.812166934638009e-16,3.8537752032932444e-14
0.00266235393967293,6.713635018331342e-16,4.747256847873563e-15,1.0347711444269925e-16,3.9999999999999995e-18,5.323682959362508e-21,3.882421587487192e-17,6.362822830687283e-16,7.51481107555661e-15,3.756074596613739e-14,2.54011289174665e-17,,,6.793029256576451e-16,3.831645186052182e-14
0.0026777335166279503,6.694327355448636e-16,4.733604268520338e-15,1.0347711444269925e-16,3.9999999999999995e-18,5.323682959362508e-21,3.8712561775453253e-17,6.326303883163121e-16,7.471680377339037e-15,3.734501561825661e-14,2.54011289174665e-17,,,6.773947893455239e-16,3.809642277140486e-14
0.0026932019365364882,6.675075219243356e-16,4.719990952457257e-15,1.0347711444269925e-16,3.9999999999999995e-18,5.323682959362508e-21,3.860122878072754e-17,6.289994832266016e-16,7.428797577505518e-15,3.7130524318797286e-14,2.54011289174665e-17,,,6.754922686744496e-16,3.7877657465365107e-14
0.002708759712616201,6.655878450026985e-16,4.706416786767489e-15,1.0347711444269925e-16,3.9999999999999995e-18,5.323682959362508e-21,3.849021596723359e-17,6.253894473317329e-16,7.386161253270498e-15,3.691726495127802e-14,2.54011289174665e-17,,,6.735953478377977e-16,3.766014868411623e-14
0.0027244073610494337,6.636736888570267e-16,4.692881658858944e-15,1.0347711444269925e-16,3.9999999999999995e-18,5.323682959362508e-21,3.837952241416605e-17,6.218001608562473e-16,7.343769990026083e-15,3.6705230440091125e-14,2.54011289174665e-17,,,6.717040110751765e-16,3.744388921106159e-14
0.002740145401000362,6.617650376101857e-16,4.6793854564633304e-15,1.0347711444269925e-16,3.9999999999999995e-18,5.323682959362508e-21,3.826914720336763e-17,6.182315047131136e-16,7.301622381295042e-15,3.649441375026755e-14,2.54011289174665e-17,,,6.698182426722924e-16,3.722887187105444e-14
0.0027559743546322,6.598618754307035e-16,4.665928067635233e-15,1.0347711444269925e-16,3.9999999999999995e-18,5.323682959362508e-21,3.8159089419321636e-17,6.146833604997816e-16,7.259717028684212e-15,3.6284807887243766e-14,2.54011289174665e-17,,,6.679380269608196e-16,3.701508953016019e-14
0.0027718947471245432,6.579641865326357e-16,4.652509380751172e-15,1.0347711444269925e-16,3.9999999999999995e-18,5.323682959362508e-21,3.804934814914422e-17,6.111556104942479e-16,7.218052541838022e-15,3.607640589662943e-14,2.54011289174665e-17,,,6.660633483182666e-16,3.680253509541941e-14
0.002787907106690773,6.560719551754386e-16,4.639129284508693e-15,1.0347711444269925e-16,3.9999999999999995e-18,5.323682959362508e-21,3.7939922482576955e-17,6.076481376511562e-16,7.176627538392449e-15,3.58692008639769e-14,2.54011289174665e-17,,,6.641941911678468e-16,3.659120151461281e-14
0.0028040119645956043,6.541851656638346e-16,4.6257876679254246e-15,1.0347711444269925e-16,3.9999999999999995e-18,5.323682959362508e-21,3.7830811511979146e-17,6.041608255979074e-16,7.135440643929061e-15,3.5663185914551556e-14,2.54011289174665e-17,,,6.623305399783451e-16,3.63810817760269e-14
0.0028202098551726876,6.523038023476856e-16,4.612484420338179e-15,1.0347711444269925e-16,3.9999999999999995e-18,5.323682959362508e-21,3.7722014332320444e-17,6.006935586308055e-16,7.094490491929504e-15,3.545835421310405e-14,2.54011289174665e-17,,,6.6047237926399e-16,3.617216890822178e-14
0.002836501315842363,6.5042784962186e-16,4.5992194314020124e-15,1.0347711444269925e-16,3.9999999999999995e-18,5.323682959362508e-21,3.761353004117319e-17,5.972462217112115e-16,7.053775723730084e-15,3.5254698963643087e-14,2.54011289174665e-17,,,6.586196935843207e-16,3.596445597979937e-14
0.0028528868871294647,6.485572919261066e-16,4.585992591089333e-15,1.0347711444269925e-16,3.9999999999999995e-18,5.323682959362508e-21,3.750535773870509e-17,5.93818700461733e-16,7.01329498847676e-15,3.5052213409210417e-14,2.54011289174665e-17,,,6.567724675440593e-16,3.575793609917389e-14
0.0028693671126812812,6.466921137449218e-16,4.572803789688963e-15,1.0347711444269925e-16,3.9999999999999995e-18,5.323682959362508e-21,3.7397496527671584e-17,5.904108811624239e-16,6.973046943080254e-15,3.485089083165624e-14,2.54011289174665e-17,,,6.549306857929794e-16,3.5552602414342825e-14
0.0028859425392855696,6.448322996074243e-16,4.559652917805252e-15,1.0347711444269925e-16,3.9999999999999995e-18,5.323682959362508e-21,3.728994551340854e-17,5.87022650747015e-16,6.933030252171538e-15,3.4650724551416586e-14,2.54011289174665e-17,,,6.530943330257785e-16,3.534844811265985e-14
0.002902613716888708,6.42977834087225e-16,4.546539866357156e-15,1.0347711444269925e-16,3.9999999999999995e-18,5.323682959362508e-21,3.718270380382478e-17,5.836538967991621e-16,6.893243588057529e-15,3.445170792729158e-14,2.54011289174665e-17,,,6.512633939819483e-16,3.5145466420608684e-14
0.002919381198613946,6.41128701802299e-16,4.533464526577335e-15,1.0347711444269925e-16,3.9999999999999995e-18,5.323682959362508e-21,3.7075770509394653e-17,5.803045075487133e-16,6.853685630676994e-15,3.42538343562251e-14,2.54011289174665e-17,,,6.494378534456463e-16,3.494365060357836e-14
0.002936245540779751,6.392848874148583e-16,4.520426790011248e-15,1.0347711444269925e-16,3.9999999999999995e-18,5.323682959362508e-21,3.6969144743150685e-17,5.76974371868003e-16,6.814355067556779e-15,3.4057097273085667e-14,2.54011289174665e-17,,,6.47617696245567e-16,3.474299396563976e-14
0.0029532073029182614,6.374463756312251e-16,4.5074265485162644e-15,1.0347711444269925e-16,3.9999999999999995e-18,5.323682959362508e-21,3.686282562067624e-17,5.736633792681656e-16,6.7752505937682865e-15,3.386149015044874e-14,2.54011289174665e-17,,,6.458029072548159e-16,3.454348984932354e-14
0.002970267047793855,6.356131512017048e-16,4.494463694260758e-15,1.0347711444269925e-16,3.9999999999999995e-18,5.323682959362508e-21,3.675681226009818e-17,5.703714198954677e-16,6.736370911884137e-15,3.3667006498380105e-14,2.54011289174665e-17,,,6.43993471390781e-16,3.434513163539923e-14
0.0029874253414218285,6.337851989204583e-16,4.48153811972321e-15,1.0347711444269925e-16,3.9999999999999995e-18,5.323682959362508e-21,3.665110378207949e-17,5.670983845276638e-16,6.697714731935143e-15,3.347363986422042e-14,2.54011289174665e-17,,,6.421893736150049e-16,3.414791274265548e-14
0.003004682753087169,6.319625036253771e-16,4.4686497176913234e-15,1.0347711444269925e-16,3.9999999999999995e-18,5.323682959362508e-21,3.654569930981205e-17,5.638441645703718e-16,6.659280771367495e-15,3.3281383832371237e-14,2.54011289174665e-17,,,6.403905989330591e-16,3.395182662768183e-14
0.0030220398553634366,6.301450501979577e-16,4.455798381261133e-15,1.0347711444269925e-16,3.9999999999999995e-18,5.323682959362508e-21,3.644059796900935e-17,5.606086520534718e-16,6.621067755000238e-15,3.309023202408222e-14,2.54011289174665e-17,,,6.385971323944183e-16,3.375686678465167e-14
0.003039497224131769,6.283328235631756e-16,4.4429840038361205e-15,1.0347711444269925e-16,3.9999999999999995e-18,5.323682959362508e-21,3.6335798887899253e-17,5.573917396275226e-16,6.583074414982932e-15,3.2900178097239403e-14,2.54011289174665e-17,,,6.368089590923327e-16,3.3563026745106277e-14
0.003057055438599993,6.265258086893601e-16,4.4302064791263205e-15,1.0347711444269925e-16,3.9999999999999995e-18,5.323682959362508e-21,3.623130119721668e-17,5.5419332056019925e-16,6.54529949075359e-15,3.271121574615471e-14,2.54011289174665e-17,,,6.350260641637035e-16,3.337030007774016e-14
0.003074715081321835,6.247239905880694e-16,4.4174657011474474e-15,1.0347711444269925e-16,3.9999999999999995e-18,5.323682959362508e-21,3.61271040301965e-17,5.510132887327519e-16,6.507741728996861e-15,3.2523338701356845e-14,2.54011289174665e-17,,,6.332484327889566e-16,3.317868038818779e-14
0.0030924767382162453,6.229273543139677e-16,4.404761564220017e-15,1.0347711444269925e-16,3.9999999999999995e-18,5.323682959362508e-21,3.6023206522566295e-17,5.478515386364867e-16,6.470399883602448e-15,3.2336540729383294e-14,2.54011289174665e-17,,,6.314760501919189e-16,3.298816131881143e-14
0.0031103409985868413,6.211358849647005e-16,4.39209396296847e-15,1.0347711444269925e-16,3.9999999999999995e-18,5.323682959362508e-21,3.591960781253923e-17,5.44707965369264e-16,6.433272715623771e-15,3.215081563257347e-14,2.54011289174665e-17,,,6.297089016396934e-16,3.2798736548490175e-14
0.0031283084551414686,6.193495676807698e-16,4.379462792320289e-15,1.0347711444269925e-16,3.9999999999999995e-18,5.323682959362508e-21,3.581630704080682e-17,5.415824646320159e-16,6.396358993236822e-15,3.196615724886305e-14,2.54011289174665e-17,,,6.279469724425336e-16,3.261039979241019e-14
0.0031463797040118574,6.175683876454122e-16,4.3668679475051346e-15,1.0347711444269925e-16,3.9999999999999995e-18,5.323682959362508e-21,3.571330335053185e-17,5.384749327252879e-16,6.3596574916993335e-15,3.178255945157951e-14,2.54011289174665e-17,,,6.261902479537202e-16,3.2423144801856194e-14
0.0031645553447733977,6.157923300844759e-16,4.354309324053978e-15,1.0347711444269925e-16,3.9999999999999995e-18,5.323682959362508e-21,3.5610595887341325e-17,5.353852665457989e-16,6.32316699331013e-15,3.160001614923901e-14,2.54011289174665e-17,,,6.244387135694388e-16,3.223696536400425e-14
0.003182835980465035,6.140213802662984e-16,4.341786817798233e-15,1.0347711444269925e-16,3.9999999999999995e-18,5.323682959362508e-21,3.550818379931933e-17,5.323133635830184e-16,6.286886287368734e-15,3.141852128534418e-14,2.54011289174665e-17,,,6.226923547286555e-16,3.205185530171557e-14
0.0032012222176092875,6.122555235015826e-16,4.329300324868886e-15,1.0347711444269925e-16,3.9999999999999995e-18,5.323682959362508e-21,3.540606623699991e-17,5.292591219157658e-16,6.250814170135165e-15,3.123806883818307e-14,2.54011289174665e-17,,,6.20951156912993e-16,3.1867808473331435e-14
0.003219714666232363,6.104947451432766e-16,4.31684974169564e-15,1.0347711444269925e-16,3.9999999999999995e-18,5.323682959362508e-21,3.5304242353360097e-17,5.262224402088281e-16,6.214949444790032e-15,3.105865282062952e-14,2.54011289174665e-17,,,6.192151056466095e-16,3.168481877246958e-14
0.00323831393988439,6.087390305864523e-16,4.3044349650060556e-15,1.0347711444269925e-16,3.9999999999999995e-18,5.323682959362508e-21,3.5202711303812895e-17,5.232032177096002e-16,6.179290921394814e-15,3.088026727994447e-14,2.54011289174665e-17,,,6.174841864960763e-16,3.150288012782161e-14
0.0032570206556597828,6.069883652681836e-16,4.292055891824697e-15,1.0347711444269925e-16,3.9999999999999995e-18,5.323682959362508e-21,3.5101472246200255e-17,5.202013542447395e-16,6.143837416852388e-15,3.07029062975785e-14,2.54011289174665e-17,,,6.157583850702558e-16,3.13219865029515e-14
0.003275835434217722,6.052427346674256e-16,4.279712419472269e-15,1.0347711444269925e-16,3.9999999999999995e-18,5.323682959362508e-21,3.5000524340786024e-17,5.172167502168428e-16,6.108587754867746e-15,3.0526563988975306e-14,2.54011289174665e-17,,,6.140376870201789e-16,3.1142131896095244e-14
0.003294758899802739,6.035021243048935e-16,4.26740444556477e-15,1.0347711444269925e-16,3.9999999999999995e-18,5.323682959362508e-21,3.489986675024906e-17,5.142493066011414e-16,6.073540765908987e-15,3.0351234503376596e-14,2.54011289174665e-17,,,6.123220780389244e-16,3.096331033996184e-14
0.0033137916802654225,6.017665197429446e-16,4.2551318680126454e-15,1.0347711444269925e-16,3.9999999999999995e-18,5.323682959362508e-21,3.479949863967628e-17,5.112989249422168e-16,6.038695287168523e-15,3.0176912023627985e-14,2.54011289174665e-17,,,6.10611543861499e-16,3.07855159015353e-14
0.0033329344070832556,6.00035906585457e-16,4.2428945850199445e-15,1.0347711444269925e-16,3.9999999999999995e-18,5.323682959362508e-21,3.469941917655573e-17,5.083655073507336e-16,6.0040501625244844e-15,3.000359076598594e-14,2.54011289174665e-17,,,6.089060702647157e-16,3.0608742681877774e-14
0.003352187715381577,5.983102704777095e-16,4.230692495083458e-15,1.0347711444269925e-16,3.9999999999999995e-18,5.323682959362508e-21,3.459962753076961e-17,5.054489565001898e-16,5.969604242502343e-15,2.983126497992583e-14,2.54011289174665e-17,,,6.072056430670728e-16,3.043298481593376e-14
0.00337155224395463,5.965895971062647e-16,4.218525496991901e-15,1.0347711444269925e-16,3.9999999999999995e-18,5.323682959362508e-21,3.450012287458751e-17,5.025491756236906e-16,5.935356384236816e-15,2.9659928947951276e-14,2.54011289174665e-17,,,6.055102481286364e-16,3.025823647233567e-14
0.003391028635286784,5.948738721988479e-16,4.20639348982505e-15,1.0347711444269925e-16,3.9999999999999995e-18,5.323682959362508e-21,3.440090438265942e-17,4.996660685107341e-16,5.9013054514338956e-15,2.948957698540427e-14,2.54011289174665e-17,,,6.038198713509177e-16,3.0084491853210166e-14
0.0034106175355738248,5.93163081524231e-16,4.194296372952927e-15,1.0347711444269925e-16,3.9999999999999995e-18,5.323682959362508e-21,3.430197123200901e-17,4.967995395040231e-16,5.8674503143332e-15,2.932020344027679e-14,2.54011289174665e-17,,,6.021344986767566e-16,2.991174519398601e-14
0.003430319594744419,5.91457210892112e-16,4.182234046034944e-15,1.0347711444269925e-16,3.9999999999999995e-18,5.323682959362508e-21,3.420332260202666e-17,4.939494934962873e-16,5.833789849670433e-15,2.9151802693023025e-14,2.54011289174665e-17,,,6.004541160902003e-16,2.973999076320255e-14
0.003450135466481653,5.897562461530002e-16,4.170206409019092e-15,1.0347711444269925e-16,3.9999999999999995e-18,5.323682959362508e-21,3.4104957674462817e-17,4.911158359271315e-16,5.800322940640175e-15,2.898436915637318e-14,2.54011289174665e-17,,,5.987787096163872e-16,2.956922286231984e-14
0.0034700658082447463,5.880601731980957e-16,4.15821336214109e-15,1.0347711444269925e-16,3.9999999999999995e-18,5.323682959362508e-21,3.4006875633421046e-17,4.882984727798941e-16,5.767048476858761e-15,2.881789727514785e-14,2.54011289174665e-17,,,5.971082653214254e-16,2.939943582552931e-14
0.0034901112812908406,5.86368977959175e-16,4.146254805923579e-15,1.0347711444269925e-16,3.9999999999999995e-18,5.323682959362508e-21,3.390907566535139e-17,4.854973105785316e-16,5.7339653543275075e-15,2.865238152607396e-14,2.54011289174665e-17,,,5.954427693122782e-16,2.9230624019566004e-14
0.0035102725506969633,5.846826464084727e-16,4.134330641175274e-15,1.0347711444269925e-16,3.9999999999999995e-18,5.323682959362508e-21,3.3811556959043544e-17,4.827122563845136e-16,5.7010724753960166e-15,2.848781641760126e-14,2.54011289174665e-17,,,5.937822077366436e-16,2.906278184352147e-14
0.003530550285382068,5.830011645585662e-16,4.122440768990164e-15,1.0347711444269925e-16,3.9999999999999995e-18,5.323682959362508e-21,3.371431870562018e-17,4.799432177937426e-16,5.668368748725819e-15,2.832419648972036e-14,2.54011289174665e-17,,,5.92126566782839e-16,2.889590372865814e-14
0.003550945158129256,5.813245184622582e-16,4.1105850907466715e-15,1.0347711444269925e-16,3.9999999999999995e-18,5.323682959362508e-21,3.361736009853015e-17,4.77190102933484e-16,5.635853089254099e-15,2.816151631378137e-14,2.54011289174665e-17,,,5.90475832679682e-16,2.8729984138224376e-14
0.0035714578456080693,5.796526942124633e-16,4.09876350810685e-15,1.0347711444269925e-16,3.9999999999999995e-18,5.323682959362508e-21,3.352068033354195e-17,4.744528204593221e-16,5.6035244181577565e-15,2.7999770492313956e-14,2.54011289174665e-17,,,5.888299916963766e-16,2.8565017567270937e-14
0.00359208902839697,5.7798567794209e-16,4.086975923015558e-15,1.0347711444269925e-16,3.9999999999999995e-18,5.323682959362508e-21,3.342427860873686e-17,4.717312795521254e-16,5.571381662817556e-15,2.7838953658848118e-14,2.54011289174665e-17,,,5.871890301423937e-16,2.8400998542468176e-14
0.0036128393910058922,5.763234558239283e-16,4.075222237699653e-15,1.0347711444269925e-16,3.9999999999999995e-18,5.323682959362508e-21,3.332815412450248e-17,4.690253899150369e-16,5.539423756782587e-15,2.767906047773628e-14,2.54011289174665e-17,,,5.855529343673575e-16,2.8237921621924603e-14
0.0036337096218989834,5.746660140705322e-16,4.063502354667173e-15,1.0347711444269925e-16,3.9999999999999995e-18,5.323682959362508e-21,3.3232306083525916e-17,4.663350617704742e-16,5.507649639734827e-15,2.7520085643976092e-14,2.54011289174665e-17,,,5.839216907609278e-16,2.8075781395006158e-14
0.003654700413517415,5.730133389341084e-16,4.051816176706536e-15,1.0347711444269925e-16,3.9999999999999995e-18,5.323682959362508e-21,3.313673369078733e-17,4.636602058571544e-16,5.476058257454012e-15,2.736202388303462e-14,2.54011289174665e-17,,,5.822952857526866e-16,2.7914572482156892e-14
0.003675812462302387,5.713654167063995e-16,4.040163606885725e-15,1.0347711444269925e-16,3.9999999999999995e-18,5.323682959362508e-21,3.3041436153553203e-17,4.610007334271294e-16,5.444648561782616e-15,2.7204869950673128e-14,2.54011289174665e-17,,,5.806737058120206e-16,2.7754289534720264e-14
0.003697046468718205,5.697222337185724e-16,4.028544548551497e-15,1.0347711444269925e-16,3.9999999999999995e-18,5.323682959362508e-21,3.294641268136992e-17,4.583565562428437e-16,5.4134195105911065e-15,2.704861863277331e-14,2.54011289174665e-17,,,5.790569374480088e-16,2.7594927234761912e-14
0.003718403137275551,5.680837763411032e-16,4.016958905328561e-15,1.0347711444269925e-16,3.9999999999999995e-18,5.323682959362508e-21,3.285166248605703e-17,4.557275865742042e-16,5.3823700677433316e-15,2.6893264745164056e-14,2.54011289174665e-17,,,5.774449672093057e-16,2.7436480294892965e-14
0.003739883176554827,5.664500309836661e-16,4.005406581118803e-15,1.0347711444269925e-16,3.9999999999999995e-18,5.323682959362508e-21,3.275718478170086e-17,4.5311373719567245e-16,5.351499203062182e-15,2.6738803133449693e-14,2.54011289174665e-17,,,5.758377816840293e-16,2.727894345809489e-14
0.003761487299229695,5.648209840950182e-16,3.993887480100464e-15,1.0347711444269925e-16,3.9999999999999995e-18,5.323682959362508e-21,3.26629787846479e-17,4.505149213833664e-16,5.320805892295364e-15,2.658522867283873e-14,2.54011289174665e-17,,,5.742353674996449e-16,2.7122311497544783e-14
0.0037832162220906925,5.631966221628895e-16,3.98240150672737e-15,1.0347711444269925e-16,3.9999999999999995e-18,5.323682959362508e-21,3.256904371349839e-17,4.479310529121874e-16,5.290289117081462e-15,2.6432536267974054e-14,2.54011289174665e-17,,,5.726377113228539e-16,2.6966579216442217e-14
0.0038050706660690443,5.6157693171386925e-16,3.970948565728117e-15,1.0347711444269925e-16,3.9999999999999995e-18,5.323682959362508e-21,3.2475378789099706e-17,4.453620460529552e-16,5.259947864916101e-15,2.628072085276365e-14,2.54011289174665e-17,,,5.71044799859478e-16,2.6811741447836592e-14
0.003827051356260552,5.599618993132952e-16,3.959528562105298e-15,1.0347711444269925e-16,3.9999999999999995e-18,5.323682959362508e-21,3.2381983234540075e-17,4.428078155695667e-16,5.229781129118401e-15,2.6129777390212748e-14,2.54011289174665e-17,,,5.69456619854349e-16,2.6657793054455923e-14
0.0038491590219496812,5.583515115651409e-16,3.9481414011347015e-15,1.0347711444269925e-16,3.9999999999999995e-18,5.323682959362508e-21,3.228885627514196e-17,4.4026827671616504e-16,5.199787908797526e-15,2.5979700872256472e-14,2.54011289174665e-17,,,5.678731580911931e-16,2.6504728928536167e-14
0.0038713943966337283,5.567457551119063e-16,3.9367869883645395e-15,1.0347711444269925e-16,3.9999999999999995e-18,5.323682959362508e-21,3.2195997138455763e-17,4.377433452343303e-16,5.1699672088195205e-15,2.58304863195939e-14,2.54011289174665e-17,,,5.662944013925215e-16,2.6352543991651973e-14
0.0038937582180471873,5.551446166345052e-16,3.925465229614649e-15,1.0347711444269925e-16,3.9999999999999995e-18,5.323682959362508e-21,3.210340505425331e-17,4.352329373502811e-16,5.140318039774247e-15,2.5682128781522646e-14,2.54011289174665e-17,,,5.647203366195158e-16,2.6201233194547987e-14
0.003916251228186195,5.535480828521564e-16,3.914176030975726e-15,1.0347711444269925e-16,3.9999999999999995e-18,5.323682959362508e-21,3.2011079254521586e-17,4.3273696977209805e-16,5.1108394179426e-15,2.553462333577482e-14,2.54011289174665e-17,,,5.631509506719183e-16,2.6050791516971528e-14
0.003938874173333181,5.519561405222718e-16,3.902919298808533e-15,1.0347711444269925e-16,3.9999999999999995e-18,5.323682959362508e-21,3.1919018973456217e-17,4.3025535968695614e-16,5.081530365263817e-15,2.5387965088353485e-14,2.54011289174665e-17,,,5.615862304879184e-16,2.5901213967505798e-14
0.003961627804081598,5.503687764403485e-16,3.891694939743134e-15,1.0347711444269925e-16,3.9999999999999995e-18,5.323682959362508e-21,3.1827223447455275e-17,4.2778802475838167e-16,5.052389909303083e-15,2.5242149173370526e-14,2.54011289174665e-17,,,5.600261630440437e-16,2.5752495583404524e-14
0.003984512875360854,5.487859774398573e-16,3.880502860678108e-15,1.0347711444269925e-16,3.9999999999999995e-18,5.323682959362508e-21,3.17356919151128e-17,4.2533488312351557e-16,5.023417083219209e-15,2.5097170752884964e-14,2.54011289174665e-17,,,5.584707353550471e-16,2.560463143042705e-14
0.00400753014646133,5.472077303921355e-16,3.869342968779791e-15,1.0347711444269925e-16,3.9999999999999995e-18,5.323682959362508e-21,3.1644423617212597e-17,4.228958533904014e-16,4.994610925732598e-15,2.4953025016742675e-14,2.54011289174665e-17,,,5.569199344737981e-16,2.5457616602674866e-14
0.004030680381059604,5.456340222062759e-16,3.858215171481489e-15,1.0347711444269925e-16,3.9999999999999995e-18,5.323682959362508e-21,3.155341779672184e-17,4.2047085463528076e-16,4.965970481093307e-15,2.4809707182416568e-14,2.54011289174665e-17,,,5.553737474911705e-16,2.5311446222428612e-14
0.00405396434724376,5.4406483982902e-16,3.847119376482729e-15,1.0347711444269925e-16,3.9999999999999995e-18,5.323682959362508e-21,3.146267369878491e-17,4.1805980639991164e-16,4.937494799049374e-15,2.46672124948481e-14,2.54011289174665e-17,,,5.5383216153593385e-16,2.5166115439986432e-14
0.004077382817538883,5.425001702446491e-16,3.83605549174848e-15,1.0347711444269925e-16,3.9999999999999995e-18,5.323682959362508e-21,3.137219057071705e-17,4.1566262868889716e-16,4.909182934815268e-15,2.4525536226289442e-14,2.54011289174665e-17,,,5.52295163774644e-16,2.502161943350299e-14
0.0041009365689327,5.409400004748759e-16,3.8250234255083895e-15,1.0347711444269925e-16,3.9999999999999995e-18,5.323682959362508e-21,3.1281967661998094e-17,4.132792419670305e-16,4.881033949040531e-15,2.438467367614656e-14,2.54011289174665e-17,,,5.507627414115322e-16,2.4877953408829445e-14
0.004124626382901352,5.393843175787366e-16,3.81402308625603e-15,1.0347711444269925e-16,3.9999999999999995e-18,5.323682959362508e-21,3.119200422426631e-17,4.1090956715665646e-16,4.853046907778622e-15,2.4244620170823283e-14,2.54011289174665e-17,,,5.492348816883965e-16,2.4735112599354406e-14
0.00414845304543531,5.378331086524854e-16,3.803054382748137e-15,1.0347711444269925e-16,3.9999999999999995e-18,5.323682959362508e-21,3.1102299511312195e-17,4.0855352563504926e-16,4.825220882455939e-15,2.4105371063566347e-14,2.54011289174665e-17,,,5.477115718844944e-16,2.4593092265845896e-14
0.004172417347065464,5.362863608294857e-16,3.7921172240038504e-15,1.0347711444269925e-16,3.9999999999999995e-18,5.323682959362508e-21,3.101285277907228e-17,4.062110392318018e-16,4.797554949840991e-15,2.3966921734311117e-14,2.54011289174665e-17,,,5.461927993164327e-16,2.445188769629399e-14
0.00419652008288936,5.347440612801039e-16,3.781211519303962e-15,1.0347711444269925e-16,3.9999999999999995e-18,5.323682959362508e-21,3.092366328562287e-17,4.038820302262317e-16,4.7700481920137605e-15,2.382926758952829e-14,2.54011289174665e-17,,,5.446785513380593e-16,2.431149420575449e-14
0.004220762052597571,5.332061972116023e-16,3.770337178190156e-15,1.0347711444269925e-16,3.9999999999999995e-18,5.323682959362508e-21,3.083473029117398e-17,4.0156642134480337e-16,4.742699696335255e-15,2.3692404062071518e-14,2.54011289174665e-17,,,5.431688153403559e-16,2.41719071361935e-14
0.0042451440605002205,5.316727558680349e-16,3.759494110464273e-15,1.0347711444269925e-16,3.9999999999999995e-18,5.323682959362508e-21,3.074605305806322e-17,3.9926413575856465e-16,4.715508555417234e-15,2.3556326611025926e-14,2.54011289174665e-17,,,5.416635787513303e-16,2.4033121856332926e-14
0.004269666915553677,5.301437245301401e-16,3.748682226187551e-15,1.0347711444269925e-16,3.9999999999999995e-18,5.323682959362508e-21,3.0657630850749616e-17,3.9697509708059637e-16,4.688473867092092e-15,2.3421030721557426e-14,2.54011289174665e-17,,,5.40162829035909e-16,2.3895133761496804e-14
0.004294331431387406,5.286190905152347e-16,3.737901435679878e-15,1.0347711444269925e-16,3.9999999999999995e-18,5.323682959362508e-21,3.05694629358075e-17,3.946992293634773e-16,4.661594734382905e-15,2.3286511904762824e-14,2.54011289174665e-17,,,5.38666553695829e-16,2.3757938273458425e-14
0.004319138426330948,5.270988411771098e-16,3.727151649519053e-15,1.0347711444269925e-16,3.9999999999999995e-18,5.323682959362508e-21,3.048154858192048e-17,3.9243645709676504e-16,4.6348702654736955e-15,2.3152765697521e-14,2.54011289174665e-17,,,5.371747402695323e-16,2.362153084028853e-14
0.00434408872344107,5.255829639059259e-16,3.716432778540046e-15,1.0347711444269925e-16,3.9999999999999995e-18,5.323682959362508e-21,3.039388705987533e-17,3.90186705204491e-16,4.608299573679831e-15,2.301978766234482e-14,2.54011289174665e-17,,,5.356873763320592e-16,2.3485906936204305e-14
0.004369183150529077,5.240714461281083e-16,3.705744733834258e-15,1.0347711444269925e-16,3.9999999999999995e-18,5.323682959362508e-21,3.0306477642555996e-17,3.8794989904266847e-16,4.581881777418606e-15,2.2887573387233888e-14,2.54011289174665e-17,,,5.342044494949421e-16,2.3351062061419193e-14
0.004394422540188283,5.225642753062415e-16,3.6950874267487724e-15,1.0347711444269925e-16,3.9999999999999995e-18,5.323682959362508e-21,3.02193196049375e-17,3.8572596439681525e-16,4.555616000179973e-15,2.2756118485528117e-14,2.54011289174665e-17,,,5.327259474060982e-16,2.321699174199353e-14
0.004419807729821637,5.210614389389667e-16,3.684460768885635e-15,1.0347711444269925e-16,3.9999999999999995e-18,5.323682959362508e-21,3.0132412224079923e-17,3.835148274794918e-16,4.529501370497474e-15,2.262541859576221e-14,2.54011289174665e-17,,,5.312518577497249e-16,2.308369152968617e-14
0.004445339561669486,5.195629245608777e-16,3.673864672101112e-15,1.0347711444269925e-16,3.9999999999999995e-18,5.323682959362508e-21,3.00457547791225e-17,3.813164149278532e-16,4.5035370219193265e-15,2.2495469381521022e-14,2.54011289174665e-17,,,5.297821682461951e-16,2.295115700180694e-14
0.004471018882837534,5.180687197424178e-16,3.663299048504966e-15,1.0347711444269925e-16,3.9999999999999995e-18,5.323682959362508e-21,2.9959346551277577e-17,3.791306538012151e-16,4.477722092979671e-15,2.2366266531295646e-14,2.54011289174665e-17,,,5.283168666519509e-16,2.2819383761069864e-14
0.004496846545324959,5.165788120897753e-16,3.652763810459714e-15,1.0347711444269925e-16,3.9999999999999995e-18,5.323682959362508e-21,2.9873186823824613e-17,3.7695747157863125e-16,4.452055727169966e-15,2.2237805758340286e-14,2.54011289174665e-17,,,5.268559407593985e-16,2.268836743544721e-14
0.004522823406052666,5.150931892447823e-16,3.6422588705799125e-15,1.0347711444269925e-16,3.9999999999999995e-18,5.323682959362508e-21,2.978727488210427e-17,3.747967961564892e-16,4.426537072910593e-15,2.21100828005301e-14,2.54011289174665e-17,,,5.253993783968045e-16,2.2558103678024473e-14
0.004548950326891711,5.136118388848118e-16,3.631784141731429e-15,1.0347711444269925e-16,3.9999999999999995e-18,5.323682959362508e-21,2.9701610013512547e-17,3.7264855584611782e-16,4.401165283522591e-15,2.1983093420219827e-14,2.54011289174665e-17,,,5.239471674281916e-16,2.242858816685622e-14
0.00457522817469191,5.121347487226753e-16,3.621339537030723e-15,1.0347711444269925e-16,3.9999999999999995e-18,5.323682959362508e-21,2.961619150749479e-17,3.7051267937140757e-16,4.375939517199565e-15,2.1856833404103143e-14,2.54011289174665e-17,,,5.224992957532338e-16,2.2299816604822637e-14
0.004601657821310603,5.106619065065203e-16,3.610924969844112e-15,1.0347711444269925e-16,3.9999999999999995e-18,5.323682959362508e-21,2.9531018655539784e-17,3.6838909586644535e-16,4.3508589369797396e-15,2.173129856307284e-14,2.54011289174665e-17,,,5.210557513071529e-16,2.2171784719486905e-14
0.004628240143641576,5.091933000197294e-16,3.600540353787069e-15,1.0347711444269925e-16,3.9999999999999995e-18,5.323682959362508e-21,2.9446090751173936e-17,3.662777348731632e-16,4.325922710718193e-15,2.1606484732081847e-14,2.54011289174665e-17,,,5.19616522060615e-16,2.2044488262953504e-14
0.00465497602364414,5.077289170808194e-16,3.5901856027234966e-15,1.0347711444269925e-16,3.9999999999999995e-18,5.323682959362508e-21,2.936140708995541e-17,3.6417852633900136e-16,4.301130011059262e-15,2.1482387770005132e-14,2.54011289174665e-17,,,5.181815960196281e-16,2.191792301172731e-14
0.004681866348372412,5.062687455433395e-16,3.57986063076502e-15,1.0347711444269925e-16,3.9999999999999995e-18,5.323682959362508e-21,2.927696696946826e-17,3.620914006145828e-16,4.276480015409067e-15,2.1359003559502216e-14,2.54011289174665e-17,,,5.167509612254379e-16,2.1792084766573425e-14
0.004708912010004744,5.048127732957702e-16,3.5695653522702646e-15,1.0347711444269925e-16,3.9999999999999995e-18,5.323682959362508e-21,2.919276968931659e-17,3.6001628845140166e-16,4.251971905908222e-15,2.1236328006880563e-14,2.54011289174665e-17,,,5.153246057544257e-16,2.1666969352377818e-14
0.004736113905873325,5.033609882614237e-16,3.559299681844149e-15,1.0347711444269925e-16,3.9999999999999995e-18,5.323682959362508e-21,2.9108814551118766e-17,3.579531209995254e-16,4.227604869404689e-15,2.1114357041959763e-14,2.54011289174665e-17,,,5.139025177180052e-16,2.1542572618008823e-14
0.004763472938493936,5.019133783983435e-16,3.549063534337183e-15,1.0347711444269925e-16,3.9999999999999995e-18,5.323682959362508e-21,2.9025100858501633e-17,3.559018298053122e-16,4.203378097426818e-15,2.0993086617936564e-14,2.54011289174665e-17,,,5.124846852625221e-16,2.1418890436179474e-14
0.004790990015595906,5.004699316992047e-16,3.5388568248447587e-15,1.0347711444269925e-16,3.9999999999999995e-18,5.323682959362508e-21,2.8941627917094745e-17,3.538623468091374e-16,4.179290786156502e-15,2.0872512711250547e-14,2.54011289174665e-17,,,5.110710965691506e-16,2.1295918703310525e-14
0.004818666050152244,4.990306361912131e-16,3.5286794687064374e-15,1.0347711444269925e-16,3.9999999999999995e-18,5.323682959362508e-21,2.885839503452455e-17,3.518346043431349e-16,4.155342136402496e-15,2.0752631321450576e-14,2.54011289174665e-17,,,5.096617398537921e-16,2.1173653339394226e-14
0.0048465019604099,4.975954799360083e-16,3.518531381505261e-15,1.0347711444269925e-16,3.9999999999999995e-18,5.323682959362508e-21,2.877540152040871e-17,3.498185351289538e-16,4.131531353573925e-15,2.0633438471062202e-14,2.54011289174665e-17,,,5.082566033669743e-16,2.1052090287859095e-14
0.004874498669920258,4.96164451029562e-16,3.5084124790670395e-15,1.0347711444269925e-16,3.9999999999999995e-18,5.323682959362508e-21,2.869264668635033e-17,3.4781407227552335e-16,4.107857647653884e-15,2.0514930205455552e-14,2.54011289174665e-17,,,5.068556753937497e-16,2.0931225515435192e-14
0.004902657107569755,4.947375376020815e-16,3.498322677459664e-15,1.0347711444269925e-16,3.9999999999999995e-18,5.323682959362508e-21,2.86101298459323e-17,3.4582114927683554e-16,4.0843202331732546e-15,2.0397102592714255e-14,2.54011289174665e-17,,,5.054589442535947e-16,2.081105501202043e-14
0.0049309782076107245,4.933147278179096e-16,3.4882618929923988e-15,1.0347711444269925e-16,3.9999999999999995e-18,5.323682959362508e-21,2.8527850314711526e-17,3.438397000097363e-16,4.060918329184608e-15,2.0279951723504858e-14,2.54011289174665e-17,,,5.04066398300309e-16,2.0691574790547372e-14
0.004959462909692365,4.918960098754279e-16,3.4782300422152004e-15,1.0347711444269925e-16,3.9999999999999995e-18,5.323682959362508e-21,2.844580741021334e-17,3.4186965873173327e-16,4.037651159236327e-15,2.016347371094726e-14,2.54011289174665e-17,,,5.026780259219161e-16,2.0572780886851142e-14
0.004988112158891949,4.904813720069572e-16,3.468227041918011e-15,1.0347711444269925e-16,3.9999999999999995e-18,5.323682959362508e-21,2.836400045192574e-17,3.3991096007881205e-16,4.014517951346802e-15,2.0047664690485597e-14,2.54011289174665e-17,,,5.012938155405616e-16,2.045466935953769e-14
0.005016926905746143,4.890708024786617e-16,3.4582528091300825e-15,1.0347711444269925e-16,3.9999999999999995e-18,5.323682959362508e-21,2.8282428761293876e-17,3.3796353906326926e-16,3.991517937978848e-15,1.993252081976018e-14,2.54011289174665e-17,,,4.999137556124153e-16,2.0337236289853198e-14
0.005045908106282581,4.8766428959045e-16,3.448307261119275e-15,1.0347711444269925e-16,3.9999999999999995e-18,5.323682959362508e-21,2.820109166171426e-17,3.360273310715543e-16,3.968650356014211e-15,1.981803827847986e-14,2.54011289174665e-17,,,4.985378346275694e-16,2.0220477781553936e-14
0.0050750567220515476,4.862618216758798e-16,3.4383903153913833e-15,1.0347711444269925e-16,3.9999999999999995e-18,5.323682959362508e-21,2.8119988478529325e-17,3.3410227186212676e-16,3.9459144467282596e-15,1.9704213268295427e-14,2.54011289174665e-17,,,4.971660411099421e-16,2.0104389960777106e-14
0.005104373720157921,4.848633871020591e-16,3.4285018896894397e-15,1.0347711444269925e-16,3.9999999999999995e-18,5.323682959362508e-21,2.8039118539021653e-17,3.321882975633226e-16,3.92330945576479e-15,1.9591042012673432e-14,2.54011289174665e-17,,,4.957983636171751e-16,1.9988968975912175e-14
0.005133860073293216,4.834689742695517e-16,3.418641901993045e-15,1.0347711444269925e-16,3.9999999999999995e-18,5.323682959362508e-21,2.795848117240858e-17,3.302853446712375e-16,3.900834633111024e-15,1.947852075677104e-14,2.54011289174665e-17,,,4.944347907405383e-16,1.9874210997473235e-14
0.0051635167597679004,4.820785716122795e-16,3.4088102705176748e-15,1.0347711444269925e-16,3.9999999999999995e-18,5.323682959362508e-21,2.7878075709836454e-17,3.283933500476161e-16,3.878489233072678e-15,1.9366645767311306e-14,2.54011289174665e-17,,,4.930753111048284e-16,1.9760112217971792e-14
0.005193344763543811,4.806921675974276e-16,3.399006913714015e-15,1.0347711444269925e-16,3.9999999999999995e-18,5.323682959362508e-21,2.7797901484375245e-17,3.2651225091776023e-16,3.856272514249257e-15,1.9255413332459456e-14,2.54011289174665e-17,,,4.91719913368272e-16,1.9646668851790612e-14
0.0052233450742668434,4.793097507253477e-16,3.3892317502672705e-15,1.0347711444269925e-16,3.9999999999999995e-18,5.323682959362508e-21,2.771795783101287e-17,3.2464198486844263e-16,3.834183739509429e-15,1.9144819761699577e-14,2.54011289174665e-17,,,4.903685862224276e-16,1.9533877135057934e-14
0.005253518687299741,4.779313095294637e-16,3.379484699096506e-15,1.0347711444269925e-16,3.9999999999999995e-18,5.323682959362508e-21,2.763824408664981e-17,3.2278248984583847e-16,3.8122221759665714e-15,1.9034861385712338e-14,2.54011289174665e-17,,,4.890213183920877e-16,1.942173332552277e-14
0.0052838666037551656,4.765568325761755e-16,3.369765679353959e-15,1.0347711444269925e-16,3.9999999999999995e-18,5.323682959362508e-21,2.755875959009349e-17,3.2093370415346384e-16,3.7903870949544435e-15,1.8925534556253085e-14,2.54011289174665e-17,,,4.876780986351801e-16,1.9310233702430576e-14
0.00531438983052887,4.751863084647656e-16,3.360074610424383e-15,1.0347711444269925e-16,3.9999999999999995e-18,5.323682959362508e-21,2.7479503682052897e-17,3.190955664501304e-16,3.7686777720030195e-15,1.8816835646030946e-14,2.54011289174665e-17,,,4.86338915742673e-16,1.919937456639996e-14
0.005345089380333145,4.738197258273026e-16,3.350411411924364e-15,1.0347711444269925e-16,3.9999999999999995e-18,5.323682959362508e-21,2.7400475705133024e-17,3.1726801574790743e-16,3.7470934868144235e-15,1.8708761048588353e-14,2.54011289174665e-17,,,4.850037585384753e-16,1.9089152239299796e-14
0.005375966271730381,4.724570733285491e-16,3.3407760037016704e-15,1.0347711444269925e-16,3.9999999999999995e-18,5.323682959362508e-21,2.7321675003829504e-17,3.154509914101008e-16,3.725633523239058e-15,1.8601307178181507e-14,2.54011289174665e-17,,,4.83672615879342e-16,1.8979563064127328e-14
0.005407021529166899,4.710983396658657e-16,3.3311683058345714e-15,1.0347711444269925e-16,3.9999999999999995e-18,5.323682959362508e-21,2.7243100924523074e-17,3.1364443314923765e-16,3.704297169251804e-15,1.849447046966128e-14,2.54011289174665e-17,,,4.823454766547758e-16,1.8870603404886698e-14
0.005438256183006906,4.697435135691188e-16,3.3215882386311886e-15,1.0347711444269925e-16,3.9999999999999995e-18,5.323682959362508e-21,2.7164752815474263e-17,3.118482810250686e-16,3.6830837169284226e-15,1.8388247378355075e-14,2.54011289174665e-17,,,4.810223297869325e-16,1.876226964646846e-14
0.005469671269566714,4.683925838005856e-16,3.3120357226288234e-15,1.0347711444269925e-16,3.9999999999999995e-18,5.323682959362508e-21,2.708663002681788e-17,3.1006247544257577e-16,3.661992462422036e-15,1.8282634379949053e-14,2.54011289174665e-17,,,4.79703164230523e-16,1.8654558194529456e-14
0.005501267831149089,4.670455391548629e-16,3.302510678593308e-15,1.0347711444269925e-16,3.9999999999999995e-18,5.323682959362508e-21,2.7008731910557715e-17,3.082869571499979e-16,3.641022705939792e-15,1.8177627970371384e-14,2.54011289174665e-17,,,4.783879689727199e-16,1.854746547537377e-14
0.005533046916077868,4.657023684587719e-16,3.2930130275183376e-15,1.0347711444269925e-16,3.9999999999999995e-18,5.323682959362508e-21,2.6931057820561084e-17,3.065216672368614e-16,3.62017375171962e-15,1.8073224665675812e-14,2.54011289174665e-17,,,4.770767330330596e-16,1.8440987935833953e-14
0.005565009578732706,4.643630605712673e-16,3.2835426906248264e-15,1.0347711444269925e-16,3.9999999999999995e-18,5.323682959362508e-21,2.6853607112553544e-17,3.047665471320273e-16,3.599444908007159e-15,1.7969421001926207e-14,2.54011289174665e-17,,,4.757694454633483e-16,1.8335122043153303e-14
0.005597156879584095,4.630276043833438e-16,3.274099589360243e-15,1.0347711444269925e-16,3.9999999999999995e-18,5.323682959362508e-21,2.6776379144113484e-17,3.0302153860174613e-16,3.578835487032788e-15,1.7866213535081522e-14,2.54011289174665e-17,,,4.744660953475662e-16,1.8229864284868525e-14
0.005629489885228509,4.616959888179445e-16,3.26468364539797e-15,1.0347711444269925e-16,3.9999999999999995e-18,5.323682959362508e-21,2.6699373274666848e-17,3.0128658374772654e-16,3.55834480498881e-15,1.776359884088163e-14,2.54011289174665e-17,,,4.731666718017733e-16,1.81252111686933e-14
0.005662009668423834,4.603682028298689e-16,3.2552947806366423e-15,1.0347711444269925e-16,3.9999999999999995e-18,5.323682959362508e-21,2.662258886548178e-17,2.995616250052122e-16,3.537972182006748e-15,1.766157351473361e-14,2.54011289174665e-17,,,4.71871163974014e-16,1.8021159222402307e-14
0.005694717308124916,4.590442354056815e-16,3.245932917199512e-15,1.0347711444269925e-16,3.9999999999999995e-18,5.323682959362508e-21,2.6546025279663362e-17,2.9784660514107364e-16,3.5177169421347997e-15,1.7560134171598894e-14,2.54011289174665e-17,,,4.705795610442236e-16,1.7917704993716152e-14
0.005727613889519407,4.577240755636195e-16,3.2365979774337903e-15,1.0347711444269925e-16,3.9999999999999995e-18,5.323682959362508e-21,2.6469681882148297e-17,2.961414672519063e-16,3.4975784133153807e-15,1.7459277445880838e-14,2.54011289174665e-17,,,4.692918522241331e-16,1.7814845050186675e-14
0.005760700504063721,4.564077123535033e-16,3.227289883910014e-15,1.0347711444269925e-16,3.9999999999999995e-18,5.323682959362508e-21,2.6393558039699696e-17,2.9444615476214457e-16,3.477555927362844e-15,1.7358999991313188e-14,2.54011289174665e-17,,,4.680080267571761e-16,1.7712575979083215e-14
0.005793978249519293,4.55095134856644e-16,3.218008559421393e-15,1.0347711444269925e-16,3.9999999999999995e-18,5.323682959362508e-21,2.6317653120901725e-17,2.927606114221815e-16,3.4576488199412826e-15,1.7259298480848916e-14,2.54011289174665e-17,,,4.667280739183947e-16,1.7610894387279236e-14
0.005827448229988962,4.537863321857542e-16,3.2087539269831805e-15,1.0347711444269925e-16,3.9999999999999995e-18,5.323682959362508e-21,2.624196649615449e-17,2.9108478130650464e-16,3.437856430542505e-15,1.7160169606549973e-14,2.54011289174665e-17,,,4.654519830143461e-16,1.7509796901139896e-14
0.005861111555953619,4.52481293484857e-16,3.1995259098320283e-15,1.0347711444269925e-16,3.9999999999999995e-18,5.323682959362508e-21,2.6166497537668737e-17,2.894186088118385e-16,3.4181781024640968e-15,1.7061610079477448e-14,2.54011289174665e-17,,,4.641797433830098e-16,1.7409280166410017e-14
0.005894969344309065,4.51180007929196e-16,3.190324431425348e-15,1.0347711444269925e-16,3.9999999999999995e-18,5.323682959362508e-21,2.6091245619460665e-17,2.877620386552989e-16,3.3986131827876278e-15,1.6963616629582448e-14,2.54011289174665e-17,,,4.629113443936937e-16,1.7309340848102797e-14
0.005929022718403054,4.498824647251453e-16,3.1811494154406795e-15,1.0347711444269925e-16,3.9999999999999995e-18,5.323682959362508e-21,2.6016210117346693e-17,2.8611501587255876e-16,3.3791610223569835e-15,1.6866186005597628e-14,2.54011289174665e-17,,,4.616467754469418e-16,1.720997563038919e-14
0.0059632728080725545,4.485886531101205e-16,3.1720007857750607e-15,1.0347711444269925e-16,3.9999999999999995e-18,5.323682959362508e-21,2.5941390408938383e-17,2.8447748581602434e-16,3.3598209757568293e-15,1.6769314974929336e-14,2.54011289174665e-17,,,4.603860259744419e-16,1.7111181216487907e-14
0.005997720749681244,4.472985623524898e-16,3.1628784665443925e-15,1.0347711444269925e-16,3.9999999999999995e-18,5.323682959362508e-21,2.5866785873637203e-17,2.8284939415302116e-16,3.3405924012911843e-15,1.6673000323550347e-14,2.54011289174665e-17,,,4.591290854389337e-16,1.7012954328556023e-14
0.006032367686157227,4.460121817514832e-16,3.1537823820828075e-15,1.0347711444269925e-16,3.9999999999999995e-18,5.323682959362508e-21,2.5792395892629363e-17,2.8123068686398993e-16,3.3214746609621136e-15,1.6577238855893176e-14,2.54011289174665e-17,,,4.57875943334115e-16,1.6915291707580172e-14
0.006067214767030941,4.447295006371057e-16,3.1447124569420443e-15,1.0347711444269925e-16,3.9999999999999995e-18,5.323682959362508e-21,2.5718219848880722e-17,2.7962131024069434e-16,3.3024671204485624e-15,1.6482027394744114e-14,2.54011289174665e-17,,,4.566265891845512e-16,1.6818190113268463e-14
0.006102263148473288,4.434505083700477e-16,3.135668615890826e-15,1.0347711444269925e-16,3.9999999999999995e-18,5.323682959362508e-21,2.564425712713167e-17,2.780212108844392e-16,3.2835691490853106e-15,1.6387362781137814e-14,2.54011289174665e-17,,,4.553810125455839e-16,1.6721646323943005e-14
0.006137513993333999,4.4217519434159765e-16,3.126650783914232e-15,1.0347711444269925e-16,3.9999999999999995e-18,5.323682959362508e-21,2.5570507113892042e-17,2.7643033570429746e-16,3.264780119842034e-15,1.629324187425247e-14,2.54011289174665e-17,,,4.54139203003239e-16,1.6625657136432973e-14
0.006172968471180238,4.409035479735526e-16,3.1176588862130733e-15,1.0347711444269925e-16,3.9999999999999995e-18,5.323682959362508e-21,2.5496969197435945e-17,2.7484863191534725e-16,3.2460994093024806e-15,1.6199661551305564e-14,2.54011289174665e-17,,,4.529011501741348e-16,1.65302193659683e-14
0.0062086277583353845,4.396355587181316e-16,3.1086928482032745e-15,1.0347711444269925e-16,3.9999999999999995e-18,5.323682959362508e-21,2.5423642767796765e-17,2.73276047036921e-16,3.227526397643796e-15,1.6106618707450312e-14,2.54011289174665e-17,,,4.516668437053923e-16,1.6435329846074067e-14
0.006244493037918056,4.383712160578883e-16,3.0997525955152597e-15,1.0347711444269925e-16,3.9999999999999995e-18,5.323682959362508e-21,2.5350527216762095e-17,2.7171252889086376e-16,3.2090604686159467e-15,1.6014110255672648e-14,2.54011289174665e-17,,,4.504362732745435e-16,1.6340985428465445e-14
0.006280565499881372,4.3711050950562336e-16,3.090838053993331e-15,1.0347711444269925e-16,3.9999999999999995e-18,5.323682959362508e-21,2.5277621937868684e-17,2.7015802559980077e-16,3.190701009521268e-15,1.5922133126688803e-14,2.54011289174665e-17,,,4.492094285894421e-16,1.624718298294323e-14
0.006316846341052445,4.358534286042969e-16,3.081949149695051e-15,1.0347711444269925e-16,3.9999999999999995e-18,5.323682959362508e-21,2.5204926326397378e-17,2.686124855854154e-16,3.1724474111941163e-15,1.5830684268843412e-14,2.54011289174665e-17,,,4.479862993881715e-16,1.6153919397289938e-14
0.006353336765172084,4.345999629269425e-16,3.0730858088906316e-15,1.0347711444269925e-16,3.9999999999999995e-18,5.323682959362508e-21,2.5132439779368127e-17,2.6707585756673704e-16,3.154299067980658e-15,1.5739760648008317e-14,2.54011289174665e-17,,,4.467668754389556e-16,1.6061191577166595e-14
0.006390037982934712,4.3335010207658075e-16,3.064247958062328e-15,1.0347711444269925e-16,3.9999999999999995e-18,5.323682959362508e-21,2.5060161695535e-17,2.6554809055844025e-16,3.13625537771877e-15,1.564935924748191e-14,2.54011289174665e-17,,,4.455511465400695e-16,1.5968996446010083e-14
0.006426951212028551,4.3210383568613303e-16,3.0554355239038236e-15,1.0347711444269925e-16,3.9999999999999995e-18,5.323682959362508e-21,2.4988091475381202e-17,2.6402913386915146e-16,3.118315741718054e-15,1.5559477067889055e-14,2.54011289174665e-17,,,4.443391025197491e-16,1.5877330944931077e-14
0.006464077677176037,4.308611534183347e-16,3.0466484333196188e-15,1.0347711444269925e-16,3.9999999999999995e-18,5.323682959362508e-21,2.491622852111404e-17,2.62518937099766e-16,3.1004795647399464e-15,1.547011112708148e-14,2.54011289174665e-17,,,4.4313073323610177e-16,1.5786192032612452e-14
0.00650141861017444,4.296220449656499e-16,3.0378866134244286e-15,1.0347711444269925e-16,3.9999999999999995e-18,5.323682959362508e-21,2.4844572236660003e-17,2.610174501417755e-16,3.0827462549779767e-15,1.538125846003891e-14,2.54011289174665e-17,,,4.419260285770169e-16,1.5695576685208476e-14
0.006538975249936719,4.2838650005018663e-16,3.0291499915425827e-15,1.0347711444269925e-16,3.9999999999999995e-18,5.323682959362508e-21,2.4773122027659862e-17,2.595246231756054e-16,3.065115224038125e-15,1.5292916118770714e-14,2.54011289174665e-17,,,4.4072497846007777e-16,1.5605481896244478e-14
0.006576748842532644,4.271545084236109e-16,3.020438495207415e-15,1.0347711444269925e-16,3.9999999999999995e-18,5.323682959362508e-21,2.470187730146368e-17,2.580404066689608e-16,3.0475858869192846e-15,1.5205081172218056e-14,2.54011289174665e-17,,,4.395275728324722e-16,1.551590467651707e-14
0.006614740641230145,4.2592605986706143e-16,3.0117520521606653e-15,1.0347711444269925e-16,3.9999999999999995e-18,5.323682959362508e-21,2.4630837467125907e-17,2.5656475137518133e-16,3.0301576619938404e-15,1.511775070615663e-14,2.54011289174665e-17,,,4.383338016709036e-16,1.5426842053994968e-14
0.006652951906536891,4.24701144191065e-16,3.0030905903518777e-15,1.0347711444269925e-16,3.9999999999999995e-18,5.323682959362508e-21,2.4560001935400474e-17,2.550976083316075e-16,3.0128299709883623e-15,1.5030921823099982e-14,2.54011289174665e-17,,,4.371436549815029e-16,1.5338291073720363e-14
0.006691383906242087,4.2347975123545294e-16,2.99445403793781e-15,1.0347711444269925e-16,3.9999999999999995e-18,5.323682959362508e-21,2.448937011873595e-17,2.536389288579553e-16,2.995602238964422e-15,1.4944591642203428e-14,2.54011289174665e-17,,,4.3595712279974112e-16,1.5250248797710963e-14
0.006730037915458556,4.2226187086927585e-16,2.985842323281832e-15,1.0347711444269925e-16,3.9999999999999995e-18,5.323682959362508e-21,2.4418941431270632e-17,2.521886645547003e-16,2.9784738942995e-15,1.4858757299168413e-14,2.54011289174665e-17,,,4.3477419519034065e-16,1.5162712304862437e-14
0.006768915216665058,4.2104749299071947e-16,2.977255374953331e-15,1.0347711444269925e-16,3.9999999999999995e-18,5.323682959362508e-21,2.4348715288827662e-17,2.507467673014701e-16,2.9614443686679995e-15,1.47734159461475e-14,2.54011289174665e-17,,,4.335948622471874e-16,1.5075678690851522e-14
0.00680801709974883,4.1983660752702115e-16,2.968693121727118e-15,1.0347711444269925e-16,3.9999999999999995e-18,5.323682959362508e-21,2.4278691108910226e-17,2.4931318925544776e-16,2.944513097022392e-15,1.4688564751649836e-14,2.54011289174665e-17,,,4.324191140932434e-16,1.4989145068039635e-14
0.006847344862048363,4.18629204434387e-16,2.9601554925828458e-15,1.0347711444269925e-16,3.9999999999999995e-18,5.323682959362508e-21,2.4208868310696702e-17,2.4788788284978364e-16,2.927679517574464e-15,1.4604200900447316e-14,2.54011289174665e-17,,,4.3124694088046034e-16,1.4903108565377132e-14
0.006886899808396465,4.1742527369790764e-16,2.951642416704411e-15,1.0347711444269925e-16,3.9999999999999995e-18,5.323682959362508e-21,2.413924631503587e-17,2.4647080079201624e-16,2.9109430717766597e-15,1.4520321593481093e-14,2.54011289174665e-17,,,4.3007833278969145e-16,1.481756632830801e-14
0.006926683251163562,4.1622480533147537e-16,2.943153823479369e-15,1.0347711444269925e-16,3.9999999999999995e-18,5.323682959362508e-21,2.4069824544442053e-17,2.450618960625015e-16,2.8943032043035336e-15,1.4436924047768713e-14,2.54011289174665e-17,,,4.289132800306048e-16,1.4732515518675173e-14
0.006966696510301229,4.150277893777011e-16,2.9346896424983466e-15,1.0347711444269925e-16,3.9999999999999995e-18,5.323682959362508e-21,2.4000602423090352e-17,2.436611219128525e-16,2.8777593630333246e-15,1.435400549631179e-14,2.54011289174665e-17,,,4.2775177284159667e-16,1.4647953314626288e-14
0.0070069409133859725,4.138342159078328e-16,2.926249803554464e-15,1.0347711444269925e-16,3.9999999999999995e-18,5.323682959362508e-21,2.393157937681191e-17,2.422684318643878e-16,2.8613109990296235e-15,1.4271563188004232e-14,2.54011289174665e-17,,,4.2659380148970545e-16,1.4563876910520185e-14
0.007047417795663286,4.126440750216722e-16,2.9178342366427487e-15,1.0347711444269925e-16,3.9999999999999995e-18,5.323682959362508e-21,2.3862754833089098e-17,2.4088377970658806e-16,2.8449575665231544e-15,1.4189594387540953e-14,2.54011289174665e-17,,,4.2543935627052526e-16,1.448028351683376e-14
0.007088128500091977,4.1145735684749234e-16,2.9094428719595495e-15,1.0347711444269925e-16,3.9999999999999995e-18,5.323682959362508e-21,2.3794128221050773e-17,2.395071194955613e-16,2.828698522893639e-15,1.4108096375327051e-14,2.54011289174665e-17,,,4.2428842750811873e-16,1.4397170360069362e-14
0.007129074377388672,4.10274051541957e-16,2.9010756399019692e-15,1.0347711444269925e-16,3.9999999999999995e-18,5.323682959362508e-21,2.3725698971467584e-17,2.3813840555251877e-16,2.8125333286518033e-15,1.4027066447387699e-14,2.54011289174665e-17,,,4.23141005554933e-16,1.4314534682662878e-14
0.007170256786072689,4.0909414929003766e-16,2.8927324710672747e-15,1.0347711444269925e-16,3.9999999999999995e-18,5.323682959362508e-21,2.365746651674718e-17,2.3677759246225716e-16,2.7964614474214474e-15,1.3946501915278302e-14,2.54011289174665e-17,,,4.2199708079171243e-16,1.423237374289213e-14
0.007211677092511057,4.079176403049333e-16,2.884413296252333e-15,1.0347711444269925e-16,3.9999999999999995e-18,5.323682959362508e-21,2.3589430290929572e-17,2.354246350716521e-16,2.780482345921654e-15,1.3866400105995414e-14,2.54011289174665e-17,,,4.2085664362741433e-16,1.4150684814786019e-14
0.007253336670963896,4.0674451482798805e-16,2.8761180464530256e-15,1.0347711444269925e-16,3.9999999999999995e-18,5.323682959362508e-21,2.3521589729682388e-17,2.3407948848815753e-16,2.7645954939490685e-15,1.3786758361887948e-14,2.54011289174665e-17,,,4.197196844991224e-16,1.4069465188033968e-14
0.007295236903629974,4.055747631286115e-16,2.8678466528636894e-15,1.0347711444269925e-16,3.9999999999999995e-18,5.323682959362508e-21,2.3453944270296242e-17,2.3274210807831696e-16,2.748800364360309e-15,1.3707574040569112e-14,2.54011289174665e-17,,,4.185861938719632e-16,1.3988712167896121e-14
0.007337379180692605,4.0440837550419655e-16,2.859599046876531e-15,1.0347711444269925e-16,3.9999999999999995e-18,5.323682959362508e-21,2.338649335167999e-17,2.314124494662797e-16,2.7330964330544485e-15,1.3628844514828603e-14,2.54011289174665e-17,,,4.1745616223901965e-16,1.3908423075113796e-14
0.007379764900365727,4.032453422800406e-16,2.851375160081071e-15,1.0347711444269925e-16,3.9999999999999995e-18,5.323682959362508e-21,2.331923641435619e-17,2.30090468532329e-16,2.717483178955632e-15,1.355056717254559e-14,2.54011289174665e-17,,,4.1632958012124785e-16,1.3828595245820738e-14
0.007422395468940347,4.0208565380926346e-16,2.8431749242635675e-15,1.0347711444269925e-16,3.9999999999999995e-18,5.323682959362508e-21,2.3252172900456323e-17,2.28776121411416e-16,2.701960083995755e-15,1.3472739416601907e-14,2.54011289174665e-17,,,4.1520643806739116e-16,1.3749226031454605e-14
0.007465272300831139,4.009293004727293e-16,2.8349982714064574e-15,1.0347711444269925e-16,3.9999999999999995e-18,5.323682959362508e-21,2.3185302253716293e-17,2.274693644917042e-16,2.6865266330972818e-15,1.3395358664796004e-14,2.54011289174665e-17,,,4.1408672665389736e-16,1.3670312798669197e-14
0.007508396818623435,3.9977627267896487e-16,2.8268451336877834e-15,1.0347711444269925e-16,3.9999999999999995e-18,5.323682959362508e-21,2.311862391947172e-17,2.2617015441312053e-16,2.671182314156122e-15,1.331842234975717e-14,2.54011289174665e-17,,,4.1297043648483305e-16,1.3591852929246992e-14
0.007551770453120364,3.986265608640817e-16,2.818715443480642e-15,1.0347711444269925e-16,3.9999999999999995e-18,5.323682959362508e-21,2.3052137344653406e-17,2.248784480659162e-16,2.655926618024647e-15,1.3241927918860453e-14,2.54011289174665e-17,,,4.118575581918012e-16,1.351384382001238e-14
0.007595394643390379,3.9748015549169535e-16,2.810609133352611e-15,1.0347711444269925e-16,3.9999999999999995e-18,5.323682959362508e-21,2.2985841977782686e-17,2.2359420258923455e-16,2.640759038494763e-15,1.316587283414186e-14,2.54011289174665e-17,,,4.10748082433856e-16,1.3436282882745177e-14
0.007639270836814948,3.9633704705284774e-16,2.8025261360652037e-15,1.0347711444269925e-16,3.9999999999999995e-18,5.323682959362508e-21,2.2919737268966925e-17,2.2231737536968893e-16,2.625679072281124e-15,1.3090254572214269e-14,2.54011289174665e-17,,,4.0964199989742104e-16,1.3359167544094878e-14
0.007683400489136636,3.9519722606592646e-16,2.794466384573296e-15,1.0347711444269925e-16,3.9999999999999995e-18,5.323682959362508e-21,2.285382266989487e-17,2.21047924039946e-16,2.610686219004394e-15,1.3015070624183582e-14,2.54011289174665e-17,,,4.085393012962039e-16,1.3282495245495144e-14
0.007727785064507338,3.9406068307658826e-16,2.7864298120245853e-15,1.0347711444269925e-16,3.9999999999999995e-18,5.323682959362508e-21,2.278809763383221e-17,2.197858064773207e-16,2.5957799811746566e-15,1.2940318495565612e-14,2.54011289174665e-17,,,4.074399773711151e-16,1.3206263443079046e-14
0.0077724260355369265,3.9292740865767855e-16,2.7784163517590223e-15,1.0347711444269925e-16,3.9999999999999995e-18,5.323682959362508e-21,2.272256161561691e-17,2.1853098080237564e-16,2.5809598641748697e-15,1.2865995706203193e-14,2.54011289174665e-17,,,4.0634401889018347e-16,1.3130469607594537e-14
0.007817324883342042,3.91797393409155e-16,2.7704259373082704e-15,1.0347711444269925e-16,3.9999999999999995e-18,5.323682959362508e-21,2.2657214071654836e-17,2.1728340537753192e-16,2.5662253762444627e-15,1.2792099790184013e-14,2.54011289174665e-17,,,4.052514166484747e-16,1.3055111224320653e-14
0.0078624830975953,3.9067062795800794e-16,2.7624585023951424e-15,1.0347711444269925e-16,3.9999999999999995e-18,5.323682959362508e-21,2.2592054459915093e-17,2.160430388056849e-16,2.5515760284629856e-15,1.2718628295758689e-14,2.54011289174665e-17,,,4.0416216146800743e-16,1.2980185792983964e-14
0.007907902176574652,3.895471029581843e-16,2.754513980933063e-15,1.0347711444269925e-16,3.9999999999999995e-18,5.323682959362508e-21,2.2527082239925675e-17,2.1480983992883086e-16,2.5370113347338884e-15,1.264557878525952e-14,2.54011289174665e-17,,,4.0307624419767247e-16,1.290569082767573e-14
0.00795358362721316,3.884268090905083e-16,2.746592307025509e-15,1.0347711444269925e-16,3.9999999999999995e-18,5.323682959362508e-21,2.2462296872768856e-17,2.135837678266985e-16,2.5225308117683605e-15,1.2572948835019518e-14,2.54011289174665e-17,,,4.019936557131489e-16,1.2831623856769318e-14
0.007999528965148928,3.87309737062606e-16,2.738693414965474e-15,1.0347711444269925e-16,3.9999999999999995e-18,5.323682959362508e-21,2.2397697821076825e-17,2.1236478181539176e-16,2.5081339790693004e-15,1.2500736035292085e-14,2.54011289174665e-17,,,4.0091438691682347e-16,1.275798242283829e-14
0.008045739714775456,3.861958776088264e-16,2.730817239234911e-15,1.0347711444269925e-16,3.9999999999999995e-18,5.323682959362508e-21,2.2333284549027142e-17,2.1115284144603664e-16,2.4938203589153347e-15,1.2428937990170969e-14,2.54011289174665e-17,,,3.9983842873770786e-16,1.2684764082574785e-14
0.00809221740929215,3.8508522149016627e-16,2.7229637145042022e-15,1.0347711444269925e-16,3.9999999999999995e-18,5.323682959362508e-21,2.2269056522338367e-17,2.0994790650343958e-16,2.4795894763449718e-15,1.2357552317510869e-14,2.54011289174665e-17,,,3.9876577213135765e-16,1.2611966406708538e-14
0.008138963590755256,3.83977759494192e-16,2.7151327756316037e-15,1.0347711444269925e-16,3.9999999999999995e-18,5.323682959362508e-21,2.2205013208265553e-17,2.0874993700475014e-16,2.4654408591408085e-15,1.2286576648848295e-14,2.54011289174665e-17,,,3.9769640807979017e-16,1.2539586979926189e-14
0.00818597981012896,3.828734824349646e-16,2.7073243576627195e-15,1.0347711444269925e-16,3.9999999999999995e-18,5.323682959362508e-21,2.214115407559592e-17,2.0755889319813462e-16,2.451374037813865e-15,1.2216008629323096e-14,2.54011289174665e-17,,,3.9663032759140417e-16,1.2467623400791248e-14
0.008233267627336912,3.8177238115296203e-16,2.699538395829947e-15,1.0347711444269925e-16,3.9999999999999995e-18,5.323682959362508e-21,2.2077478594644332e-17,2.063747355614538e-16,2.437388545587968e-15,1.214584591760021e-14,2.54011289174665e-17,,,3.9556752170089745e-16,1.2396073281664299e-14
0.008280828611313911,3.806744465150049e-16,2.6917748255519568e-15,1.0347711444269925e-16,3.9999999999999995e-18,5.323682959362508e-21,2.201398623724904e-17,2.0519742480095216e-16,2.423483918384268e-15,1.2076086185792112e-14,2.54011289174665e-17,,,3.945079814691875e-16,1.2324934248623915e-14
0.008328664340058033,3.79579669414179e-16,2.684033582433139e-15,1.0347711444269925e-16,3.9999999999999995e-18,5.323682959362508e-21,2.1950676476767157e-17,2.0402692184995068e-16,2.409659694805804e-15,1.2006727119381451e-14,2.54011289174665e-17,,,3.9345169798332916e-16,1.2254203941387769e-14
0.008376776400682925,3.7848804076976103e-16,2.676314602263085e-15,1.0347711444269925e-16,3.9999999999999995e-18,5.323682959362508e-21,2.1887548788070415e-17,2.0286318786755078e-16,2.3959154161221934e-15,1.1937766417144357e-14,2.54011289174665e-17,,,3.923986623564353e-16,1.2183880013234417e-14
0.008425166389470481,3.77399551527143e-16,2.6686178210160473e-15,1.0347711444269925e-16,3.9999999999999995e-18,5.323682959362508e-21,2.182460264754075e-17,2.0170618423734343e-16,2.382250626254389e-15,1.1869201791074059e-14,2.54011289174665e-17,,,3.9134886572759624e-16,1.2113960130925407e-14
0.008473835911923838,3.763141926577567e-16,2.6609431748504064e-15,1.0347711444269925e-16,3.9999999999999995e-18,5.323682959362508e-21,2.1761837533065943e-17,2.005558725661256e-16,2.3686648717595144e-15,1.1801030966304933e-14,2.54011289174665e-17,,,3.903022992617987e-16,1.2044441974627829e-14
0.008522786582820607,3.752319551589986e-16,2.6532906001081442e-15,1.0347711444269925e-16,3.9999999999999995e-18,5.323682959362508e-21,2.1699252924035308e-17,1.9941221468262564e-16,2.3551577018158172e-15,1.1733251681037063e-14,2.54011289174665e-17,,,3.8925895414984636e-16,1.1975323237837381e-14
0.008572020026266452,3.741528300541565e-16,2.645660033314319e-15,1.0347711444269925e-16,3.9999999999999995e-18,5.323682959362508e-21,2.1636848301335403e-17,1.982751726362352e-16,2.3417286682076857e-15,1.1665861686461206e-14,2.54011289174665e-17,,,3.882188216082806e-16,1.1906601627301852e-14
0.008621537875748972,3.73076808392334e-16,2.6380514111765364e-15,1.0347711444269925e-16,3.9999999999999995e-18,5.323682959362508e-21,2.15746231473457e-17,1.971447086957483e-16,2.3283773253107618e-15,1.1598858746684192e-14,2.54011289174665e-17,,,3.871818928793e-16,1.1838274862945048e-14
0.008671341774191932,3.720038812483761e-16,2.630464670584419e-15,1.0347711444269925e-16,3.9999999999999995e-18,5.323682959362508e-21,2.1512576945934257e-17,1.9602078534810692e-16,2.3151032300771217e-15,1.153224063865466e-14,2.54011289174665e-17,,,3.86148159230681e-16,1.1770340677791056e-14
0.008721433374009744,3.709340397227957e-16,2.62289974860909e-15,1.0347711444269925e-16,3.9999999999999995e-18,5.323682959362508e-21,2.145070918245348e-17,1.949033652971556e-16,2.301905942020571e-15,1.1466005152089382e-14,2.54011289174665e-17,,,3.851176119556986e-16,1.1702796817889114e-14
0.008771814337162278,3.698672749416998e-16,2.6153565825026515e-15,1.0347711444269925e-16,3.9999999999999995e-18,5.323682959362508e-21,2.1389019343735873e-17,1.9379241146240218e-16,2.2887850232020037e-15,1.1400150089399916e-14,2.54011289174665e-17,,,3.840902423730476e-16,1.1635641042238818e-14
0.008822486335210026,3.688035780567159e-16,2.6078351096976603e-15,1.0347711444269925e-16,3.9999999999999995e-18,5.323682959362508e-21,2.1327506918089726e-17,1.9268788697778536e-16,2.2757400382148525e-15,1.1334673265619678e-14,2.54011289174665e-17,,,3.8306604182676333e-16,1.156887112271575e-14
0.008873451049369565,3.677429402449179e-16,2.6003352678066078e-15,1.0347711444269925e-16,3.9999999999999995e-18,5.323682959362508e-21,2.1266171395294904e-17,1.915897551904497e-16,2.262770554170615e-15,1.1269572508331438e-14,2.54011289174665e-17,,,3.820450016861426e-16,1.1502484843997537e-14
0.008924710170569339,3.666853527087535e-16,2.5928569946214058e-15,1.0347711444269925e-16,3.9999999999999995e-18,5.323682959362508e-21,2.1205012266598595e-17,1.9049797965952737e-16,2.24987614068447e-15,1.1204845657595248e-14,2.54011289174665e-17,,,3.8102711334566523e-16,1.143648000349037e-14
0.008976265399505724,3.6563080667597167e-16,2.5854002281128717e-15,1.0347711444269925e-16,3.9999999999999995e-18,5.323682959362508e-21,2.1144029024711118e-17,1.894125241549284e-16,2.237056369860986e-15,1.1140490565876814e-14,2.54011289174665e-17,,,3.800123682249161e-16,1.1370854411255937e-14
0.009028118446699488,3.645792933995492e-16,2.5779649064302116e-15,1.0347711444269925e-16,3.9999999999999995e-18,5.323682959362508e-21,2.1083221163801716e-17,1.8833335265613572e-16,2.224310816279893e-15,1.1076505097976217e-14,2.54011289174665e-17,,,3.7900075776850637e-16,1.1305605889938758e-14
0.00908027103255255,3.6353080415761815e-16,2.5705509679005056e-15,1.0347711444269925e-16,3.9999999999999995e-18,5.323682959362508e-21,2.1022588179494308e-17,1.8726042935100776e-16,2.211639056981941e-15,1.1012887130957042e-14,2.54011289174665e-17,,,3.779922734459952e-16,1.1240732274693904e-14
0.00913272488740505,3.624853302533935e-16,2.5631583510281973e-15,1.0347711444269925e-16,3.9999999999999995e-18,5.323682959362508e-21,2.0962129568863358e-17,1.861937186345889e-16,2.1990406714548475e-15,1.0949634554075979e-14,2.54011289174665e-17,,,3.769869067518118e-16,1.1176231413115211e-14
0.009185481751592738,3.614428630151017e-16,2.555786994494588e-15,1.0347711444269925e-16,3.9999999999999995e-18,5.323682959362508e-21,2.090184483042969e-17,1.8513318510792643e-16,2.1865152416193263e-15,1.0886745268712799e-14,2.54011289174665e-17,,,3.7598464920517836e-16,1.1112101165163869e-14
0.00923854337550473,3.6040339379590833e-16,2.5484368371573246e-15,1.0347711444269925e-16,3.9999999999999995e-18,5.323682959362508e-21,2.0841733464156343e-17,1.8407879357689332e-16,2.174062351815188e-15,1.0824217188300714e-14,2.54011289174665e-17,,,3.749854923500322e-16,1.1048339403097415e-14
0.009291911519641606,3.5936691397384576e-16,2.54110781804989e-15,1.0347711444269925e-16,3.9999999999999995e-18,5.323682959362508e-21,2.0781794971444375e-17,1.8303050905101854e-16,2.161681588787518e-15,1.0762048238257122e-14,2.54011289174665e-17,,,3.7398942775494727e-16,1.0984944011399102e-14
0.009345587954673804,3.5833341495174225e-16,2.5337998763810993e-15,1.0347711444269925e-16,3.9999999999999995e-18,5.323682959362508e-21,2.0722028855128765e-17,1.8198829674232396e-16,2.149372541672948e-15,1.0700236355914793e-14,2.54011289174665e-17,,,3.7299644701305795e-16,1.092191288670773e-14
0.009399574461500346,3.5730288815715094e-16,2.5265129515346e-15,1.0347711444269925e-16,3.9999999999999995e-18,5.323682959362508e-21,2.0662434619474295e-17,1.8095212206416855e-16,2.137134801985997e-15,1.063877949045346e-14,2.54011289174665e-17,,,3.7200654174198196e-16,1.085924393774789e-14
0.00945387283130794,3.562753250422784e-16,2.5192469830683646e-15,1.0347711444269925e-16,3.9999999999999995e-18,5.323682959362508e-21,2.060301177017144e-17,1.7992195063009825e-16,2.1249679636054965e-15,1.057767560283176e-14,2.54011289174665e-17,,,3.710197035837431e-16,1.079693508526056e-14
0.009508484865630436,3.552507170839132e-16,2.512001910714187e-15,1.0347711444269925e-16,3.9999999999999995e-18,5.323682959362508e-21,2.0543759814332216e-17,1.7889774825270242e-16,2.112871622761076e-15,1.0516922665719545e-14,2.54011289174665e-17,,,3.7003592420469394e-16,1.073498426193408e-14
0.009563412376408578,3.5422905578335585e-16,2.5047776743771877e-15,1.0347711444269925e-16,3.9999999999999995e-18,5.323682959362508e-21,2.0484678260486147e-17,1.7787948094247768e-16,2.1008453780197495e-15,1.0456518663430654e-14,2.54011289174665e-17,,,3.690551952954399e-16,1.0673389412335592e-14
0.009618657186050095,3.5321033266634854e-16,2.497574214135314e-15,1.0347711444269925e-16,3.9999999999999995e-18,5.323682959362508e-21,2.042576661857618e-17,1.7686711490669817e-16,2.088888830272574e-15,1.039646159185605e-14,2.54011289174665e-17,,,3.6807750857076293e-16,1.0612148492842871e-14
0.00967422112749019,3.521945392830043e-16,2.4903914702388426e-15,1.0347711444269925e-16,3.9999999999999995e-18,5.323682959362508e-21,2.0367024399954615e-17,1.758606165482917e-16,2.077001582721371e-15,1.0336749458397306e-14,2.54011289174665e-17,,,3.671028557695447e-16,1.0551259471576487e-14
0.009730106044252375,3.5118166720773696e-16,2.4832293831098822e-15,1.0347711444269925e-16,3.9999999999999995e-18,5.323682959362508e-21,2.0308451117379027e-17,1.7485995246472232e-16,2.065183240865534e-15,1.0277380281900476e-14,2.54011289174665e-17,,,3.661312286546904e-16,1.0490720328332376e-14
0.009786313790509612,3.501717080391912e-16,2.47608789334188e-15,1.0347711444269925e-16,3.9999999999999995e-18,5.323682959362508e-21,2.0250046285008242e-17,1.7386508944687987e-16,2.0534334124889095e-15,1.021835209259038e-14,2.54011289174665e-17,,,3.651626190130529e-16,1.0430529054514831e-14
0.009842846231145817,3.4916465340017356e-16,2.4689669416991324e-15,1.0347711444269925e-16,3.9999999999999995e-18,5.323682959362508e-21,2.019180941839834e-17,1.728759944779762e-16,2.0417517076467654e-15,1.0159662932005277e-14,2.54011289174665e-17,,,3.6419701865535747e-16,1.0370683653069888e-14
0.009899705241817745,3.4816049493758235e-16,2.4618664691162913e-15,1.0347711444269925e-16,3.9999999999999995e-18,5.323682959362508e-21,2.0133740034498602e-17,1.7189263473244674e-16,2.0301377386528132e-15,1.0101310852931858e-14,2.54011289174665e-17,,,3.6323441941612547e-16,1.0311182138419026e-14
0.009956892709017255,3.4715922432233816e-16,2.4547864166978713e-15,1.0347711444269925e-16,3.9999999999999995e-18,5.323682959362508e-21,2.0075837651647488e-17,1.7091497757485845e-16,2.018591120066314e-15,1.0043293919340625e-14,2.54011289174665e-17,,,3.6227481315359886e-16,1.0252022536393288e-14
0.010014410530133867,3.4616083324931505e-16,2.447726725717764e-15,1.0347711444269925e-16,3.9999999999999995e-18,5.323682959362508e-21,2.0018101789568665e-17,1.699429905588249e-16,2.0071114686792624e-15,9.985610206321676e-15,2.54011289174665e-17,,,3.6131819174966484e-16,1.0193202884167796e-14
0.010072260613517698,3.4516531343727217e-16,2.440687337618753e-15,1.0347711444269925e-16,3.9999999999999995e-18,5.323682959362508e-21,1.9960531969367043e-17,1.6897664142592737e-16,1.9956984035036464e-15,9.92825780002086e-15,2.54011289174665e-17,,,3.603645471097813e-16,1.0134721230196637e-14
0.010130444878542819,3.4417265662878423e-16,2.433668194012025e-15,1.0347711444269925e-16,3.9999999999999995e-18,5.323682959362508e-21,1.9903127713524767e-17,1.6801589810464127e-16,1.9843515457587675e-15,9.871234797576252e-15,2.54011289174665e-17,,,3.594138711629011e-16,1.0076575634148097e-14
0.010188965255670914,3.431828545901734e-16,2.4266692366766854e-15,1.0347711444269925e-16,3.9999999999999995e-18,5.323682959362508e-21,1.9845888545897262e-17,1.670607287092697e-16,1.973070518858643e-15,9.814539307055012e-15,2.54011289174665e-17,,,3.5846615586139724e-16,1.0018764166840274e-14
0.010247823686515334,3.4219589911144115e-16,2.4196904075592774e-15,1.0347711444269925e-16,3.9999999999999995e-18,5.323682959362508e-21,1.978881399170931e-17,1.6611110153888254e-16,1.9618549483994793e-15,9.758169447390637e-15,2.54011289174665e-17,,,3.575213931809886e-16,9.961284910177098e-15
0.010307022123905517,3.4121178200619975e-16,2.4127316487732986e-15,1.0347711444269925e-16,3.9999999999999995e-18,5.323682959362508e-21,1.9731903577551076e-17,1.651669850762619e-16,1.9507044621472154e-15,9.702123348320533e-15,2.54011289174665e-17,,,3.565795751206648e-16,9.904135957084663e-15
0.010366562531951775,3.402304951116048e-16,2.4057929025987226e-15,1.0347711444269925e-16,3.9999999999999995e-18,5.323682959362508e-21,1.9675156831374208e-17,1.6422834798685378e-16,1.939618690025142e-15,9.646399150323979e-15,2.54011289174665e-17,,,3.5564069370261216e-16,9.847315411447972e-15
0.01042644688611047,3.392520302882872e-16,2.398874111481519e-15,1.0347711444269925e-16,3.9999999999999995e-18,5.323682959362508e-21,1.9618573282487914e-17,1.63295159117725e-16,1.928597264101583e-15,9.590995004560414e-15,2.54011289174665e-17,,,3.5470474097213924e-16,9.790821388048021e-15
0.01048667717324955,3.382763794202859e-16,2.391975218033176e-15,1.0347711444269925e-16,3.9999999999999995e-18,5.323682959362508e-21,1.9562152461555044e-17,1.6236738749652728e-16,1.9176398185776587e-15,9.535909072808101e-15,2.54011289174665e-17,,,3.53771708997603e-16,9.73465201249924e-15
0.010547255391714465,3.373035344149803e-16,2.3850961650302255e-15,1.0347711444269925e-16,3.9999999999999995e-18,5.323682959362508e-21,1.9505893900588227e-17,1.6144500233046596e-16,1.9067459897751084e-15,9.481139527403151e-15,2.54011289174665e-17,,,3.528415898703344e-16,9.678805421187322e-15
0.010608183551394482,3.3633348720302335e-16,2.378236895413767e-15,1.0347711444269925e-16,3.9999999999999995e-18,5.323682959362508e-21,1.9449797132945954e-17,1.6052797300527573e-16,1.895915416124191e-15,9.426684551178854e-15,2.54011289174665e-17,,,3.5191437570456504e-16,9.623279761207366e-15
0.01066946367378936,3.353662297382745e-16,2.3713973522889946e-15,1.0347711444269925e-16,3.9999999999999995e-18,5.323682959362508e-21,1.939386169332874e-17,1.5961626908420156e-16,1.885147738151651e-15,9.372542337405424e-15,2.54011289174665e-17,,,3.509900586373531e-16,9.568073190302424e-15
0.010731097792076422,3.3440175399773304e-16,2.364577478924727e-15,1.0347711444269925e-16,3.9999999999999995e-18,5.323682959362508e-21,1.9338087117775234e-17,1.5870986030698583e-16,1.874442598468755e-15,9.31871108973003e-15,2.54011289174665e-17,,,3.5006863082851027e-16,9.51318387680237e-15
0.010793087951178015,3.334400519814715e-16,2.3577772187529343e-15,1.0347711444269925e-16,3.9999999999999995e-18,5.323682959362508e-21,1.9282472943658397e-17,1.578087165888608e-16,1.863799641759394e-15,9.265189022117204e-15,2.54011289174665e-17,,,3.4915008446052805e-16,9.45860999956311e-15
0.010855436207829354,3.3248111571256936e-16,2.35099651536827e-15,1.0347711444269925e-16,3.9999999999999995e-18,5.323682959362508e-21,1.9227018709681653e-17,1.569128080195477e-16,1.853218514768258e-15,9.21197435878958e-15,2.54011289174665e-17,,,3.4823441173850466e-16,9.404349747906182e-15
0.010918144630646767,3.3152493723704674e-16,2.344235312527603e-15,1.0347711444269925e-16,3.9999999999999995e-18,5.323682959362508e-21,1.9171723955875058e-17,1.5602210486226043e-16,1.842698866289074e-15,9.159065334168982e-15,2.54011289174665e-17,,,3.4732160489007194e-16,9.350401321558669e-15
0.01098121530019632,3.3057150862379847e-16,2.337493554149552e-15,1.0347711444269925e-16,3.9999999999999995e-18,5.323682959362508e-21,1.9116588223591492e-17,1.5513657755271594e-16,1.8322403471529157e-15,9.106460192817841e-15,2.54011289174665e-17,,,3.4641165616532233e-16,9.29676293059347e-15
0.01104465030906286,3.296208219645285e-16,2.3307711843140176e-15,1.0347711444269925e-16,3.9999999999999995e-18,5.323682959362508e-21,1.9061611055502848e-17,1.5425619669814977e-16,1.8218426102165766e-15,9.054157189380947e-15,2.54011289174665e-17,,,3.4550455783673653e-16,9.243432795369902e-15
0.011108451761919417,3.286728693736841e-16,2.3240681472617232e-15,1.0347711444269925e-16,3.9999999999999995e-18,5.323682959362508e-21,1.9006791995596258e-17,1.533809330763374e-16,1.811505310351012e-15,9.002154588527567e-15,2.54011289174665e-17,,,3.4460030219911047e-16,9.190409146474683e-15
0.011172621775597068,3.2772764298839043e-16,2.3173843873937473e-15,1.0347711444269925e-16,3.9999999999999995e-18,5.323682959362508e-21,1.895213058917029e-17,1.52510757634621e-16,1.801228104429845e-15,8.950450664893825e-15,2.54011289174665e-17,,,3.4369888156948275e-16,9.137690224663186e-15
0.01123716247915515,3.2678513496838553e-16,2.310719849271066e-15,1.0347711444269925e-16,3.9999999999999995e-18,5.323682959362508e-21,1.8897626382831165e-17,1.5164564148894208e-16,1.7910106513179394e-15,8.899043703025495e-15,2.54011289174665e-17,,,3.4280028828706286e-16,9.085274280801094e-15
0.011302076013951898,3.258453374959551e-16,2.30407447761409e-15,1.0347711444269925e-16,3.9999999999999995e-18,5.323682959362508e-21,1.8843278924489043e-17,1.5078555592287927e-16,1.780852611860039e-15,8.847931997321072e-15,2.54011289174665e-17,,,3.4190451471315836e-16,9.033159575806366e-15
0.011367364533715505,3.249082427758676e-16,2.2974482173022107e-15,1.0347711444269925e-16,3.9999999999999995e-18,5.323682959362508e-21,1.8789087763354216e-17,1.49930472386692e-16,1.7707536488694696e-15,8.797113851975175e-15,2.54011289174665e-17,,,3.4101155323110323e-16,8.981344380591517e-15
0.011433030204615563,3.2397384303530983e-16,2.2908410133733374e-15,1.0347711444269925e-16,3.9999999999999995e-18,5.323682959362508e-21,1.8735052449933418e-17,1.4908036249636947e-16,1.760713427116908e-15,8.7465875809223e-15,2.54011289174665e-17,,,3.4012139624618594e-16,8.929826976006276e-15
0.011499075205334944,3.2304213052382236e-16,2.2842528110234455e-15,1.0347711444269925e-16,3.9999999999999995e-18,5.323682959362508e-21,1.8681172536026064e-17,1.4823519803268485e-16,1.7507316133192134e-15,8.696351507780856e-15,2.54011289174665e-17,,,3.392340361855776e-16,8.878605652780518e-15
0.011565501727142082,3.2211309751323507e-16,2.2776835556061218e-15,1.0347711444269925e-16,3.9999999999999995e-18,5.323682959362508e-21,1.8627447574720548e-17,1.4739495094025528e-16,1.7408078761283227e-15,8.646403965797574e-15,2.54011289174665e-17,,,3.3834946549826014e-16,8.827678711467575e-15
0.011632311973963675,3.211867362976034e-16,2.271133192632108e-15,1.0347711444269925e-16,3.9999999999999995e-18,5.323682959362508e-21,1.8573877120390528e-17,1.4655959332660705e-16,1.7309418861202116e-15,8.596743297792185e-15,2.54011289174665e-17,,,3.3746767665495565e-16,8.777044462387844e-15
0.01169950816245781,3.20263039193144e-16,2.2646016677688515e-15,1.0347711444269925e-16,3.9999999999999995e-18,5.323682959362508e-21,1.8520460728691237e-17,1.457290974612459e-16,1.7211333157839136e-15,8.547367856102438e-15,2.54011289174665e-17,,,3.3658866214805386e-16,8.72670122557271e-15
0.011767092522087508,3.193419985381713e-16,2.2580889268400545e-15,1.0347711444269925e-16,3.9999999999999995e-18,5.323682959362508e-21,1.8467197956555788e-17,1.4490343577473317e-16,1.7113818395106093e-15,8.498276002529447e-15,2.54011289174665e-17,,,3.3571241449154197e-16,8.67664733070883e-15
0.01183506729519469,3.1842360669303394e-16,2.251594915825224e-15,1.0347711444269925e-16,3.9999999999999995e-18,5.323682959362508e-21,1.841408836219152e-17,1.4408258085776667e-16,1.701687133582771e-15,8.44946610828333e-15,2.54011289174665e-17,,,3.34838926220933e-16,8.6268811170827e-15
0.011903434737074578,3.175078560400513e-16,2.2451195808592243e-15,1.0347711444269925e-16,3.9999999999999995e-18,5.323682959362508e-21,1.83611315050763e-17,1.43266505460267e-16,1.6920488761633712e-15,8.400936553929164e-15,2.54011289174665e-17,,,3.339681898931954e-16,8.577400933525554e-15
0.011972197116050522,3.1659473898345044e-16,2.238662868231828e-15,1.0347711444269925e-16,3.9999999999999995e-18,5.323682959362508e-21,1.8308326945954893e-17,1.4245518249046943e-16,1.682466747285158e-15,8.35268572933326e-15,2.54011289174665e-17,,,3.331001980866817e-16,8.528205138358585e-15
0.01204135671354926,3.1568424794930284e-16,2.232224724387275e-15,1.0347711444269925e-16,3.9999999999999995e-18,5.323682959362508e-21,1.8255674246835324e-17,1.4164858501402016e-16,1.6729404288399809e-15,8.304712033609744e-15,2.54011289174665e-17,,,3.3223494340105825e-16,8.479292099338471e-15
0.012110915824176609,3.1477637538546186e-16,2.2258050959238234e-15,1.0347711444269925e-16,3.9999999999999995e-18,5.323682959362508e-21,1.8203172970985213e-17,1.408466862530786e-16,1.6634696045681884e-15,8.257013875067435e-15,2.54011289174665e-17,,,3.313724184572347e-16,8.43066019360322e-15
0.0121808767557936,3.1387111376149997e-16,2.2194039295933093e-15,1.0347711444269925e-16,3.9999999999999995e-18,5.323682959362508e-21,1.8150822682928197e-17,1.400494595854242e-16,1.6540539600480799e-15,8.20958967115704e-15,2.54011289174665e-17,,,3.305126158972936e-16,8.38230780761833e-15
0.012251241829593047,3.1296845556864636e-16,2.2130211723007053e-15,1.0347711444269925e-16,3.9999999999999995e-18,5.323682959362508e-21,1.8098622948440276e-17,1.392568785435686e-16,1.644693182685418e-15,8.162437848418648e-15,2.54011289174665e-17,,,3.2965552838442015e-16,8.334233337123246e-15
0.01232201338017656,3.120683933197245e-16,2.2066567711036788e-15,1.0347711444269925e-16,3.9999999999999995e-18,5.323682959362508e-21,1.8046573334546237e-17,1.384689168138729e-16,1.6353869617030044e-15,8.11555684242952e-15,2.54011289174665e-17,,,3.2880114860283216e-16,8.286435187078138e-15
0.012393193755632005,3.111709195490902e-16,2.2003106732121528e-15,1.0347711444269925e-16,3.9999999999999995e-18,5.323682959362508e-21,1.799467340951605e-17,1.3768554823566968e-16,1.6261349881303116e-15,8.068945097752197e-15,2.54011289174665e-17,,,3.279494692577102e-16,8.238911771610976e-15
0.01246478531761141,3.102760268125696e-16,2.19398282598787e-15,1.0347711444269925e-16,3.9999999999999995e-18,5.323682959362508e-21,1.7942922742861306e-17,1.3690674680039016e-16,1.6169369547931713e-15,8.022601067882868e-15,2.54011289174665e-17,,,3.2710048307512766e-16,8.191661513964903e-15
0.01253679044140932,3.0938370768739754e-16,2.187673176943954e-15,1.0347711444269925e-16,3.9999999999999995e-18,5.323682959362508e-21,1.7891320905331616e-17,1.361324866506966e-16,1.60779255630353e-15,7.976523215200088e-15,2.54011289174665e-17,,,3.262541828019811e-16,8.144682846445946e-15
0.012609211516041602,3.0849395477215586e-16,2.1813816737444747e-15,1.0347711444269925e-16,3.9999999999999995e-18,5.323682959362508e-21,1.7839867468911075e-17,1.3536274207961912e-16,1.5987014890492533e-15,7.930710010913743e-15,2.54011289174665e-17,,,3.254105612059209e-16,8.097974210370971e-15
0.012682050944324718,3.0760676068671187e-16,2.1751082642040148e-15,1.0347711444269925e-16,3.9999999999999995e-18,5.323682959362508e-21,1.7788562006814705e-17,1.3459748752969797e-16,1.5896634511839957e-15,7.885159935014338e-15,2.54011289174665e-17,,,3.245696110752815e-16,8.051534056015988e-15
0.012755311142955437,3.0672211807215765e-16,2.1688528962872356e-15,1.0347711444269925e-16,3.9999999999999995e-18,5.323682959362508e-21,1.7737404093484917e-17,1.3383669759213015e-16,1.5806781426171234e-15,7.83987147622255e-15,2.54011289174665e-17,,,3.237313252190126e-16,8.005360842564717e-15
0.012828994542591024,3.058400195907484e-16,2.1626155181084473e-15,1.0347711444269925e-16,3.9999999999999995e-18,5.323682959362508e-21,1.7686393304587963e-17,1.3308034700592132e-16,1.5717452650036946e-15,7.794843131939111e-15,2.54011289174665e-17,,,3.228956964666095e-16,7.959453038057483e-15
0.01290310358792988,3.049604579258419e-16,2.1563960779311764e-15,1.0347711444269925e-16,3.9999999999999995e-18,5.323682959362508e-21,1.7635529217010447e-17,1.3232841065704226e-16,1.5628645217345007e-15,7.750073408194936e-15,2.54011289174665e-17,,,3.220627176680447e-16,7.91380911934037e-15
0.012977640737792655,3.0408342578183795e-16,2.1501945241677386e-15,1.0347711444269925e-16,3.9999999999999995e-18,5.323682959362508e-21,1.7584811408855786e-17,1.3158086357759029e-16,1.5540356179261591e-15,7.705560819601547e-15,2.54011289174665e-17,,,3.212323816936985e-16,7.868427572014687e-15
0.013052608465203834,3.032089158841175e-16,2.1440108053788096e-15,1.0347711444269925e-16,3.9999999999999995e-18,5.323682959362508e-21,1.7534239459440743e-17,1.3083768094495517e-16,1.5452582604112648e-15,7.66130388930182e-15,2.54011289174665e-17,,,3.2040468143429066e-16,7.823306890386734e-15
0.013128009257473774,3.0233692097898256e-16,2.137844870272999e-15,1.0347711444269925e-16,3.9999999999999995e-18,5.323682959362508e-21,1.7483812949291905e-17,1.3009883808099038e-16,1.536532157728599e-15,7.617301148920961e-15,2.54011289174665e-17,,,3.195796098008116e-16,7.778445577417833e-15
0.013203845616281247,3.014674338335959e-16,2.131696667706425e-15,1.0347711444269925e-16,3.9999999999999995e-18,5.323682959362508e-21,1.743353146014222e-17,1.2936431045118804e-16,1.5278570201133898e-15,7.573551138517793e-15,2.54011289174665e-17,,,3.1875715972445384e-16,7.733842144674652e-15
0.013280120057756424,3.006004472359212e-16,2.1255661466822883e-15,1.0347711444269925e-16,3.9999999999999995e-18,5.323682959362508e-21,1.7383394574927525e-17,1.2863407366385966e-16,1.5192325594876305e-15,7.530052406536319e-15,2.54011289174665e-17,,,3.1793732415654394e-16,7.689495112279836e-15
0.01335683511256437,2.9973595399466304e-16,2.119453256350453e-15,1.0347711444269925e-16,3.9999999999999995e-18,5.323682959362508e-21,1.7333401877783086e-17,1.2790810346932064e-16,1.5106584894504541e-15,7.486803509757565e-15,2.54011289174665e-17,,,3.171200960684741e-16,7.645403008862895e-15
0.013433993325989001,2.988739469392076e-16,2.1133579460070205e-15,1.0347711444269925e-16,3.9999999999999995e-18,5.323682959362508e-21,1.7283552954040156e-17,1.2718637575907997e-16,1.5021345252685584e-15,7.443803013251689e-15,2.54011289174665e-17,,,3.1630546845163415e-16,7.60156437151138e-15
0.01351159725801753,2.980144189195626e-16,2.107280165093913e-15,1.0347711444269925e-16,3.9999999999999995e-18,5.323682959362508e-21,1.7233847390222525e-17,1.2646886656503419e-16,1.4936603838666885e-15,7.40104949033038e-15,2.54011289174665e-17,,,3.1549343431734363e-16,7.55797774572236e-15
0.01358964948342541,2.971573628062987e-16,2.1012198631984494e-15,1.0347711444269925e-16,3.9999999999999995e-18,5.323682959362508e-21,1.7184284774043087e-17,1.25755552058666e-16,1.4852357838181724e-15,7.358541522499517e-15,2.54011289174665e-17,,,3.1468398669678394e-16,7.51464168535415e-15
0.013668152591861757,2.963027714904896e-16,2.0951769900529326e-15,1.0347711444269925e-16,3.9999999999999995e-18,5.323682959362508e-21,1.7134864694400437e-17,1.2504640855024754e-16,1.4768604453355093e-15,7.31627769941211e-15,2.54011289174665e-17,,,3.1387711864093057e-16,7.471554752578336e-15
0.01374710918793527,2.954506378836539e-16,2.089151495534228e-15,1.0347711444269925e-16,3.9999999999999995e-18,5.323682959362508e-21,1.7085586741375452e-17,1.243414124880478e-16,1.4685340902610117e-15,7.2742566188215e-15,2.54011289174665e-17,,,3.1307282322048566e-16,7.42871551783206e-15
0.013826521891300653,2.946009549176956e-16,2.0831433296633496e-15,1.0347711444269925e-16,3.9999999999999995e-18,5.323682959362508e-21,1.7036450506227885e-17,1.2364054045754504e-16,1.4602564420575003e-15,7.232476886534843e-15,2.54011289174665e-17,,,3.1227109352581066e-16,7.386122559770593e-15
0.013906393336745522,2.937537155448458e-16,2.077152442605046e-15,1.0347711444269925e-16,3.9999999999999995e-18,5.323682959362508e-21,1.6987455581392982e-17,1.2294376918064333e-16,1.4520272257990533e-15,7.190937116366848e-15,2.54011289174665e-17,,,3.114719226668588e-16,7.34377446522018e-15
0.01398672617427783,2.929089127376042e-16,2.0711787846673867e-15,1.0347711444269925e-16,3.9999999999999995e-18,5.323682959362508e-21,1.69386015604781e-17,1.222510755148933e-16,1.4438461681618035e-15,7.149635930093788e-15,2.54011289174665e-17,,,3.1067530377310796e-16,7.301669829131149e-15
0.014067523069213788,2.9206653948868093e-16,2.0652223063013484e-15,1.0347711444269925e-16,3.9999999999999995e-18,5.323682959362508e-21,1.688988803825934e-17,1.215624364527179e-16,1.4357129974147915e-15,7.108571957407769e-15,2.54011289174665e-17,,,3.0988122999349396e-16,7.259807254531284e-15
0.014148786702266297,2.912265888109381e-16,2.0592829581004064e-15,1.0347711444269925e-16,3.9999999999999995e-18,5.323682959362508e-21,1.6841314610678165e-17,1.2087782912064193e-16,1.4276274434108687e-15,7.067743835871269e-15,2.54011289174665e-17,,,3.090896944963431e-16,7.218185352479484e-15
0.014230519769633888,2.9038905373733217e-16,2.0533606908001233e-15,1.0347711444269925e-16,3.9999999999999995e-18,5.323682959362508e-21,1.6792880874838094e-17,1.2019723077852638e-16,1.4195892375776517e-15,7.027150210871933e-15,2.54011289174665e-17,,,3.0830069046930575e-16,7.176802742019675e-15
0.014312724983090178,2.8955392732085607e-16,2.0474554552777405e-15,1.0347711444269925e-16,3.9999999999999995e-18,5.323682959362508e-21,1.6744586429001302e-17,1.1952061881880655e-16,1.4115981129085286e-15,6.9867897355776325e-15,2.54011289174665e-17,,,3.075142111192897e-16,7.135658050134994e-15
0.014395405070073844,2.8872120263448137e-16,2.041567202551771e-15,1.0347711444269925e-16,3.9999999999999995e-18,5.323682959362508e-21,1.6696430872585336e-17,1.1884797076573505e-16,1.403653803953713e-15,6.9466610708917715e-15,2.54011289174665e-17,,,3.067302496723933e-16,7.094749911702221e-15
0.014478562773779112,2.878908727711012e-16,2.0356958837815924e-15,1.0347711444269925e-16,3.9999999999999995e-18,5.323682959362508e-21,1.6648413806159768e-17,1.181792642746286e-16,1.395756046811353e-15,6.9067628854088655e-15,2.54011289174665e-17,,,3.0594879937383943e-16,7.054076969446501e-15
0.014562200853246776,2.8706293084347265e-16,2.0298414502670444e-15,1.0347711444269925e-16,3.9999999999999995e-18,5.323682959362508e-21,1.6600534831442883e-17,1.175144771311194e-16,1.3879045791186857e-15,6.867093855370364e-15,2.54011289174665e-17,,,3.05169853487909e-16,7.013637873896297e-15
0.014646322083455737,2.8623736998415975e-16,2.024003853448021e-15,1.0347711444269925e-16,3.9999999999999995e-18,5.323682959362508e-21,1.655279355129838e-17,1.1685358725041034e-16,1.3800991400432442e-15,6.82765266462073e-15,2.54011289174665e-17,,,3.0439340529787475e-16,6.973431283338623e-15
0.014730929255415066,2.8541418334547654e-16,2.0181830449040704e-15,1.0347711444269925e-16,3.9999999999999995e-18,5.323682959362508e-21,1.650518956973209e-17,1.1619657267653476e-16,1.372339470274113e-15,6.7884380045637756e-15,2.54011289174665e-17,,,3.0361944810593534e-16,6.933455863774523e-15
0.014816025176256619,2.8459336409943027e-16,2.012378976353993e-15,1.0347711444269925e-16,3.9999999999999995e-18,5.323682959362508e-21,1.6457722491888658e-17,1.1554341158162014e-16,1.3646253120132317e-15,6.749448574119241e-15,2.54011289174665e-17,,,3.0284797523314957e-16,6.893710288874812e-15
0.014901612669328157,2.8377490543766464e-16,2.0065915996554392e-15,1.0347711444269925e-16,3.9999999999999995e-18,5.323682959362508e-21,1.6410391924048307e-17,1.1489408226515602e-16,1.35695640896675e-15,6.710683079679626e-15,2.54011289174665e-17,,,3.020789800193701e-16,6.85419323993606e-15
0.014987694574287037,2.8295880057140344e-16,2.0008208668045133e-15,1.0347711444269925e-16,3.9999999999999995e-18,5.323682959362508e-21,1.6363197473623548e-17,1.1424856315326584e-16,1.3493325063364265e-15,6.672140235067273e-15,2.54011289174665e-17,,,3.0131245582317824e-16,6.814903405836847e-15
0.015074273747194411,2.8214504273139437e-16,1.9950667299353715e-15,1.0347711444269925e-16,3.9999999999999995e-18,5.323682959362508e-21,1.6316138749155926e-17,1.1360683279798322e-16,1.3417533508110827e-15,6.633818761491695e-15,2.54011289174665e-17,,,3.005483960218185e-16,6.775839482994262e-15
0.015161353060609999,2.8133362516785246e-16,1.9893291413198283e-15,1.0347711444269925e-16,3.9999999999999995e-18,5.323682959362508e-21,1.626921536031278e-17,1.1296886987653188e-16,1.3342186905580969e-15,6.5957173875071415e-15,2.54011289174665e-17,,,2.997867940111325e-16,6.7370001753206384e-15
0.015248935403687387,2.8052454115040463e-16,1.983608053366958e-15,1.0347711444269925e-16,3.9999999999999995e-18,5.323682959362508e-21,1.6222426917884e-17,1.1233465319060975e-16,1.3267282752149503e-15,6.557834848970422e-15,2.54011289174665e-17,,,2.990276432054945e-16,6.698384194180562e-15
0.015337023682269888,2.797177839680335e-16,1.9779034186227023e-15,1.0347711444269925e-16,3.9999999999999995e-18,5.323682959362508e-21,1.6175773033778807e-17,1.117041616656774e-16,1.319281855880822e-15,6.520169888998955e-15,2.54011289174665e-17,,,2.9827093703774584e-16,6.659990258348105e-15
0.015425620818986954,2.789133469290218e-16,1.9722151897694743e-15,1.0347711444269925e-16,3.9999999999999995e-18,5.323682959362508e-21,1.612925332102252e-17,1.1107737435024974e-16,1.3118791851082249e-15,6.482721257929073e-15,2.54011289174665e-17,,,2.975166689591297e-16,6.621817093964323e-15
0.015514729753351145,2.781112233608969e-16,1.9665433196257675e-15,1.0347711444269925e-16,3.9999999999999995e-18,5.323682959362508e-21,1.6082867393753353e-17,1.1045427041519228e-16,1.3045200168946934e-15,6.445487713274557e-15,2.54011289174665e-17,,,2.967648324392265e-16,6.583863434494982e-15
0.01560435344185565,2.773114066103755e-16,1.960887761145765e-15,1.0347711444269925e-16,3.9999999999999995e-18,5.323682959362508e-21,1.6036614867219225e-17,1.0983482915302117e-16,1.2972041066745161e-15,6.408468019685417e-15,2.54011289174665e-17,,,2.96015420965889e-16,6.54612802068854e-15
0.015694494858072394,2.765138900433083e-16,1.9552484674189464e-15,1.0347711444269925e-16,3.9999999999999995e-18,5.323682959362508e-21,1.599049535777455e-17,1.0921902997720684e-16,1.2899312113105127e-15,6.3716609489069e-15,2.54011289174665e-17,,,2.952684280451777e-16,6.5086096005343585e-15
0.015785156992750675,2.7571866704462523e-16,1.9496253916697035e-15,1.0347711444269925e-16,3.9999999999999995e-18,5.323682959362508e-21,1.5944508482877068e-17,1.0860685242148205e-16,1.2827010890858602e-15,6.335065279738742e-15,2.54011289174665e-17,,,2.9452384720129604e-16,6.471306929221167e-15
0.01587634285391642,2.749257310182802e-16,1.9440184872569467e-15,1.0347711444269925e-16,3.9999999999999995e-18,5.323682959362508e-21,1.5898653861084665e-17,1.0799827613915314e-16,1.2755134996959596e-15,6.2986797979946454e-15,2.54011289174665e-17,,,2.937816719765262e-16,6.4342187690957525e-15
0.015968055466971946,2.7413507538719685e-16,1.938427707673723e-15,1.0347711444269925e-16,3.9999999999999995e-18,5.323682959362508e-21,1.5852931112052217e-17,1.0739328090241574e-16,1.2683682042403544e-15,6.262503296462008e-15,2.54011289174665e-17,,,2.9304189593116474e-16,6.397343889621911e-15
0.016060297874796386,2.733466935932136e-16,1.9328530065468277e-15,1.0347711444269925e-16,3.9999999999999995e-18,5.323682959362508e-21,1.580733985652842e-17,1.0679184660167377e-16,1.2612649652146857e-15,6.226534574861851e-15,2.54011289174665e-17,,,2.923045126434583e-16,6.360681067339593e-15
0.016153073137846613,2.725605790970295e-16,1.927294337636419e-15,1.0347711444269925e-16,3.9999999999999995e-18,5.323682959362508e-21,1.576187971635267e-17,1.0619395324486258e-16,1.2542035465027e-15,6.190772439809007e-15,2.54011289174665e-17,,,2.9156951570953977e-16,6.3242290858243265e-15
0.016246384334258793,2.717767253781498e-16,1.9217516548356383e-15,1.0347711444269925e-16,3.9999999999999995e-18,5.323682959362508e-21,1.5716550314451896e-17,1.0559958095677559e-16,1.247183713368296e-15,6.1552157047725215e-15,2.54011289174665e-17,,,2.9083689874336393e-16,6.2879867356468506e-15
0.016340234559950515,2.709951259348321e-16,1.916224912170222e-15,1.0347711444269925e-16,3.9999999999999995e-18,5.323682959362508e-21,1.567135127483745e-17,1.0500870997839472e-16,1.2402052324476166e-15,6.119863190036291e-15,2.54011289174665e-17,,,2.9010665537664416e-16,6.251952814332988e-15
0.016434626928723505,2.7021577428403196e-16,1.9107140637981253e-15,1.0347711444269925e-16,3.9999999999999995e-18,5.323682959362508e-21,1.5626282222601988e-17,1.0442132066622464e-16,1.2332678717411854e-15,6.084713722659909e-15,2.54011289174665e-17,,,2.8937877925878807e-16,6.216126126323737e-15
0.016529564572366928,2.6943866396135e-16,1.90521906400914e-15,1.0347711444269925e-16,3.9999999999999995e-18,5.323682959362508e-21,1.5581342783916362e-17,1.0383739349163059e-16,1.2263714006060873e-15,6.049766136439772e-15,2.54011289174665e-17,,,2.886532640568347e-16,6.180505482935624e-15
0.016625050640761318,2.6866378852097713e-16,1.8997398672245144e-15,1.0347711444269925e-16,3.9999999999999995e-18,5.323682959362508e-21,1.5536532586026503e-17,1.0325690904017979e-16,1.2195155897481888e-15,6.01501927187036e-15,2.54011289174665e-17,,,2.879301034553904e-16,6.145089702321235e-15
0.016721088301983062,2.6789114153564214e-16,1.8942764279965772e-15,1.0347711444269925e-16,3.9999999999999995e-18,5.323682959362508e-21,1.549185125725035e-17,1.0267984801098665e-16,1.2127002112144065e-15,5.980471976105787e-15,2.54011289174665e-17,,,2.872092911565657e-16,6.109877609430023e-15
0.016817680742409524,2.6712071659655775e-16,1.8888287010083593e-15,1.0347711444269925e-16,3.9999999999999995e-18,5.323682959362508e-21,1.5447298426974762e-17,1.0210619121606145e-16,1.2059250383850122e-15,5.946123102921543e-15,2.54011289174665e-17,,,2.864908208799123e-16,6.07486803596931e-15
0.016914831166824774,2.6635250731336756e-16,1.883396641073217e-15,1.0347711444269925e-16,3.9999999999999995e-18,5.323682959362508e-21,1.5402873725652423e-17,1.0153591957966251e-16,1.1991898459659837e-15,5.911971512676461e-15,2.54011289174665e-17,,,2.8577468636235963e-16,6.040059820365519e-15
0.017012542798525893,2.6558650731409327e-16,1.8779802031344597e-15,1.0347711444269925e-16,3.9999999999999995e-18,5.323682959362508e-21,1.535857678479881e-17,1.0096901413765231e-16,1.1924944099814002e-15,5.8780160722749115e-15,2.54011289174665e-17,,,2.8506088135815197e-16,6.00545180772564e-15
0.01711081887942993,2.648227102450817e-16,1.8725793422649745e-15,1.0347711444269925e-16,3.9999999999999995e-18,5.323682959362508e-21,1.531440723698912e-17,1.0040545603685669e-16,1.1858385077658718e-15,5.844255655129208e-15,2.54011289174665e-17,,,2.8434939963878595e-16,5.971042849798909e-15
0.01720966267018148,2.640611097709518e-16,1.8671940136668534e-15,1.0347711444269925e-16,3.9999999999999995e-18,5.323682959362508e-21,1.5270364715855206e-17,9.984522653442775e-17,1.1792219179570184e-15,5.8106891411222224e-15,2.54011289174665e-17,,,2.836402349929469e-16,5.936831804938698e-15
0.01730907745026083,2.633016995745427e-16,1.8618241726710223e-15,1.0347711444269925e-16,3.9999999999999995e-18,5.323682959362508e-21,1.5226448856082574e-17,9.928830699721032e-17,1.1726444204879849e-15,5.7773154165702274e-15,2.54011289174665e-17,,,2.829333812264474e-16,5.90281753806465e-15
0.017409066518092806,2.625444733568607e-16,1.8564697747368707e-15,1.0347711444269925e-16,3.9999999999999995e-18,5.323682959362508e-21,1.5182659293407324e-17,9.87346789011117e-17,1.1661057965799986e-15,5.744133374185946e-15,2.54011289174665e-17,,,2.8222883216216382e-16,5.868998920625003e-15
0.017509633191156174,2.617894248370275e-16,1.8511307754518816e-15,1.0347711444269925e-16,3.9999999999999995e-18,5.323682959362508e-21,1.513899566461314e-17,9.818432383047508e-17,1.159605828734969e-15,5.711141913041808e-15,2.54011289174665e-17,,,2.8152658163997436e-16,5.835374830559152e-15
0.017610780806093736,2.610365477522279e-16,1.8458071305312635e-15,1.0347711444269925e-16,3.9999999999999995e-18,5.323682959362508e-21,1.5095457607528274e-17,9.763722347745609e-17,1.1531443007281238e-15,5.678339938533429e-15,2.54011289174665e-17,,,2.8082662351669694e-16,5.801944152260409e-15
0.017712512718823032,2.602858358576576e-16,1.840498795817583e-15,1.0347711444269925e-16,3.9999999999999995e-18,5.323682959362508e-21,1.5052044761022546e-17,9.709335964140298e-17,1.146720997600689e-15,5.6457263623432894e-15,2.54011289174665e-17,,,2.8012895166602643e-16,5.7687057765389964e-15
0.017814832304647657,2.59537282926472e-16,1.835205727280399e-15,1.0347711444269925e-16,3.9999999999999995e-18,5.323682959362508e-21,1.5008756765004343e-17,9.655271422824016e-17,1.140335705652609e-15,5.61330010240463e-15,2.54011289174665e-17,,,2.794335599784733e-16,5.735658600585237e-15
0.017917742958369287,2.587908827497339e-16,1.8299278810158956e-15,1.0347711444269925e-16,3.9999999999999995e-18,5.323682959362508e-21,1.4965593260417636e-17,9.601526924985478e-17,1.1339882124352996e-15,5.581060082865543e-15,2.54011289174665e-17,,,2.7874044236130143e-16,5.70280152793296e-15
0.01802124809440028,2.580466291363626e-16,1.8246652132465214e-15,1.0347711444269925e-16,3.9999999999999995e-18,5.323682959362508e-21,1.4922553889239007e-17,9.548100682348709e-17,1.1276783067444508e-15,5.549005234053289e-15,2.54011289174665e-17,,,2.7804959273846627e-16,5.670133468423127e-15
0.01812535114687698,2.5730451591308203e-16,1.8194176803206226e-15,1.0347711444269925e-16,3.9999999999999995e-18,5.323682959362508e-21,1.4879638294474666e-17,9.494990917112382e-17,1.1214057786128597e-15,5.517134492438792e-15,2.54011289174665e-17,,,2.773610050505531e-16,5.637653338167646e-15
0.018230055569773654,2.565645369243699e-16,1.8141852387120833e-15,1.0347711444269925e-16,3.9999999999999995e-18,5.323682959362508e-21,1.4836846120157497e-17,9.442195861889481e-17,1.1151704193033057e-15,5.485446800601366e-15,2.54011289174665e-17,,,2.76674673254716e-16,5.605360059513422e-15
0.018335364837017084,2.558266860324065e-16,1.8089678450199644e-15,1.0347711444269925e-16,3.9999999999999995e-18,5.323682959362508e-21,1.4794177011344108e-17,9.389713759647305e-17,1.1089720213014647e-15,5.4539411071936244e-15,2.54011289174665e-17,,,2.7599059132461556e-16,5.573252561006585e-15
0.018441282442601823,2.550909571170237e-16,1.8037654559681423e-15,1.0347711444269925e-16,3.9999999999999995e-18,5.323682959362508e-21,1.4751630614111888e-17,9.337542863647797e-17,1.1028103783088615e-15,5.4226163669066015e-15,2.54011289174665e-17,,,2.7530875325035834e-16,5.541329777356947e-15
0.01854781190070614,2.5435734407565434e-16,1.798578028404951e-15,1.0347711444269925e-16,3.9999999999999995e-18,5.323682959362508e-21,1.4709206575556055e-17,9.285681437388167e-17,1.0966852852358561e-15,5.3914715404350676e-15,2.54011289174665e-17,,,2.746291530384353e-16,5.50959064940265e-15
0.018654956745808582,2.536258408232816e-16,1.7934055193028234e-15,1.0347711444269925e-16,3.9999999999999995e-18,5.323682959362508e-21,1.4666904543786765e-17,9.234127754541872e-17,1.0905965381946749e-15,5.360505594443049e-15,2.54011289174665e-17,,,2.7395178471166066e-16,5.478034124075021e-15
0.018762720532805272,2.528964412923886e-16,1.7882478857579354e-15,1.0347711444269925e-16,3.9999999999999995e-18,5.323682959362508e-21,1.4624724167926145e-17,9.182880098899882e-17,1.0845439344924729e-15,5.329717501529545e-15,2.54011289174665e-17,,,2.7327664230911143e-16,5.446659154363634e-15
0.01887110683712785,2.521691394329076e-16,1.7831050849898497e-15,1.0347711444269925e-16,3.9999999999999995e-18,5.323682959362508e-21,1.4582665098105422e-17,9.131936764312273e-17,1.0785272726244352e-15,5.299106240194433e-15,2.54011289174665e-17,,,2.7260371988606586e-16,5.415464699281561e-15
0.01898011925486208,2.514439292121705e-16,1.7779770743411602e-15,1.0347711444269925e-16,3.9999999999999995e-18,5.323682959362508e-21,1.4540726985462e-17,9.081296054630137e-17,1.0725463522669177e-15,5.2686707948045845e-15,2.54011289174665e-17,,,2.7193301151394345e-16,5.384449723830835e-15
0.019089761402867184,2.5072080461485845e-16,1.7728638112771385e-15,1.0347711444269925e-16,3.9999999999999995e-18,5.323682959362508e-21,1.449890948213658e-17,9.030956283647799e-17,1.0666009742706206e-15,5.238410155560169e-15,2.54011289174665e-17,,,2.7126451128024376e-16,5.353613198968111e-15
0.019200036918895838,2.4999975964295185e-16,1.7677652533853824e-15,1.0347711444269925e-16,3.9999999999999995e-18,5.323682959362508e-21,1.4457212241270258e-17,8.98091577504533e-17,1.0606909406538001e-15,5.208323318461142e-15,2.54011289174665e-17,,,2.705982132884864e-16,5.322954101570509e-15
0.01931094946171486,2.492807883156808e-16,1.7626813583754617e-15,1.0347711444269925e-16,3.9999999999999995e-18,5.323682959362508e-21,1.4415634917001666e-17,8.931172862331375e-17,1.0548160545955177e-15,5.178409285273938e-15,2.54011289174665e-17,,,2.6993411165815025e-16,5.2924714144016714e-15
0.019422502711226617,2.485638846694754e-16,1.7576120840785698e-15,1.0347711444269925e-16,3.9999999999999995e-18,5.323682959362508e-21,1.4374177164464084e-17,8.881725888786302e-17,1.0489761204289217e-15,5.1486670634983566e-15,2.54011289174665e-17,,,2.6927220052461364e-16,5.262164126078015e-15
0.01953470036859109,2.478490427579164e-16,1.7525573884471726e-15,1.0347711444269925e-16,3.9999999999999995e-18,5.323682959362508e-21,1.4332838639782607e-17,8.832573207405621e-17,1.043170943634569e-15,5.119095666334622e-15,2.54011289174665e-17,,,2.68612474039094e-16,5.232031231035157e-15
0.01964754615634871,2.4713625665168565e-16,1.7475172295546594e-15,1.0347711444269925e-16,3.9999999999999995e-18,5.323682959362508e-21,1.4291619000071257e-17,8.78371318084372e-17,1.0374003308337767e-15,5.089694112650653e-15,2.54011289174665e-17,,,2.6795492636858783e-16,5.202071729494562e-15
0.019761043818543832,2.464255204385172e-16,1.7424915655949967e-15,1.0347711444269925e-16,3.9999999999999995e-18,5.323682959362508e-21,1.4250517903430172e-17,8.735144181357895e-17,1.0316640897820144e-15,5.060461426949505e-15,2.54011289174665e-17,,,2.67299551695811e-16,5.172284627430358e-15
0.019875197120848988,2.457168282231479e-16,1.7374803548823796e-15,1.0347711444269925e-16,3.9999999999999995e-18,5.323682959362508e-21,1.4209535008942744e-17,8.686864590752682e-17,1.0259620293623279e-15,5.031396639337e-15,2.54011289174665e-17,,,2.666463442191388e-16,5.142668936536354e-15
0.019990009850689796,2.45010174127269e-16,1.7324835558508873e-15,1.0347711444269925e-16,3.9999999999999995e-18,5.323682959362508e-21,1.4168669976672813e-17,8.63887280032446e-17,1.0202939595787971e-15,5.002498785489557e-15,2.54011289174665e-17,,,2.6599529815254657e-16,5.113223674193247e-15
0.020105485817370636,2.4430555228947697e-16,1.7275011270541383e-15,1.0347711444269925e-16,3.9999999999999995e-18,5.323682959362508e-21,1.4127922467661833e-17,8.591167210806383e-17,1.0146596915500319e-15,4.973766906622196e-15,2.54011289174665e-17,,,2.6534640772555004e-16,5.08394786343602e-15
0.020221628852201044,2.436029568652249e-16,1.7225330271649454e-15,1.0347711444269925e-16,3.9999999999999995e-18,5.323682959362508e-21,1.4087292143926065e-17,8.543746232313558e-17,1.0090590375026972e-15,4.945200049456718e-15,2.54011289174665e-17,,,2.646996671831457e-16,5.054840532921513e-15
0.020338442808622806,2.429023820267743e-16,1.717579214974975e-15,1.0347711444269925e-16,3.9999999999999995e-18,5.323682959362508e-21,1.4046778668453774e-17,8.496608284288534e-17,1.0034918107650763e-15,4.9167972661900845e-15,2.54011289174665e-17,,,2.6405507078575195e-16,5.025900716896204e-15
0.020455931562337836,2.422038219631466e-16,1.7126396493944024e-15,1.0347711444269925e-16,3.9999999999999995e-18,5.323682959362508e-21,1.4006381705202432e-17,8.44975179544708e-17,9.979578257606656e-16,4.888557614462969e-15,2.54011289174665e-17,,,2.6341261280914985e-16,4.9971274551641506e-15
0.020574099011436746,2.415072708800749e-16,1.707714289451574e-15,1.0347711444269925e-16,3.9999999999999995e-18,5.323682959362508e-21,1.396610091909593e-17,8.403175203724224e-17,9.92456898001802e-16,4.860480157328489e-15,2.54011289174665e-17,,,2.6277228754442382e-16,4.968519793055133e-15
0.020692949076528185,2.4081272299995595e-16,1.7028030942926655e-15,1.0347711444269925e-16,3.9999999999999995e-18,5.323682959362508e-21,1.3925935976021804e-17,8.356876956220599e-17,9.869888440833258e-16,4.8325639632211264e-15,2.54011289174665e-17,,,2.6213408929790303e-16,4.940076781392981e-15
0.02081248570086892,2.401201725618023e-16,1.6979060231813438e-15,1.0347711444269925e-16,3.9999999999999995e-18,5.323682959362508e-21,1.3885886542828462e-17,8.310855509149038e-17,9.815534816762735e-16,4.80480810592581e-15,2.54011289174665e-17,,,2.6149801239110246e-16,4.911797476464067e-15
0.020932712850494667,2.394296138211944e-16,1.6930230354984288e-15,1.0347711444269925e-16,3.9999999999999995e-18,5.323682959362508e-21,1.3845952287322412e-17,8.265109327781474e-17,9.761506295216071e-16,4.7772116645471906e-15,2.54011289174665e-17,,,2.6086405116066443e-16,4.8836809399859965e-15
0.021053634514351674,2.3874104105023303e-16,1.688154090741557e-15,1.0347711444269925e-16,3.9999999999999995e-18,5.323682959362508e-21,1.3806132878265518e-17,8.219636886396087e-17,9.707801074239707e-16,4.749773723479088e-15,2.54011289174665e-17,,,2.602321999582998e-16,4.855726239076471e-15
0.021175254704429068,2.380544485374918e-16,1.6832991485248446e-15,1.0347711444269925e-16,3.9999999999999995e-18,5.323682959362508e-21,1.3766427985372247e-17,8.17443666822475e-17,9.654417362454848e-16,4.722493372374112e-15,2.54011289174665e-17,,,2.596024531507297e-16,4.8279324462223336e-15
0.021297577455891975,2.373698305879697e-16,1.6784581685785535e-15,1.0347711444269925e-16,3.9999999999999995e-18,5.323682959362508e-21,1.3726837279306928e-17,8.129507165400728e-17,9.60135337899568e-16,4.695369706113452e-15,2.54011289174665e-17,,,2.5897480511962727e-16,4.800298639248786e-15
0.021420606827215388,2.366871815230439e-16,1.6736311107487565e-15,1.0347711444269925e-16,3.9999999999999995e-18,5.323682959362508e-21,1.3687360431681026e-17,8.084846878906642e-17,9.548607353447921e-16,4.668401824776861e-15,2.54011289174665e-17,,,2.5834925026155934e-16,4.772823901288794e-15
0.021544346900318832,2.3600649568042266e-16,1.668817934997005e-15,1.0347711444269925e-16,3.9999999999999995e-18,5.323682959362508e-21,1.3647997115050411e-17,8.040454318522713e-17,9.4961775257877e-16,4.641588833612779e-15,2.54011289174665e-17,,,2.5772578298792853e-16,4.745507320752654e-15
0.02166880178070179,2.353277674140984e-16,1.6640186013999962e-15,1.0347711444269925e-16,3.9999999999999995e-18,5.323682959362508e-21,1.360874700291265e-17,7.996328002775268e-17,9.444062146320721e-16,4.614929843008665e-15,2.54011289174665e-17,,,2.5710439772491536e-16,4.718347991297755e-15
0.02179397559757991,2.3465099109430074e-16,1.6592330701492424e-15,1.0347711444269925e-16,3.9999999999999995e-18,5.323682959362508e-21,1.356960976970429e-17,7.952466458885487e-17,9.39225947562176e-16,4.588423968461468e-15,2.54011289174665e-17,,,2.5648508891342023e-16,4.691345011798489e-15
0.021919872504022022,2.3397616110745003e-16,1.6544613015507406e-15,1.0347711444269925e-16,3.9999999999999995e-18,5.323682959362508e-21,1.3530585090798165e-17,7.90886822271845e-17,9.340767784474452e-16,4.5620703305482855e-15,2.54011289174665e-17,,,2.55867851009006e-16,4.6644974863163584e-15
0.02204649667708792,2.333032718561105e-16,1.6497032560246433e-15,1.0347711444269925e-16,3.9999999999999995e-18,5.323682959362508e-21,1.3491672642500699e-17,7.865531838732388e-17,9.289585353811386e-16,4.5358680548971835e-15,2.54011289174665e-17,,,2.5525267848184016e-16,4.637804524070232e-15
0.02217385231796695,2.32632317758944e-16,1.6449588941049304e-15,1.0347711444269925e-16,3.9999999999999995e-18,5.323682959362508e-21,1.3452872102049224e-17,7.822455859928259e-17,9.238710474654526e-16,4.509816272158192e-15,2.54011289174665e-17,,,2.5463956581663774e-16,4.611265239406803e-15
0.022301943652117396,2.319632932506639e-16,1.6402281764390812e-15,1.0347711444269925e-16,3.9999999999999995e-18,5.323682959362508e-21,1.34141831476093e-17,7.779638847799499e-17,9.188141448055889e-16,4.483914117974457e-15,2.54011289174665e-17,,,2.5402850751260376e-16,4.584878751771187e-15
0.022430774929406688,2.3129619278198827e-16,1.635511063787749e-15,1.0347711444269925e-16,3.9999999999999995e-18,5.323682959362508e-21,1.3375605458272048e-17,7.737079372282102e-17,9.137876585038563e-16,4.458160732953557e-15,2.54011289174665e-17,,,2.534194980833759e-16,4.558644185677699e-15
0.022560350424252393,2.3063101081959476e-16,1.6308075170244346e-15,1.0347711444269925e-16,3.9999999999999995e-18,5.323682959362508e-21,1.3337138714051484e-17,7.694776011704885e-17,9.087914206537981e-16,4.432555262639003e-15,2.54011289174665e-17,,,2.5281253205696807e-16,4.532560670680808e-15
0.02269067443576403,2.2996774184607393e-16,1.6261174971351626e-15,1.0347711444269925e-16,3.9999999999999995e-18,5.323682959362508e-21,1.3298782595881871e-17,7.652727352740055e-17,9.038252643343542e-16,4.407096857481876e-15,2.54011289174665e-17,,,2.5220760397571277e-16,4.506627341346249e-15
0.022821751287885727,2.2930638035988395e-16,1.6214409652181571e-15,1.0347711444269925e-16,3.9999999999999995e-18,5.323682959362508e-21,1.326053678561507e-17,7.610931990353983e-17,8.988890236040454e-16,4.381784672812648e-15,2.54011289174665e-17,,,2.516047083962048e-16,4.480843337222298e-15
0.022953585329539658,2.2864692087530477e-16,1.6167778824835197e-15,1.0347711444269925e-16,3.9999999999999995e-18,5.323682959362508e-21,1.3222400966017896e-17,7.569388527758235e-17,8.93982533495193e-16,4.356617868813157e-15,2.54011289174665e-17,,,2.5100383988924426e-16,4.45520780281123e-15
0.023086180934770367,2.279893579223925e-16,1.6121282102529066e-15,1.0347711444269925e-16,3.9999999999999995e-18,5.323682959362508e-21,1.3184374820769493e-17,7.528095576360864e-17,8.89105630008162e-16,4.331595610488734e-15,2.54011289174665e-17,,,2.5040499303978e-16,4.42971988754091e-15
0.023219542502889823,2.2733368604693455e-16,1.6074919099592104e-15,1.0347711444269925e-16,3.9999999999999995e-18,5.323682959362508e-21,1.3146458034458716e-17,7.487051755717919e-17,8.842581501056382e-16,4.3067170676405175e-15,2.54011289174665e-17,,,2.4980816244685375e-16,4.40437874573659e-15
0.02335367445862348,2.266798998104037e-16,1.6028689431462362e-15,1.0347711444269925e-16,3.9999999999999995e-18,5.323682959362508e-21,1.3108650292581493e-17,7.446255693485189e-17,8.794399317069262e-16,4.2819814148378875e-15,2.54011289174665e-17,,,2.4921334272354306e-16,4.3791835365928195e-15
0.02348858125225701,2.260279937899134e-16,1.5982592714683863e-15,1.0347711444269925e-16,3.9999999999999995e-18,5.323682959362508e-21,1.3070951281538245e-17,7.40570602537021e-17,8.746508136822825e-16,4.2573878313910954e-15,2.54011289174665e-17,,,2.4862052849690555e-16,4.354133424145565e-15
0.023624267359783978,2.253779625781729e-16,1.59366285669034e-15,1.0347711444269925e-16,3.9999999999999995e-18,5.323682959362508e-21,1.3033360688631257e-17,7.365401395084486e-17,8.698906358472719e-16,4.2329355013240255e-15,2.54011289174665e-17,,,2.4802971440792287e-16,4.329227577244451e-15
0.023760737283054355,2.2472980078344197e-16,1.5890796606867372e-15,1.0347711444269925e-16,3.9999999999999995e-18,5.323682959362508e-21,1.2995878202062108e-17,7.325340454295953e-17,8.651592389571533e-16,4.208623613347126e-15,2.54011289174665e-17,,,2.474408951114447e-16,4.3044651695251866e-15
0.02389799554992387,2.240835030294866e-16,1.5845096454418621e-15,1.0347711444269925e-16,3.9999999999999995e-18,5.323682959362508e-21,1.2958503510929068e-17,7.285521862581665e-17,8.604564647012926e-16,4.184451360830493e-15,2.54011289174665e-17,,,2.468540652761332e-16,4.279845379382139e-15
0.024036046714404246,2.23439063955534e-16,1.579952773049328e-15,1.0347711444269925e-16,3.9999999999999995e-18,5.323682959362508e-21,1.2921236305224526e-17,7.245944287380716e-17,8.557821556976009e-16,4.160417941777102e-15,2.54011289174665e-17,,,2.462692195844067e-16,4.255367389941064e-15
0.024174895356814288,2.2279647821622874e-16,1.5754090057117626e-15,1.0347711444269925e-16,3.9999999999999995e-18,5.323682959362508e-21,1.2884076275832428e-17,7.206606403947398e-17,8.511361554870036e-16,4.136522558796208e-15,2.54011289174665e-17,,,2.4568635273238513e-16,4.231030389032004e-15
0.024314546083931864,2.2215574048158767e-16,1.5708783057404946e-15,1.0347711444269925e-16,3.9999999999999995e-18,5.323682959362508e-21,1.2847023114525687e-17,7.167506895304559e-17,8.465183085279317e-16,4.1127644190768775e-15,2.54011289174665e-17,,,2.45105459429834e-16,4.206833569162324e-15
0.02445500352914673,2.2151684543695624e-16,1.5663606355552409e-15,1.0347711444269925e-16,3.9999999999999995e-18,5.323682959362508e-21,1.2810076513963652e-17,7.128644452197213e-17,8.41928460190842e-16,4.089142734361697e-15,2.54011289174665e-17,,,2.4452653440010933e-16,4.182776127489924e-15
0.024596272352614277,2.2087978778296422e-16,1.5618559576837954e-15,1.0347711444269925e-16,3.9999999999999995e-18,5.323682959362508e-21,1.2773236167689552e-17,7.090017773046355e-17,8.373664567527628e-16,4.06565672092061e-15,2.54011289174665e-17,,,2.4394957238010234e-16,4.1588572657965874e-15
0.024738357241410134,2.2024456223548182e-16,1.5573642347617178e-15,1.0347711444269925e-16,3.9999999999999995e-18,5.323682959362508e-21,1.2736501770127945e-17,7.051625563903008e-17,8.328321453918672e-16,4.042305599524918e-15,2.54011289174665e-17,,,2.4337456812018486e-16,4.135076190461492e-15
0.024881262909685693,2.1961116352557572e-16,1.5528854295320238e-15,1.0347711444269925e-16,3.9999999999999995e-18,5.323682959362508e-21,1.2699873016582194e-17,7.013466538402468e-17,8.283253741820687e-16,4.01908859542143e-15,2.54011289174665e-17,,,2.4280151638415407e-16,4.1114321124348754e-15
0.025024994098824502,2.1897958639946556e-16,1.5484195048448757e-15,1.0347711444269925e-16,3.9999999999999995e-18,5.323682959362508e-21,1.2663349603231929e-17,6.975539417718794e-17,8.23845992087646e-16,3.996004938306751e-15,2.54011289174665e-17,,,2.4223041194917804e-16,4.087924247211842e-15
0.02516955557759958,2.1834982561848026e-16,1.5439664236572753e-15,1.0347711444269925e-16,3.9999999999999995e-18,5.323682959362508e-21,1.2626931227130544e-17,6.937842930519487e-17,8.193938489578911e-16,3.9730538623017275e-15,2.54011289174665e-17,,,2.416612496057409e-16,4.0645518148063266e-15
0.025314952142331648,2.1772187595901445e-16,1.5395261490327547e-15,1.0347711444269925e-16,3.9999999999999995e-18,5.323682959362508e-21,1.2590617586202663e-17,6.900375812920404e-17,8.149687955217833e-16,3.950234605926039e-15,2.54011289174665e-17,,,2.410940241575887e-16,4.041314039725217e-15
0.02546118861704825,2.1709573221248542e-16,1.5350986441410724e-15,1.0347711444269925e-16,3.9999999999999995e-18,5.323682959362508e-21,1.2554408379241655e-17,6.863136808440863e-17,8.105706833826883e-16,3.927546412072931e-15,2.54011289174665e-17,,,2.405287304216747e-16,4.018210150942608e-15
0.025608269853643808,2.1647138918528964e-16,1.5306838722579058e-15,1.0347711444269925e-16,3.9999999999999995e-18,5.323682959362508e-21,1.2518303305907113e-17,6.826124667958971e-17,8.061993650130815e-16,3.904988527984094e-15,2.54011289174665e-17,,,2.3996536322810553e-16,3.995239381874209e-15
0.025756200732040616,2.158488416987599e-16,1.5262817967645476e-15,1.0347711444269925e-16,3.9999999999999995e-18,5.323682959362508e-21,1.248230206672239e-17,6.789338149667158e-17,8.018546937492955e-16,3.882560205224693e-15,2.54011289174665e-17,,,2.394039174200869e-16,3.972400970351914e-15
0.025904986160350724,2.1522808458912222e-16,1.5218923811476018e-15,1.0347711444269925e-16,3.9999999999999995e-18,5.323682959362508e-21,1.2446404363072085e-17,6.752776019027916e-17,7.975365237862944e-16,3.86026069965853e-15,2.54011289174665e-17,,,2.388443878538699e-16,3.949694158598497e-15
0.0260546310750388,2.1460911270745303e-16,1.517515588998681e-15,1.0347711444269925e-16,3.9999999999999995e-18,5.323682959362508e-21,1.2410609897199598e-17,6.716437048729737e-17,7.932447101724681e-16,3.838089271423356e-15,2.54011289174665e-17,,,2.382867693986969e-16,3.927118193202458e-15
0.026205140441085913,2.1399192091963644e-16,1.5131513840141036e-15,1.0347711444269925e-16,3.9999999999999995e-18,5.323682959362508e-21,1.2374918372204626e-17,6.680320018643258e-17,7.889791088044544e-16,3.8160451849063285e-15,2.54011289174665e-17,,,2.377310569367482e-16,3.904672325093029e-15
0.02635651925215424,2.1337650410632188e-16,1.5087997299945942e-15,1.0347711444269925e-16,3.9999999999999995e-18,5.323682959362508e-21,1.2339329492040733e-17,6.644423715777617e-17,7.847395764219833e-16,3.7941277087196e-15,2.54011289174665e-17,,,2.3717724536308846e-16,3.882355809515305e-15
0.026508772530752785,2.1276285716288129e-16,1.5044605908449817e-15,1.0347711444269925e-16,3.9999999999999995e-18,5.323682959362508e-21,1.2303842961512874e-17,6.60874693423699e-17,7.80525970602744e-16,3.772336115676052e-15,2.54011289174665e-17,,,2.3662532958561325e-16,3.860167906005523e-15
0.026661905328403984,2.1215097499936704e-16,1.5001339305739013e-15,1.0347711444269925e-16,3.9999999999999995e-18,5.323682959362508e-21,1.2268458486274947e-17,6.573288475177333e-17,7.763381497572766e-16,3.750669682765171e-15,2.54011289174665e-17,,,2.360753045249959e-16,3.838107878366495e-15
0.026815922725811334,2.1154085254046953e-16,1.495819713293495e-15,1.0347711444269925e-16,3.9999999999999995e-18,5.323682959362508e-21,1.2233175772827363e-17,6.53804714676333e-17,7.721759731238865e-16,3.729127691129056e-15,2.54011289174665e-17,,,2.355271651146342e-16,3.81617499464316e-15
0.02697082983302794,2.1093248472547525e-16,1.4915179032191142e-15,1.0347711444269925e-16,3.9999999999999995e-18,5.323682959362508e-21,1.2197994528514605e-17,6.503021764125519e-17,7.680393007635813e-16,3.7077094260385714e-15,2.54011289174665e-17,,,2.349809063005978e-16,3.7943685270983026e-15
0.02712663178962607,2.1032586650822478e-16,1.487228464669023e-15,1.0347711444269925e-16,3.9999999999999995e-18,5.323682959362508e-21,1.2162914461522795e-17,6.468211149317626e-17,7.639279935550317e-16,3.6864141768696334e-15,2.54011289174665e-17,,,2.344365230415753e-16,3.772687752188391e-15
0.02728333376486768,2.097209928570708e-16,1.4829513620641026e-15,1.0347711444269925e-16,3.9999999999999995e-18,5.323682959362508e-21,1.2127935280877282e-17,6.433614131274075e-17,7.598419131895531e-16,3.665241237079628e-15,2.54011289174665e-17,,,2.338940103088213e-16,3.751131950539559e-15
0.027440940957875914,2.0911785875483643e-16,1.4786865599275548e-15,1.0347711444269925e-16,3.9999999999999995e-18,5.323682959362508e-21,1.2093056696440229e-17,6.3992295457677e-17,7.55780922166111e-16,3.644189904183977e-15,2.54011289174665e-17,,,2.3335336308610425e-16,3.729700406923739e-15
0.027599458597807606,2.0851645919877375e-16,1.47443402288461e-15,1.0347711444269925e-16,3.9999999999999995e-18,5.323682959362508e-21,1.2058278418908198e-17,6.365056235367639e-17,7.517448837863488e-16,3.623259479732824e-15,2.54011289174665e-17,,,2.328145763696538e-16,3.708392410234912e-15
0.027758891944026778,2.079167892005221e-16,1.4701937156622312e-15,1.0347711444269925e-16,3.9999999999999995e-18,5.323682959362508e-21,1.2023600159809756e-17,6.331093049397417e-17,7.477336621496362e-16,3.602449269287862e-15,2.54011289174665e-17,,,2.3227764516810875e-16,3.687207253465506e-15
0.027919246286279134,2.073188437860668e-16,1.4659656030888236e-15,1.0347711444269925e-16,3.9999999999999995e-18,5.323682959362508e-21,1.1989021631503083e-17,6.297338843893206e-17,7.437471221481404e-16,3.581758582399297e-15,2.54011289174665e-17,,,2.3174256450246476e-16,3.666144233682934e-15
0.02808052694486757,2.0672261799569784e-16,1.4617496500939417e-15,1.0347711444269925e-16,3.9999999999999995e-18,5.323682959362508e-21,1.1954542547173589e-17,6.263792481562287e-17,7.397851294619194e-16,3.5611867325829345e-15,2.54011289174665e-17,,,2.3120932940602263e-16,3.645202652006254e-15
0.028242739270828685,2.0612810688396884e-16,1.4575458217079984e-15,1.0347711444269925e-16,3.9999999999999995e-18,5.323682959362508e-21,1.1920162620831518e-17,6.230452831741662e-17,7.358475505540347e-16,3.540733037297407e-15,2.54011289174665e-17,,,2.3067793492433637e-16,3.624381813582978e-15
0.028405888646110326,2.0553530551965595e-16,1.4533540830619755e-15,1.0347711444269925e-16,3.9999999999999995e-18,5.323682959362508e-21,1.1885881567309603e-17,6.197318770356886e-17,7.319342526656888e-16,3.520396817921526e-15,2.54011289174665e-17,,,2.301483761151614e-16,3.603681027565998e-15
0.028569980483750153,2.0494420898571695e-16,1.4491743993871342e-15,1.0347711444269925e-16,3.9999999999999995e-18,5.323682959362508e-21,1.1851699102260677e-17,6.164389179881041e-17,7.280451038113793e-16,3.5001773997317692e-15,2.54011289174665e-17,,,2.2962064804840334e-16,3.583099607090665e-15
0.02873502022805523,2.0435481237925054e-16,1.4450067360147268e-15,1.0347711444269925e-16,3.9999999999999995e-18,5.323682959362508e-21,1.1817614942155326e-17,6.131662949293912e-17,7.24179972774078e-16,3.4800741118798905e-15,2.54011289174665e-17,,,2.290947458060664e-16,3.562636869251978e-15
0.028901013354782665,2.0376711081145552e-16,1.4408510583757087e-15,1.0347711444269925e-16,3.9999999999999995e-18,5.323682959362508e-21,1.1783628804279536e-17,6.099138974041323e-17,7.203387291004289e-16,3.460086287370667e-15,2.54011289174665e-17,,,2.2857066448220227e-16,3.542292135081926e-15
0.02906796537132128,2.0318109940759044e-16,1.4367073320004522e-15,1.0347711444269925e-16,3.9999999999999995e-18,5.323682959362508e-21,1.1749740406732348e-17,6.066816155994657e-17,7.165212430959654e-16,3.4402132630397624e-15,2.54011289174665e-17,,,2.2804839918285904e-16,3.522064729526937e-15
0.029235881816874344,2.0259677330693299e-16,1.4325755225184602e-15,1.0347711444269925e-16,3.9999999999999995e-18,5.323682959362508e-21,1.1715949468423512e-17,6.034693403410546e-17,7.127273858203517e-16,3.4204543795317328e-15,2.54011289174665e-17,,,2.2752794502603034e-16,3.5019539814254812e-15
0.02940476826264335,2.0201412766273976e-16,1.4284555956580821e-15,1.0347711444269925e-16,3.9999999999999995e-18,5.323682959362508e-21,1.1682255709071169e-17,6.00276963089073e-17,7.089570290826401e-16,3.400808981278143e-15,2.54011289174665e-17,,,2.270092971416043e-16,3.4819592234857835e-15
0.029574630312012858,2.0143315764220608e-16,1.4243475172462274e-15,1.0347711444269925e-16,3.9999999999999995e-18,5.323682959362508e-21,1.1648658849199518e-17,5.971043759342081e-17,7.052100454365512e-16,3.3812764164758198e-15,2.54011289174665e-17,,,2.264924506713134e-16,3.4620797922636743e-15
0.029745473600736417,2.0085385842642582e-16,1.4202512532080846e-15,1.0347711444269925e-16,3.9999999999999995e-18,5.323682959362508e-21,1.1615158610136497e-17,5.939514715936817e-17,7.014863081757733e-16,3.361856037065225e-15,2.54011289174665e-17,,,2.2597740076868347e-16,3.4423150281405665e-15
0.029917303797123537,2.0027622521035152e-16,1.4161667695668373e-15,1.0347711444269925e-16,3.9999999999999995e-18,5.323682959362508e-21,1.1581754714011473e-17,5.908181434072853e-17,6.977856913292811e-16,3.342547198708953e-15,2.54011289174665e-17,,,2.2546414259898386e-16,3.422664275301555e-15
0.03009012660222776,1.997002532027545e-16,1.4120940324433826e-15,1.0347711444269925e-16,3.9999999999999995e-18,5.323682959362508e-21,1.1548446883752943e-17,5.877042853334332e-17,6.941080696566742e-16,3.3233492607703546e-15,2.54011289174665e-17,,,2.249526713391769e-16,3.403126881713647e-15
0.03026394775003581,1.991259376261851e-16,1.4080330080560499e-15,1.0347711444269925e-16,3.9999999999999995e-18,5.323682959362508e-21,1.1515234843086228e-17,5.846097919452337e-17,6.904533186435351e-16,3.30426158629228e-15,2.54011289174665e-17,,,2.2444298217786817e-16,3.383702199104117e-15
0.030438773007657845,1.9855327371693311e-16,1.4039836627203209e-15,1.0347711444269925e-16,3.9999999999999995e-18,5.323682959362508e-21,1.1482118316531178e-17,5.815345584265726e-17,6.868213144968063e-16,3.2852835419759465e-15,2.54011289174665e-17,,,2.239350703152564e-16,3.364389582938983e-15
0.030614608175518792,1.9798225672498814e-16,1.3999459628485508e-15,1.0347711444269925e-16,3.9999999999999995e-18,5.323682959362508e-21,1.1449097029399903e-17,5.784784805682171e-17,6.832119341401866e-16,3.2664144981599265e-15,2.54011289174665e-17,,,2.2342893096308405e-16,3.345188392401609e-15
0.030791459087550793,1.9741288191400043e-16,1.3959198749496885e-15,1.0347711444269925e-16,3.9999999999999995e-18,5.323682959362508e-21,1.1416170707794479e-17,5.754414547639325e-17,6.796250552095464e-16,3.2476538287992566e-15,2.54011289174665e-17,,,2.229245593445876e-16,3.3260979903714337e-15
0.030969331611386784,1.9684514456124128e-16,1.3919053656289994e-15,1.0347711444269925e-16,3.9999999999999995e-18,5.323682959362508e-21,1.1383339078604682e-17,5.724233780066168e-17,6.760605560483611e-16,3.229000911444665e-15,2.54011289174665e-17,,,2.22421950694448e-16,3.307117743402812e-15
0.031148231648555152,1.9627903995756412e-16,1.3879024015877891e-15,1.0347711444269925e-16,3.9999999999999995e-18,5.323682959362508e-21,1.1350601869505721e-17,5.694241478844504e-17,6.725183157031642e-16,3.2104551272219212e-15,2.54011289174665e-17,,,2.219211002587418e-16,3.2882470217039895e-15
0.03132816513467555,1.9571456340736534e-16,1.3839109496231257e-15,1.0347711444269925e-16,3.9999999999999995e-18,5.323682959362508e-21,1.1317958808955989e-17,5.664436625770607e-17,6.689982139190185e-16,3.1920158608113025e-15,2.54011289174665e-17,,,2.2142200329489186e-16,3.2694851991161913e-15
0.031509138039655826,1.9515171022854534e-16,1.3799309766275655e-15,1.0347711444269925e-16,3.9999999999999995e-18,5.323682959362508e-21,1.1285409626194789e-17,5.634818208517037e-17,6.655001311350045e-16,3.173682500427178e-15,2.54011289174665e-17,,,2.2092465507161849e-16,3.2508316530928334e-15
0.031691156367890105,1.9459047575246978e-16,1.3759624495888782e-15,1.0347711444269925e-16,3.9999999999999995e-18,5.323682959362508e-21,1.1252954051240113e-17,5.605385220594596e-17,6.620239484797287e-16,3.1554544377977102e-15,2.54011289174665e-17,,,2.204290508688907e-16,3.2322857646788507e-15
0.031874226158457995,1.9403085532393066e-16,1.372005335589773e-15,1.0347711444269925e-16,3.9999999999999995e-18,5.323682959362508e-21,1.1220591814886385e-17,5.576136661314452e-17,6.585695477668494e-16,3.137331068144676e-15,2.54011289174665e-17,,,2.1993518597787753e-16,3.2138469184901503e-15
0.03205835348532495,1.93472844301108e-16,1.3680596018076255e-15,1.0347711444269925e-16,3.9999999999999995e-18,5.323682959362508e-21,1.1188322648702236e-17,5.5470715357503916e-17,6.551368114906195e-16,3.1193117901633986e-15,2.54011289174665e-17,,,2.194430557008999e-16,3.1955145026931764e-15
0.03224354445754382,1.9291643805553107e-16,1.3641252155142056e-15,1.0347711444269925e-16,3.9999999999999995e-18,5.323682959362508e-21,1.1156146285028277e-17,5.518188854701246e-17,6.517256228214476e-16,3.1013960060027966e-15,2.54011289174665e-17,,,2.1895265535138192e-16,3.177287908984594e-15
0.03242980521945751,1.923616319720401e-16,1.3602021440754054e-15,1.0347711444269925e-16,3.9999999999999995e-18,5.323682959362508e-21,1.1124062456974873e-17,5.4894876346534604e-17,6.483358656014781e-16,3.08358312124555e-15,2.54011289174665e-17,,,2.1846398025380313e-16,3.1591665325710944e-15
0.03261714195090284,1.9180842144874805e-16,1.3562903549509699e-15,1.0347711444269925e-16,3.9999999999999995e-18,5.323682959362508e-21,1.1092070898419937e-17,5.460966897743798e-17,6.449674243401863e-16,3.0658725448883795e-15,2.54011289174665e-17,,,2.1797702574365039e-16,3.141149772149312e-15
0.032805560867415616,1.9125680189700238e-16,1.3523898156942251e-15,1.0347711444269925e-16,3.9999999999999995e-18,5.323682959362508e-21,1.1060171344006719e-17,5.432625671722208e-17,6.416201842099925e-16,3.0482636893224344e-15,2.54011289174665e-17,,,2.1749178716737028e-16,3.123237029885857e-15
0.032995068220436824,1.9070676874134695e-16,1.3485004939518116e-15,1.0347711444269925e-16,3.9999999999999995e-18,5.323682959362508e-21,1.1028363529141606e-17,5.404462989914833e-17,6.382940310418934e-16,3.0307559703137993e-15,2.54011289174665e-17,,,2.170082598823212e-16,3.105427711397464e-15
0.033185670297520044,1.901583174194842e-16,1.3446223574634125e-15,1.0347711444269925e-16,3.9999999999999995e-18,5.323682959362508e-21,1.0996647189991922e-17,5.3764778911871564e-17,6.349888513211095e-16,3.013348806984109e-15,2.54011289174665e-17,,,2.165264392567263e-16,3.0877212257312577e-15
0.033377373422540046,1.8961144338223719e-16,1.3407553740614904e-15,1.0347711444269925e-16,3.9999999999999995e-18,5.323682959362508e-21,1.0965022063483754e-17,5.348669419907311e-17,6.317045321827514e-16,2.996041621791279e-15,2.54011289174665e-17,,,2.160463206696259e-16,3.0701169853451267e-15
0.03357018395590265,1.8906614209351194e-16,1.3368995116710164e-15,1.0347711444269925e-16,3.9999999999999995e-18,5.323682959362508e-21,1.093348788729975e-17,5.3210366259094976e-17,6.284409614074998e-16,2.9788338405103374e-15,2.54011289174665e-17,,,2.1556789951083054e-16,3.052614406088213e-15
0.03376410829475573,1.885224090302597e-16,1.3330547383092064e-15,1.0347711444269925e-16,3.9999999999999995e-18,5.323682959362508e-21,1.0902044399876959e-17,5.293578564457584e-17,6.251980274173062e-16,2.9617248922143778e-15,2.54011289174665e-17,,,2.1509117118087394e-16,3.035212907181512e-15
0.03395915287320145,1.879802396824395e-16,1.329221022085255e-15,1.0347711444269925e-16,3.9999999999999995e-18,5.323682959362508e-21,1.0870691340404654e-17,5.266294296208818e-17,6.219756192711072e-16,2.9447142092556168e-15,2.54011289174665e-17,,,2.146161310909664e-16,3.0179119111985915e-15
0.03415532416250974,1.8743962955298084e-16,1.3253983312000713e-15,1.0347711444269925e-16,3.9999999999999995e-18,5.323682959362508e-21,1.083942844882217e-17,5.2391828871776935e-17,6.187736266605565e-16,2.927801227246557e-15,2.54011289174665e-17,,,2.1414277466294812e-16,3.000710844046407e-15
0.03435262867133305,1.8690057415774614e-16,1.321586633946015e-15,1.0347711444269925e-16,3.9999999999999995e-18,5.323682959362508e-21,1.0808255465816747e-17,5.212243408699949e-17,6.155919399057736e-16,2.910985385041264e-15,2.54011289174665e-17,,,2.1367109732924256e-16,2.9836091349462424e-15
0.0345510729459222,1.863630690254939e-16,1.3177858987066338e-15,1.0347711444269925e-16,3.9999999999999995e-18,5.323682959362508e-21,1.0777172132821385e-17,5.185474937396704e-17,6.124304499511082e-16,2.8942661247167507e-15,2.54011289174665e-17,,,2.1320109453281068e-16,2.9666062164147544e-15
0.034750663570343676,1.8582710969784123e-16,1.3139960939563997e-15,1.0347711444269925e-16,3.9999999999999995e-18,5.323682959362508e-21,1.0746178192012682e-17,5.1588765551387436e-17,6.092890483609208e-16,2.8776428915544593e-15,2.54011289174665e-17,,,2.1273276172710446e-16,2.9497015242451196e-15
0.03495140716669801,1.8529269172922714e-16,1.31021718826045e-15,1.0347711444269925e-16,3.9999999999999995e-18,5.323682959362508e-21,1.071527338630872e-17,5.1324473490109266e-17,6.06167627315381e-16,2.8611151340218664e-15,2.54011289174665e-17,,,2.1226609437602107e-16,2.9328944974883045e-15
0.03515331039533954,1.847598106868755e-16,1.3064491502743243e-15,1.0347711444269925e-16,3.9999999999999995e-18,5.323682959362508e-21,1.0684457459366914e-17,5.1061864112767297e-17,6.030660796062783e-16,2.844682303754173e-15,2.54011289174665e-17,,,2.118010879538572e-16,2.916184578434426e-15
0.03535637995509733,1.8422846215075848e-16,1.3026919487437054e-15,1.0347711444269925e-16,3.9999999999999995e-18,5.323682959362508e-21,1.0653730155581888e-17,5.080092839342945e-17,5.999842986328536e-16,2.8283438555361207e-15,2.54011289174665e-17,,,2.1133773794526363e-16,2.8995712125942335e-15
0.03556062258349749,1.8369864171355962e-16,1.29894555250416e-15,1.0347711444269925e-16,3.9999999999999995e-18,5.323682959362508e-21,1.0623091220083366e-17,5.054165735724479e-17,5.969221783976419e-16,2.8120992472838957e-15,2.54011289174665e-17,,,2.1087603984519964e-16,2.8830538486806908e-15
0.03576604505698668,1.831703449806375e-16,1.2952099304808807e-15,1.0347711444269925e-16,3.9999999999999995e-18,5.323682959362508e-21,1.0592540398734046e-17,5.0284042080093217e-17,5.93879613502334e-16,2.795947940027146e-15,2.54011289174665e-17,,,2.104159891588879e-16,2.8666319385906643e-15
0.035972654191156944,1.8264356756998914e-16,1.2914850516884273e-15,1.0347711444269925e-16,3.9999999999999995e-18,5.323682959362508e-21,1.0562077438127497e-17,5.0028073688236214e-17,5.908564991436531e-16,2.779889397891099e-15,2.54011289174665e-17,,,2.099575814017695e-16,2.8503049373867177e-15
0.036180456840971854,1.8211830511221374e-16,1.2877708852304703e-15,1.0347711444269925e-16,3.9999999999999995e-18,5.323682959362508e-21,1.0531702085586055e-17,4.977374335796898e-17,5.878527311092447e-16,2.7639230880787813e-15,2.54011289174665e-17,,,2.0950081209945906e-16,2.8340723032790087e-15
0.03638945990099393,1.8159455325047641e-16,1.2840674002995347e-15,1.0347711444269925e-16,3.9999999999999995e-18,5.323682959362508e-21,1.0501414089158734e-17,4.952104231527401e-17,5.848682057735868e-16,2.7480484808533424e-15,2.54011289174665e-17,,,2.0904567678770012e-16,2.8179334976072967e-15
0.03659967030561342,1.81072307640472e-16,1.2803745661767445e-15,1.0347711444269925e-16,3.9999999999999995e-18,5.323682959362508e-21,1.0471213197619123e-17,4.9269961835475756e-17,5.819028200939102e-16,2.7322650495204777e-15,2.54011289174665e-17,,,2.0859217101232063e-16,2.801887984823044e-15
0.03681109502927832,1.8055156395038912e-16,1.2766923522315674e-15,1.0347711444269925e-16,3.9999999999999995e-18,5.323682959362508e-21,1.0441099160463316e-17,4.902049324289684e-17,5.789564716061382e-16,2.7165722704109546e-15,2.54011289174665e-17,,,2.081402903291886e-16,2.78593523247163e-15
0.03702374108672584,1.8003231786087417e-16,1.2730207279215613e-15,1.0347711444269925e-16,3.9999999999999995e-18,5.323682959362508e-21,1.0411071727907828e-17,4.877262791051529e-17,5.760290584208395e-16,2.7009696228632368e-15,2.54011289174665e-17,,,2.0769003030416822e-16,2.770074711174658e-15
0.037237615533215085,1.7951456506499558e-16,1.2693596627921208e-15,1.0347711444269925e-16,3.9999999999999995e-18,5.323682959362508e-21,1.0381130650887521e-17,4.8526357259623364e-17,5.731204792191973e-16,2.685456589206211e-15,2.54011289174665e-17,,,2.0724138651307563e-16,2.7543058946123726e-15
0.03745272546476117,1.7899830126820795e-16,1.2657091264762242e-15,1.0347711444269925e-16,3.9999999999999995e-18,5.323682959362508e-21,1.0351275681053539e-17,4.828167275948739e-17,5.7023063324899245e-16,2.670032654742011e-15,2.54011289174665e-17,,,2.0679435454163544e-16,2.7386282595061735e-15
0.037669078018370654,1.7848352218831655e-16,1.2620690886941826e-15,1.0347711444269925e-16,3.9999999999999995e-18,5.323682959362508e-21,1.0321506570771256e-17,4.803856592700907e-17,5.673594203206038e-16,2.654697307728941e-15,2.54011289174665e-17,,,2.0634892998543695e-16,2.7230412856012287e-15
0.03788668037227831,1.779702235554418e-16,1.2584395192533872e-15,1.0347711444269925e-16,3.9999999999999995e-18,5.323682959362508e-21,1.0291823073118207e-17,4.7797028326387956e-17,5.645067408030212e-16,2.6394500393644944e-15,2.54011289174665e-17,,,2.0590510844989108e-16,2.7075444556491897e-15
0.03810553974618532,1.7745840111198373e-16,1.2548203880480606e-15,1.0347711444269925e-16,3.9999999999999995e-18,5.323682959362508e-21,1.0262224941882054e-17,4.755705156878529e-17,5.616724956198751e-16,2.624290343768476e-15,2.54011289174665e-17,,,2.0546288555018688e-16,2.692137255391008e-15
0.03832566340149879,1.7694805061258686e-16,1.2512116650590058e-15,1.0347711444269925e-16,3.9999999999999995e-18,5.323682959362508e-21,1.0232711931558537e-17,4.731862731198903e-17,5.588565862454815e-16,2.6092177179662162e-15,2.54011289174665e-17,,,2.0502225691124874e-16,2.6768191735398478e-15
0.03854705864157266,1.7643916782410475e-16,1.2476133203533578e-15,1.0347711444269925e-16,3.9999999999999995e-18,5.323682959362508e-21,1.0203283797349439e-17,4.7081747260080194e-17,5.560589147008996e-16,2.5942316618718838e-15,2.54011289174665e-17,,,2.0458321816769352e-16,2.661589701764095e-15
0.03876973281195008,1.7593174852556514e-16,1.244025324084335e-15,1.0347711444269925e-16,3.9999999999999995e-18,5.323682959362508e-21,1.0173940295160555e-17,4.684640316310039e-17,5.532793835500069e-16,2.5793316782718915e-15,2.54011289174665e-17,,,2.04145764963788e-16,2.6464483346704677e-15
0.038993693300607035,1.7542578850813475e-16,1.240447646490992e-15,1.0347711444269925e-16,3.9999999999999995e-18,5.323682959362508e-21,1.0144681181599666e-17,4.6612586816720796e-17,5.505178958955883e-16,2.564517272808402e-15,2.54011289174665e-17,,,2.037098929534064e-16,2.631394569787223e-15
0.03921894753819754,1.7492128357508442e-16,1.2368802578979725e-15,1.0347711444269925e-16,3.9999999999999995e-18,5.323682959362508e-21,1.0115506213974524e-17,4.638029006191211e-17,5.47774355375439e-16,2.549787953962925e-15,2.54011289174665e-17,,,2.0327559779998825e-16,2.6164279075474592e-15
0.03944550299830014,1.7441822954175435e-16,1.2333231287152632e-15,1.0347711444269925e-16,3.9999999999999995e-18,5.323682959362508e-21,1.0086415150290836e-17,4.614950478461601e-17,5.4504866615848365e-16,2.5351432330400094e-15,2.54011289174665e-17,,,2.0284287517649612e-16,2.601547851272514e-15
0.039673367197665885,1.7391662223551933e-16,1.2297762294379482e-15,1.0347711444269925e-16,3.9999999999999995e-18,5.323682959362508e-21,1.0057407749250256e-17,4.5920222915417745e-17,5.423407329409099e-16,2.5205826241510282e-15,2.54011289174665e-17,,,2.0241172076537418e-16,2.586753907155458e-15
0.039902547696467706,1.7341645749575417e-16,1.2262395306459647e-15,1.0347711444269925e-16,3.9999999999999995e-18,5.323682959362508e-21,1.002848377024839e-17,4.5692436429220016e-17,5.396504609423167e-16,2.5061056441980598e-15,2.54011289174665e-17,,,2.0198213025850626e-16,2.572045584244685e-15
0.04013305209855128,1.7291773117379916e-16,1.2227130030038584e-15,1.0347711444269925e-16,3.9999999999999995e-18,5.323682959362508e-21,9.999642973372787e-18,4.546613734491808e-17,5.369777559018766e-16,2.491711812857856e-15,2.54011289174665e-17,,,2.0155409935717447e-16,2.557422394427594e-15
0.04036488805168728,1.7242043913292567e-16,1.219196617260541e-15,1.0347711444269925e-16,3.9999999999999995e-18,5.323682959362508e-21,9.970885119400966e-18,4.524131772507613e-17,5.343225240745144e-16,2.4774006525659108e-15,2.54011289174665e-17,,,2.0112762377201796e-16,2.542883852414366e-15
0.04059806324782515,1.7192457724830183e-16,1.2156903442490466e-15,1.0347711444269925e-16,3.9999999999999995e-18,5.323682959362508e-21,9.942209969798418e-18,4.501796967560487e-17,5.316846722270989e-16,2.463171688500609e-15,2.54011289174665e-17,,,2.0070269922299197e-16,2.5284294757218354e-15
0.04083258542334828,1.7143014140695838e-16,1.2121941548862904e-15,1.0347711444269925e-16,3.9999999999999995e-18,5.323682959362508e-21,9.913617286716632e-18,4.4796085345440494e-17,5.290641076346513e-16,2.449024448567479e-15,2.54011289174665e-17,,,2.0027932143932688e-16,2.5140587846574512e-15
0.041068462359330704,1.709371275077544e-16,1.2087080201728268e-15,1.0347711444269925e-16,3.9999999999999995e-18,5.323682959362508e-21,9.885106832991125e-18,4.4575656926224684e-17,5.264607380765656e-16,2.434958463383524e-15,2.54011289174665e-17,,,1.9985748615948755e-16,2.4997713023033312e-15
0.04130570188179526,1.704455314613435e-16,1.2052319111926103e-15,1.0347711444269925e-16,3.9999999999999995e-18,5.323682959362508e-21,9.856678372139474e-18,4.4356676651986096e-17,5.238744718328474e-16,2.420973266261654e-15,2.54011289174665e-17,,,1.99437189131133e-16,2.4855665545004133e-15
0.04154431186197326,1.6995534919013972e-16,1.2017657991127541e-15,1.0347711444269925e-16,3.9999999999999995e-18,5.323682959362508e-21,9.828331668359349e-18,4.4139136798822885e-17,5.213052176803641e-16,2.4070683931951937e-15,2.54011289174665e-17,,,1.9901842611107596e-16,2.471444069832685e-15
0.041784300216565595,1.694665766282838e-16,1.1983096551832916e-15,1.0347711444269925e-16,3.9999999999999995e-18,5.323682959362508e-21,9.800066486526565e-18,4.3923029684586654e-17,5.187528848891121e-16,2.393243382842499e-15,2.54011289174665e-17,,,1.9860119286524304e-16,2.4574033796115198e-15
0.042025674908005475,1.6897920972160944e-16,1.1948634507369381e-15,1.0347711444269925e-16,3.9999999999999995e-18,5.323682959362508e-21,9.771882592193124e-18,4.3708347668567565e-17,5.162173832184977e-16,2.3794977765116387e-15,2.54011289174665e-17,,,1.9818548516863474e-16,2.4434440178600876e-15
0.042268443944722546,1.6849324442760966e-16,1.1914271571888526e-15,1.0347711444269925e-16,3.9999999999999995e-18,5.323682959362508e-21,9.743779751585277e-18,4.349508315118075e-17,5.136986229136339e-16,2.3658311181451847e-15,2.54011289174665e-17,,,1.9777129880528593e-16,2.4295655212978692e-15
0.042512615381408624,1.680086767154033e-16,1.188000746036401e-15,1.0347711444269925e-16,3.9999999999999995e-18,5.323682959362508e-21,9.71575773160158e-18,4.328322857365394e-17,5.111965147016506e-16,2.352242954305075e-15,2.54011289174665e-17,,,1.9735862956822632e-16,2.415767429325247e-15
0.04275819731928494,1.6752550256570154e-16,1.1845841888589193e-15,1.0347711444269925e-16,3.9999999999999995e-18,5.323682959362508e-21,9.687816299810966e-18,4.307277641771641e-17,5.087109697880208e-16,2.3387328341575734e-15,2.54011289174665e-17,,,1.9694747325944134e-16,2.4020492840081934e-15
0.0430051979063709,1.670437179707746e-16,1.1811774573174787e-15,1.0347711444269925e-16,3.9999999999999995e-18,5.323682959362508e-21,9.659955224450809e-18,4.286371920528912e-17,5.062418998529023e-16,2.3253003094583074e-15,2.54011289174665e-17,,,1.9653782568983296e-16,2.3884106300630414e-15
0.04325362533775447,1.6656331893441848e-16,1.1777805231546497e-15,1.0347711444269925e-16,3.9999999999999995e-18,5.323682959362508e-21,9.632174274425011e-18,4.265604949817626e-17,5.037892170474929e-16,2.3119449345374007e-15,2.54011289174665e-17,,,1.9612968267918115e-16,2.3748510148413468e-15
0.04350348785586402,1.6608430147192178e-16,1.1743933581942677e-15,1.0347711444269925e-16,3.9999999999999995e-18,5.323682959362508e-21,9.60447321930208e-18,4.244975989775786e-17,5.013528339904011e-16,2.298666266284683e-15,2.54011289174665e-17,,,1.95723040056105e-16,2.3613699883148333e-15
0.043754793750741844,1.6560666161003274e-16,1.1710159343412004e-15,1.0347711444269925e-16,3.9999999999999995e-18,5.323682959362508e-21,9.576851829313213e-18,4.22448430446839e-17,4.989326637640331e-16,2.2854638641349907e-15,2.54011289174665e-17,,,1.953178936580245e-16,2.347967103060428e-15
0.04400755136031918,1.6513039538692618e-16,1.1676482235811128e-15,1.0347711444269925e-16,3.9999999999999995e-18,5.323682959362508e-21,9.549309875350401e-18,4.204129161856958e-17,4.965286199109937e-16,2.2723372900535473e-15,2.54011289174665e-17,,,1.9491423933112237e-16,2.3346419142453777e-15
0.04426176907069286,1.6465549885217074e-16,1.1642901979802372e-15,1.0347711444269925e-16,3.9999999999999995e-18,5.323682959362508e-21,9.52184712896453e-18,4.1839098337691847e-17,4.941406164305024e-16,2.2592861085214333e-15,2.54011289174665e-17,,,1.94512072930306e-16,2.3213939796124576e-15
0.04451745531640354,1.64181968066696e-16,1.1609418296851393e-15,1.0347711444269925e-16,3.9999999999999995e-18,5.323682959362508e-21,9.494463362363469e-18,4.163825595868736e-17,4.917685677748256e-16,2.246309886521132e-15,2.54011289174665e-17,,,1.9411139031916975e-16,2.3082228594652574e-15
0.04477461858071556,1.637097991027599e-16,1.157603090922489e-15,1.0347711444269925e-16,3.9999999999999995e-18,5.323682959362508e-21,9.467158348410201e-18,4.143875727625158e-17,4.894123888457239e-16,2.2334081935221674e-15,2.54011289174665e-17,,,1.937121873699574e-16,2.295128116653556e-15
0.04503326739589839,1.6323898804391612e-16,1.1542739539988284e-15,1.0347711444269925e-16,3.9999999999999995e-18,5.323682959362508e-21,9.439931860620921e-18,4.124059512283936e-17,4.870719949909141e-16,2.220580601466816e-15,2.54011289174665e-17,,,1.9331445996352489e-16,2.2821093165587813e-15
0.045293410343509734,1.627695309849816e-16,1.1509543913003434e-15,1.0347711444269925e-16,3.9999999999999995e-18,5.323682959362508e-21,9.412783673163174e-18,4.104376236836662e-17,4.847473020005478e-16,2.207826684755907e-15,2.54011289174665e-17,,,1.9291820398930312e-16,2.2691660270795483e-15
0.04555505605468022,1.6230142403200415e-16,1.1476443752926341e-15,1.0347711444269925e-16,3.9999999999999995e-18,5.323682959362508e-21,9.385713560853967e-18,4.084825191991357e-17,4.824382261037053e-16,2.195146020234701e-15,2.54011289174665e-17,,,1.9252341534526105e-16,2.2562978186172858e-15
0.04581821321039981,1.6183466330223013e-16,1.1443438785204863e-15,1.0347711444269925e-16,3.9999999999999995e-18,5.323682959362508e-21,9.358721299157912e-18,4.065405672142912e-17,4.801446839649039e-16,2.182538187178849e-15,2.54011289174665e-17,,,1.9213008993786913e-16,2.2435042640619417e-15
0.046082890541805796,1.613692449240723e-16,1.1410528736076437e-15,1.0347711444269925e-16,3.9999999999999995e-18,5.323682959362508e-21,9.331806664185362e-18,4.046116975343666e-17,4.778665926806246e-16,2.1700027672804356e-15,2.54011289174665e-17,,,1.917382236820627e-16,2.230784938777772e-15
0.04634909683047247,1.6090516503707766e-16,1.1377713332565818e-15,1.0347711444269925e-16,3.9999999999999995e-18,5.323682959362508e-21,9.304969432690545e-18,4.026958403274123e-17,4.75603869775852e-16,2.1575393446340996e-15,2.54011289174665e-17,,,1.91347812501206e-16,2.2181394205892104e-15
0.04661684090870253,1.6044241979189542e-16,1.13449923024828e-15,1.0347711444269925e-16,3.9999999999999995e-18,5.323682959362508e-21,9.278209382069726e-18,4.007929261213791e-17,4.73356433200632e-16,2.145147505723233e-15,2.54011289174665e-17,,,1.9095885232705572e-16,2.2055672897668184e-15
0.04688613165982008,1.5998100535024513e-16,1.1312365374419967e-15,1.0347711444269925e-16,3.9999999999999995e-18,5.323682959362508e-21,9.251526290359348e-18,3.9890288580121784e-17,4.711242013266443e-16,2.1328268394062632e-15,2.54011289174665e-17,,,1.905713390997257e-16,2.1930681290133167e-15
0.04715697801846537,1.5952091788488478e-16,1.1279832277750445e-15,1.0347711444269925e-16,3.9999999999999995e-18,5.323682959362508e-21,9.224919936234198e-18,3.9702565060599084e-17,4.689070929437926e-16,2.120576936903013e-15,2.54011289174665e-17,,,1.9018526876765096e-16,2.1806415234497006e-15
0.047429388970891266,1.5906215357957907e-16,1.1247392742625643e-15,1.0347711444269925e-16,3.9999999999999995e-18,5.323682959362508e-21,9.198390099005571e-18,3.95161152125998e-17,4.667050272568096e-16,2.1083973917811333e-15,2.54011289174665e-17,,,1.8980063728755252e-16,2.168287060601423e-15
0.04770337355526136,1.586047086290678e-16,1.1215046499973036e-15,1.0347711444269925e-16,3.9999999999999995e-18,5.323682959362508e-21,9.171936558619435e-18,3.933093222999171e-17,4.645179238818795e-16,2.0962877999426246e-15,2.54011289174665e-17,,,1.8941744062440229e-16,2.156004330384672e-15
0.047978940861949856,1.5814857923903423e-16,1.1182793281493913e-15,1.0347711444269925e-16,3.9999999999999995e-18,5.323682959362508e-21,9.145559095654611e-18,3.91470093411957e-17,4.62345702843276e-16,2.0842477596104237e-15,2.54011289174665e-17,,,1.8903567475138802e-16,2.1437929250927156e-15
0.04825610003384321,1.576937616260736e-16,1.1150632819661163e-15,1.0347711444269925e-16,3.9999999999999995e-18,5.323682959362508e-21,9.119257491320951e-18,3.896433980890266e-17,4.601882845700184e-16,2.0722768713150773e-15,2.54011289174665e-17,,,1.8865533564987872e-16,2.131652439382328e-15
0.048534860266643345,1.5724025201766204e-16,1.1118564847717056e-15,1.0347711444269925e-16,3.9999999999999995e-18,5.323682959362508e-21,9.093031527457524e-18,3.8782916929791675e-17,4.580455898925441e-16,2.0603747378814895e-15,2.54011289174665e-17,,,1.882764193093903e-16,2.1195824702603e-15
0.04881523080917296,1.5678804665212477e-16,1.1086589099671019e-15,1.0347711444269925e-16,3.9999999999999995e-18,5.323682959362508e-21,9.066880986530802e-18,3.8602734034249654e-17,4.559175400393962e-16,2.0485409644157374e-15,2.54011289174665e-17,,,1.8789892172755098e-16,2.107582617070011e-15
0.04909722096368222,1.5633714177860525e-16,1.1054705310297448e-15,1.0347711444269925e-16,3.9999999999999995e-18,5.323682959362508e-21,9.04080565163286e-18,3.8423784486092514e-17,4.538040566339312e-16,2.0367751582919765e-15,2.54011289174665e-17,,,1.8752283891006769e-16,2.095652481478095e-15
0.049380840086157465,1.55887533657034e-16,1.1022913215133492e-15,1.0347711444269925e-16,3.9999999999999995e-18,5.323682959362508e-21,9.014805306479578e-18,3.8246061682287714e-17,4.517050616910419e-16,2.0250769291394095e-15,2.54011289174665e-17,,,1.87148166870692e-16,2.083791667461172e-15
0.0496660975866316,1.5543921855809761e-16,1.0991212550476866e-15,1.0347711444269925e-16,3.9999999999999995e-18,5.323682959362508e-21,8.988879735408844e-18,3.8069559052678325e-17,4.496204776138986e-16,2.0134458888293363e-15,2.54011289174665e-17,,,1.8677490163118681e-16,2.0719997812926604e-15
0.04995300292949632,1.5499219276320764e-16,1.0959603053383666e-15,1.0347711444269925e-16,3.9999999999999995e-18,5.323682959362508e-21,8.963028723378766e-18,3.789427005970854e-17,4.475502271907067e-16,2.0018816514622758e-15,2.54011289174665e-17,,,1.8640303922129272e-16,2.060276431529661e-15
0.05024156563381611,1.5454645256447e-16,1.0928084461666182e-15,1.0347711444269925e-16,3.9999999999999995e-18,5.323682959362508e-21,8.937252055965886e-18,3.7720188198150766e-17,4.454942335914843e-16,1.9903838333551646e-15,2.54011289174665e-17,1.0034920456498574e-09,1.0034920456498575e-11,1.860325756786952e-16,2.0486212289999223e-15
0.05053179527364411,1.54101994264654e-16,1.089665651389073e-15,1.0347711444269925e-16,3.9999999999999995e-18,5.323682959362508e-21,8.91154951936341e-18,3.754730699483407e-17,4.434524203648547e-16,1.9789520530286216e-15,2.54011289174665e-17,9.919980247014609e-10,9.91998024701461e-12,1.8566350704899153e-16,2.0370337867888687e-15
0.05082370147833971,1.5365881417716188e-16,1.0865318949375476e-15,1.0347711444269925e-16,3.9999999999999995e-18,5.323682959362508e-21,8.885920900379417e-18,3.73756200083744e-17,4.4142471143485966e-16,1.9675859311942968e-15,2.54011289174665e-17,9.806356565331088e-10,9.806356565331088e-12,1.8529582938565843e-16,2.0255137202267176e-15
0.05111729393288806,1.53216908625998e-16,1.0834071508188283e-15,1.0347711444269925e-16,3.9999999999999995e-18,5.323682959362508e-21,8.860365986435117e-18,3.720512082890606e-17,4.3941103109778903e-16,1.9562850907422856e-15,2.54011289174665e-17,9.694034331908332e-10,9.694034331908332e-12,1.8492953875001934e-16,2.0140606468756593e-15
0.05141258237822143,1.527762739457386e-16,1.0802913931144544e-15,1.0347711444269925e-16,3.9999999999999995e-18,5.323682959362508e-21,8.834884565563063e-18,3.7035803077814985e-17,4.374113040190294e-16,1.945049156728614e-15,2.54011289174665e-17,9.58299863992806e-10,9.582998639928061e-12,1.8456463121121241e-16,2.0026741865171127e-15
0.051709576611542366,1.5233690648150116e-16,1.0771845959805039e-15,1.0347711444269925e-16,3.9999999999999995e-18,5.323682959362508e-21,8.809476426405403e-18,3.686766040747343e-17,4.3542545522993154e-16,1.9338777563628024e-15,2.54011289174665e-17,9.47323475331503e-10,9.47323475331503e-12,1.8420110284615861e-16,1.9913539611390568e-15
0.05200828648664875,1.5189880258891424e-16,1.0740867336473797e-15,1.0347711444269925e-16,3.9999999999999995e-18,5.323682959362508e-21,8.784141358212131e-18,3.6700686500976304e-17,4.3345341012469633e-16,1.922770518995495e-15,2.54011289174665e-17,9.364728104781343e-10,9.364728104781343e-12,1.8383894973952995e-16,1.9800995949234304e-15
0.05230872191426074,1.514619586340872e-16,1.0709977804195942e-15,1.0347711444269925e-16,3.9999999999999995e-18,5.323682959362508e-21,8.758879150839331e-18,3.653487507187914e-17,4.314950944572796e-16,1.911727076106162e-15,2.54011289174665e-17,9.257464293893145e-10,9.257464293893146e-12,1.8347816798371796e-16,1.9689107142336068e-15
0.0526108928623496,1.5102637099358007e-16,1.0679177106755576e-15,1.0347711444269925e-16,3.9999999999999995e-18,5.323682959362508e-21,8.733689594747439e-18,3.6370219863937613e-17,4.295504343383157e-16,1.900747061290874e-15,2.54011289174665e-17,9.151429085159495e-10,9.151429085159496e-12,1.8311875367880255e-16,1.9577869476019393e-15
0.052914809356468404,1.5059203605437347e-16,1.0648464988673655e-15,1.0347711444269925e-16,3.9999999999999995e-18,5.323682959362508e-21,8.708572480999503e-18,3.620671465084876e-17,4.2761935623206155e-16,1.8898301102501436e-15,2.54011289174665e-17,9.04660840614308e-10,9.04660840614308e-12,1.8276070293252103e-16,1.946727925717374e-15
0.05322048148008468,1.5015895021383867e-16,1.061784119520585e-15,1.0347711444269925e-16,3.9999999999999995e-18,5.323682959362508e-21,8.683527601259446e-18,3.604435323599373e-17,4.257017869533586e-16,1.8789758607768402e-15,2.54011289174665e-17,8.942988345592613e-10,8.942988345592614e-12,1.8240401186023722e-16,1.9357332814131408e-15
0.05352791937491495,1.4972710987970773e-16,1.0587305472340464e-15,1.0347711444269925e-16,3.9999999999999995e-18,5.323682959362508e-21,8.658554747790352e-18,3.588312945218242e-17,4.2379765366461585e-16,1.8681839527441726e-15,2.54011289174665e-17,8.840555151596604e-10,8.840555151596603e-12,1.8204867658491108e-16,1.924802649654509e-15
0.053837133241261256,1.492965114700436e-16,1.05568575667963e-15,1.0347711444269925e-16,3.9999999999999995e-18,5.323682959362508e-21,8.633653713452724e-18,3.5723037161399513e-17,4.2190688387281155e-16,1.857454028093738e-15,2.54011289174665e-17,8.739295229758257e-10,8.739295229758258e-12,1.8169469323706826e-16,1.9139356675266107e-15
0.05414813333834952,1.488671514132105e-16,1.0526497226020566e-15,1.0347711444269925e-16,3.9999999999999995e-18,5.323682959362508e-21,8.608824291702778e-18,3.55640702545525e-17,4.2002940542651653e-16,1.846785730823645e-15,2.54011289174665e-17,8.639195141391326e-10,8.639195141391327e-12,1.8134205795477016e-16,1.903131974222342e-15
0.054460929984669997,1.4843902614784432e-16,1.0496224198186796e-15,1.0347711444269925e-16,3.9999999999999995e-18,5.323682959362508e-21,8.58406627659073e-18,3.540622265122118e-17,4.1816514651293595e-16,1.8361787069767013e-15,2.54011289174665e-17,8.540241601736577e-10,8.540241601736578e-12,1.809907668835841e-16,1.892391211030324e-15
0.05477553355831958,1.4801213212282302e-16,1.0466038232192739e-15,1.0347711444269925e-16,3.9999999999999995e-18,5.323682959362508e-21,8.55937946275908e-18,3.524948829940906e-17,4.1631403565497313e-16,1.8256326046286685e-15,2.54011289174665e-17,8.442421478198719e-10,8.442421478198719e-12,1.8064081617655378e-16,1.8817130213229377e-15
0.055091954497346156,1.4758646579723717e-16,1.0435939077658285e-15,1.0347711444269925e-16,3.9999999999999995e-18,5.323682959362508e-21,8.534763645440911e-18,3.509386117529642e-17,4.1447600170831316e-16,1.815147073876588e-15,2.54011289174665e-17,8.345721788603503e-10,8.345721788603502e-12,1.8029220199416983e-16,1.871097050544427e-15
0.05541020330009492,1.4716202364036058e-16,1.0405926484923398e-15,1.0347711444269925e-16,3.9999999999999995e-18,5.323682959362508e-21,8.510218620458203e-18,3.49393352829952e-17,4.126509738585277e-16,1.8047217668271702e-15,2.54011289174665e-17,8.250129699474808e-10,8.250129699474808e-12,1.799449205043408e-16,1.860542946199065e-15
0.05573029052555667,1.4673880213162108e-16,1.0376000205046027e-15,1.0347711444269925e-16,3.9999999999999995e-18,5.323682959362508e-21,8.48574418422012e-18,3.4785904654305644e-17,4.108388816182014e-16,1.794356337585253e-15,2.54011289174665e-17,8.155632524331439e-10,8.15563252433144e-12,1.795989678823643e-16,1.8500503578393937e-15
0.05605222679371818,1.463167977605712e-16,1.0346159989800056e-15,1.0347711444269925e-16,3.9999999999999995e-18,5.323682959362508e-21,8.461340133721332e-18,3.463356334847473e-17,4.0903965482407864e-16,1.7840504422423247e-15,2.54011289174665e-17,8.06221772200345e-10,8.06221772200345e-12,1.792543403108984e-16,1.8396189370545262e-15
0.0563760227859145,1.4589600702685927e-16,1.0316405591673238e-15,1.0347711444269925e-16,3.9999999999999995e-18,5.323682959362508e-21,8.437006266540331e-18,3.448230545195653e-17,4.072532236342327e-16,1.7738037388651142e-15,2.54011289174665e-17,7.969872894967746e-10,7.969872894967747e-12,1.789110339799333e-16,1.8292483374585168e-15
0.0567016892451834,1.4547642644020006e-16,1.0286736763865143e-15,1.0347711444269925e-16,3.9999999999999995e-18,5.323682959362508e-21,8.412742380837753e-18,3.433212507817427e-17,4.0547951852525636e-16,1.763615887484245e-15,2.54011289174665e-17,7.878585787702742e-10,7.878585787702743e-12,1.7856904508676307e-16,1.8189382146787962e-15
0.057029236976621774,1.4505805252034614e-16,1.0257153260285112e-15,1.0347711444269925e-16,3.9999999999999995e-18,5.323682959362508e-21,8.388548275354698e-18,3.418301636728438e-17,4.037184702894747e-16,1.7534865500829586e-15,2.54011289174665e-17,7.788344285061881e-10,7.788344285061881e-12,1.782283698359579e-16,1.808688226344676e-15
0.05735867684774415,1.4464088179705883e-16,1.0227654835550215e-15,1.0347711444269925e-16,3.9999999999999995e-18,5.323682959362508e-21,8.364423749411062e-18,3.403497348594234e-17,4.0197001003217986e-16,1.743415390585895e-15,2.54011289174665e-17,7.699136410665772e-10,7.699136410665772e-12,1.7788900443933634e-16,1.7984980320759122e-15
0.057690019788843236,1.4422491081007942e-16,1.0198241244983217e-15,1.0347711444269925e-16,3.9999999999999995e-18,5.323682959362508e-21,8.340368602903877e-18,3.388799062707049e-17,4.0023406916888874e-16,1.7334020748479472e-15,2.54011289174665e-17,7.610950325312752e-10,7.610950325312752e-12,1.7755094511593805e-16,1.788367293471342e-15
0.0580232767933526,1.4381013610910066e-16,1.0168912244610546e-15,1.0347711444269925e-16,3.9999999999999995e-18,5.323682959362508e-21,8.316382636305655e-18,3.374206200962768e-17,3.985105794226224e-16,1.7234462706431714e-15,2.54011289174665e-17,7.523774325407642e-10,7.523774325407642e-12,1.7721418809199656e-16,1.7782956740975764e-15
0.05835845891821139,1.4339655425373783e-16,1.013966759116027e-15,1.0347711444269925e-16,3.9999999999999995e-18,5.323682959362508e-21,8.292465650662716e-18,3.3597181878380986e-17,3.9679947282120987e-16,1.7135476476537648e-15,2.54011289174665e-17,7.437596841408514e-10,7.437596841408514e-12,1.7687872960091232e-16,1.7682828394777612e-15
0.05869557728423121,1.429841618135005e-16,1.011050704206008e-15,1.0347711444269925e-16,3.9999999999999995e-18,5.323682959362508e-21,8.268617447593556e-18,3.345334450367925e-17,3.9510068169461357e-16,1.7037058774591078e-15,2.54011289174665e-17,7.352406436291237e-10,7.352406436291238e-12,1.7654456588322614e-16,1.7583284570804039e-15
0.05903464307646506,1.4257295536776385e-16,1.008143035543528e-15,1.0347711444269925e-16,3.9999999999999995e-18,5.323682959362508e-21,8.244837829287187e-18,3.331054418122869e-17,3.9341413867227907e-16,1.6939206335248654e-15,2.54011289174665e-17,7.268191804031616e-10,7.2681918040316155e-12,1.7621169318659266e-16,1.748432196308259e-15
0.059375667544578466,1.421629315057405e-16,1.0052437290106778e-15,1.0347711444269925e-16,3.9999999999999995e-18,5.323682959362508e-21,8.221126598501515e-18,3.316877523187043e-17,3.917397766805084e-16,1.684191591192155e-15,2.54011289174665e-17,7.184941768104921e-10,7.184941768104921e-12,1.7588010776575429e-16,1.738593728487281e-15
0.05971866200322271,1.4175408682645199e-16,1.0023527605589083e-15,1.0347711444269925e-16,3.9999999999999995e-18,5.323682959362508e-21,8.197483558561676e-18,3.3028032001360166e-17,3.9007752893985596e-16,1.6745184276667736e-15,2.54011289174665e-17,7.102645280002589e-10,7.102645280002589e-12,1.7554980588251519e-16,1.7288127268556348e-15
0.06006363783241024,1.4134641793870076e-16,9.994701062088317e-16,1.0347711444269925e-16,3.9999999999999995e-18,5.323682959362508e-21,8.173908513358436e-18,3.288830886014975e-17,3.8842732896255095e-16,1.6649008220084893e-15,2.54011289174665e-17,7.021291417765932e-10,7.021291417765933e-12,1.7522078380571564e-16,1.7190888665527746e-15
0.06041060647789223,1.40939921461042e-16,9.965957420500221e-16,1.0347711444269925e-16,3.9999999999999995e-18,5.323682959362508e-21,8.150401267346542e-18,3.274960020317084e-17,3.8678911054994105e-16,1.6553384551203909e-15,2.54011289174665e-17,6.940869384536624e-10,6.940869384536624e-12,1.7489303781120668e-16,1.7094218246085776e-15
0.06075957945153835,1.405345940217555e-16,9.937296442408176e-16,1.0347711444269925e-16,3.9999999999999995e-18,5.323682959362508e-21,8.126961625543105e-18,3.2611900449620744e-17,3.8516280778996315e-16,1.6458310097383027e-15,2.54011289174665e-17,6.861368507123807e-10,6.8613685071238065e-12,1.7456656418182468e-16,1.6998112799325456e-15
0.061110568331718705,1.4013043225881768e-16,9.908717890081211e-16,1.0347711444269925e-16,3.9999999999999995e-18,5.323682959362508e-21,8.103589393525993e-18,3.247520404275018e-17,3.835483550546372e-16,1.6363781704202577e-15,2.54011289174665e-17,6.782778234587587e-10,6.782778234587587e-12,1.7424135920736664e-16,1.6902569133030631e-15
0.06146358476368796,1.397274328198739e-16,9.88022152647206e-16,1.0347711444269925e-16,3.9999999999999995e-18,5.323682959362508e-21,8.080284377432201e-18,3.23395054496533e-17,3.8194568699758594e-16,1.6269796235360315e-15,2.54011289174665e-17,6.705088136838792e-10,6.7050881368387925e-12,1.7391741918456545e-16,1.6807584073567194e-15
0.06181864045997176,1.3932559236221045e-16,9.851807115215165e-16,1.0347711444269925e-16,3.9999999999999995e-18,5.323682959362508e-21,8.057046383956258e-18,3.2204799161059767e-17,3.8035473855157924e-16,1.6176350572567363e-15,2.54011289174665e-17,6.628287903254716e-10,6.628287903254717e-12,1.7359474041706537e-16,1.671315446577687e-15
0.0621757472007553,1.3892490755272682e-16,9.823474420624736e-16,1.0347711444269925e-16,3.9999999999999995e-18,5.323682959362508e-21,8.033875220348619e-18,3.2071079691128994e-17,3.7877544492610394e-16,1.608344161544475e-15,2.54011289174665e-17,6.552367341310773e-10,6.552367341310773e-12,1.7327331921539788e-16,1.661927717287164e-15
0.06253491683427416,1.3852537506790828e-16,9.795223207692784e-16,1.0347711444269925e-16,3.9999999999999995e-18,5.323682959362508e-21,8.01077069441406e-18,3.193834157724659e-17,3.7720774160495983e-16,1.5991066281420554e-15,2.54011289174665e-17,6.477316375227788e-10,6.477316375227788e-12,1.7295315189695778e-16,1.6525949076328738e-15
0.06289616127720747,1.38126991593798e-16,9.76705324208718e-16,1.0347711444269925e-16,3.9999999999999995e-18,5.323682959362508e-21,7.987732614510092e-18,3.1806579379822916e-17,3.756515643438807e-16,1.5899221505627617e-15,2.54011289174665e-17,6.403125044634782e-10,6.403125044634782e-12,1.7263423478597928e-16,1.6433167075786248e-15
0.06325949251507322,1.3772975382596979e-16,9.738964290149708e-16,1.0347711444269925e-16,3.9999999999999995e-18,5.323682959362508e-21,7.96476078954537e-18,3.167578768209393e-17,3.7410684916818173e-16,1.5807904240801867e-15,2.54011289174665e-17,6.329783503247104e-10,6.329783503247104e-12,1.723165642135129e-16,1.6340928088939288e-15
0.06362492260262595,1.3733365846950067e-16,9.710956118894125e-16,1.0347711444269925e-16,3.9999999999999995e-18,5.323682959362508e-21,7.941855028978102e-18,3.154596108992423e-17,3.725735323704339e-16,1.571711145718121e-15,2.54011289174665e-17,6.257282017559669e-10,6.25728201755967e-12,1.7200013651740201e-16,1.6249229051436773e-15
0.06399246366425672,1.3693870223894337e-16,9.683028496004233e-16,1.0347711444269925e-16,3.9999999999999995e-18,5.323682959362508e-21,7.919015142814477e-18,3.14170942316123e-17,3.710515505081634e-16,1.5626840142404996e-15,2.54011289174665e-17,6.185610965555185e-10,6.185610965555185e-12,1.7168494804225986e-16,1.6158066916778755e-15
0.06436212789439534,1.3654488185829933e-16,9.655181189831945e-16,1.0347711444269925e-16,3.9999999999999995e-18,5.323682959362508e-21,7.896240941607083e-18,3.1289181757698077e-17,3.6954084040157904e-16,1.5537087301414098e-15,2.54011289174665e-17,6.114760835427168e-10,6.114760835427168e-12,1.7137099513944707e-16,1.6067438656214373e-15
0.064733927557915,1.3615219406099128e-16,9.62741396939537e-16,1.0347711444269925e-16,3.9999999999999995e-18,5.323682959362508e-21,7.873532236453336e-18,3.116221834077276e-17,3.680413391313263e-16,1.5447849956351525e-15,2.54011289174665e-17,6.044722224317581e-10,6.0447222243175814e-12,1.7105827416704902e-16,1.5977341258640333e-15
0.0651078749905392,1.3576063558983632e-16,9.599726604376902e-16,1.0347711444269925e-16,3.9999999999999995e-18,5.323682959362508e-21,7.850888838993917e-18,3.1036198675290923e-17,3.665529840362678e-16,1.5359125146463614e-15,2.54011289174665e-17,5.975485837068939e-10,5.975485837068938e-12,1.707467814898536e-16,1.588777173049998e-15
0.06548398259925098,1.353702031970189e-16,9.57211886512129e-16,1.0347711444269925e-16,3.9999999999999995e-18,5.323682959362508e-21,7.828310561411209e-18,3.091111747738497e-17,3.65075712711292e-16,1.5270909928001818e-15,2.54011289174665e-17,5.907042484990709e-10,5.907042484990709e-12,1.704365134793295e-16,1.579872709568294e-15
0.06586226286270462,1.3498089364406366e-16,9.544590522633756e-16,1.0347711444269925e-16,3.9999999999999995e-18,5.323682959362508e-21,7.805797216427734e-18,3.0786969484681846e-17,3.636094630051489e-16,1.518320137412502e-15,2.54011289174665e-17,5.839383084639825e-10,5.839383084639826e-12,1.7012746651360416e-16,1.571020439542531e-15
0.06624272833163965,1.3459270370180887e-16,9.51714134857808e-16,1.0347711444269925e-16,3.9999999999999995e-18,5.323682959362508e-21,7.783348617304602e-18,3.0663749456122177e-17,3.6215417301831373e-16,1.509599657480243e-15,2.54011289174665e-17,5.772498656615188e-10,5.772498656615188e-12,1.6981963697744262e-16,1.5622200688210434e-15
0.06662539162929723,1.3420563015037948e-16,9.48977111527471e-16,1.0347711444269925e-16,3.9999999999999995e-18,5.323682959362508e-21,7.760964577839967e-18,3.0541452171781746e-17,3.60709781100878e-16,1.5009292636717038e-15,2.54011289174665e-17,5.70638032436597e-10,5.70638032436597e-12,1.6951302126222613e-16,1.5534713049670204e-15
0.06701026545183901,1.3381966977916044e-16,9.462479595698885e-16,1.0347711444269925e-16,3.9999999999999995e-18,5.323682959362508e-21,7.73864491236748e-18,3.0420072432695314e-17,3.5927622585046984e-16,1.4923086683169621e-15,2.54011289174665e-17,5.641019313013551e-10,5.641019313013552e-12,1.6920761576593126e-16,1.5447738572486937e-15
0.06739736256876833,1.3343481938677003e-16,9.43526656347873e-16,1.0347711444269925e-16,3.9999999999999995e-18,5.323682959362508e-21,7.716389435754741e-18,3.029960506068288e-17,3.5785344611020094e-16,1.4837375853983286e-15,2.54011289174665e-17,5.576406948186986e-10,5.576406948186986e-12,1.689034168931091e-16,1.5361274366295776e-15
0.06778669582335395,1.330510757810334e-16,9.408131792893393e-16,1.0347711444269925e-16,3.9999999999999995e-18,5.323682959362508e-21,7.694197963401773e-18,3.0180044898178336e-17,3.5644138096664346e-16,1.4752157305408577e-15,2.54011289174665e-17,5.512534654871758e-10,5.5125346548717586e-12,1.6860042105486502e-16,1.5275317557587671e-15
0.0681782781330561,1.3266843577895597e-16,9.381075058871177e-16,1.0347711444269925e-16,3.9999999999999995e-18,5.323682959362508e-21,7.672070311239491e-18,3.006138680806053e-17,3.5503996974783485e-16,1.4667428210029141e-15,2.54011289174665e-17,5.449393956271775e-10,5.449393956271775e-12,1.682986246688381e-16,1.5189865289612874e-15
0.06857212248995513,1.322868962066972e-16,9.354096136987657e-16,1.0347711444269925e-16,3.9999999999999995e-18,5.323682959362508e-21,7.650006295728169e-18,2.9943625673486793e-17,3.5364915202131136e-16,1.4583185756667897e-15,2.54011289174665e-17,5.386976472684357e-10,5.386976472684357e-12,1.679980241591816e-16,1.5104914722284987e-15
0.06896824196118247,1.3190645389954405e-16,9.32719480346383e-16,1.0347711444269925e-16,3.9999999999999995e-18,5.323682959362508e-21,7.628005733855924e-18,2.982675639772892e-17,3.5226886759217116e-16,1.4499427150293783e-15,2.54011289174665e-17,5.325273920388136e-10,5.325273920388136e-12,1.6769861595654275e-16,1.5020463032085544e-15
0.06936664968935433,1.3152710570188487e-16,9.300370835164261e-16,1.0347711444269925e-16,3.9999999999999995e-18,5.323682959362508e-21,7.606068443137186e-18,2.9710773904011566e-17,3.5089905650116564e-16,1.4416149611928997e-15,2.54011289174665e-17,5.264278110543667e-10,5.2642781105436665e-12,1.6740039649804377e-16,1.4936507411969093e-15
0.06976735889300753,1.3114884846718326e-16,9.273624009595224e-16,1.0347711444269925e-16,3.9999999999999995e-18,5.323682959362508e-21,7.584194241611202e-18,2.959567313535322e-17,3.4953965902282125e-16,1.4333350378556836e-15,2.54011289174665e-17,5.203980948106677e-10,5.203980948106678e-12,1.6710336222726242e-16,1.4853045071268896e-15
0.07017038286703829,1.307716790579519e-16,9.24695410490286e-16,1.0347711444269925e-16,3.9999999999999995e-18,5.323682959362508e-21,7.56238294784052e-18,2.9481449054409546e-17,3.481906156635894e-16,1.4251026703029979e-15,2.54011289174665e-17,5.14437443075371e-10,5.1443744307537096e-12,1.6680750959421298e-16,1.4770073235603026e-15
0.07057573498314325,1.303955943457264e-16,9.220360899871337e-16,1.0347711444269925e-16,3.9999999999999995e-18,5.323682959362508e-21,7.540634380909471e-18,2.9368096643319337e-17,3.4685186716002665e-16,1.4169175853979365e-15,2.54011289174665e-17,5.085450647820097e-10,5.085450647820097e-12,1.6651283505532752e-16,1.46875891467811e-15
0.07098342869026307,1.3002059121103965e-16,9.193844173921015e-16,1.0347711444269925e-16,3.9999999999999995e-18,5.323682959362508e-21,7.518948360422686e-18,2.925561090355291e-17,3.4552335447700477e-16,1.4087795115723564e-15,2.54011289174665e-17,5.027201779250115e-10,5.027201779250115e-12,1.6621933507343771e-16,1.460559006271145e-15
0.0713934775150287,1.2964666654339564e-16,9.167403707106614e-16,1.0347711444269925e-16,3.9999999999999995e-18,5.323682959362508e-21,7.497324706503594e-18,2.91439868557631e-17,3.4420501880595044e-16,1.4006881788178687e-15,2.54011289174665e-17,4.969620094559134e-10,4.969620094559134e-12,1.6592700611775618e-16,1.4524073257308885e-15
0.07180589506221016,1.2927381724124392e-16,9.1410392801154e-16,1.0347711444269925e-16,3.9999999999999995e-18,5.323682959362508e-21,7.475763239792924e-18,2.903321953963867e-17,3.4289680156311457e-16,1.392643318676878e-15,2.54011289174665e-17,4.912697951807675e-10,4.9126979518076755e-12,1.6563584466385895e-16,1.4443036020402877e-15
0.07222069501516794,1.2890204021195367e-16,9.114750674265348e-16,1.0347711444269925e-16,3.9999999999999995e-18,5.323682959362508e-21,7.454263781447226e-18,2.892330401376042e-17,3.415986443878718e-16,1.3846446642336771e-15,2.54011289174665e-17,4.856427796587209e-10,4.856427796587209e-12,1.6534584719366736e-16,1.4362475657646333e-15
0.07263789113630698,1.2853133237178816e-16,9.088537671503343e-16,1.0347711444269925e-16,3.9999999999999995e-18,5.323682959362508e-21,7.432826153137384e-18,2.881423535545972e-17,3.403104891410509e-16,1.3766919501055902e-15,2.54011289174665e-17,4.80080216101757e-10,4.80080216101757e-12,1.6505701019543083e-16,1.4282389490424823e-15
0.07305749726753323,1.2816169064587914e-16,9.062400054403365e-16,1.0347711444269925e-16,3.9999999999999995e-18,5.323682959362508e-21,7.411450177047132e-18,2.87060086606797e-17,3.390322779032944e-16,1.3687849124341688e-15,2.54011289174665e-17,4.745813662755874e-10,4.745813662755874e-12,1.6476933016370948e-16,1.4202774855766342e-15
0.07347952733071303,1.2779311196820134e-16,9.03633760616469e-16,1.0347711444269925e-16,3.9999999999999995e-18,5.323682959362508e-21,7.390135675871591e-18,2.8598619043838905e-17,3.3776395297344904e-16,1.3609232888764367e-15,2.54011289174665e-17,4.691455004016753e-10,4.691455004016753e-12,1.6448280359935722e-16,1.4123629106251543e-15
0.07390399532813488,1.27425593281547e-16,9.010350110610085e-16,1.0347711444269925e-16,3.9999999999999995e-18,5.323682959362508e-21,7.368882472815783e-18,2.8492061637697667e-17,3.365054568669871e-16,1.3531068185961863e-15,2.54011289174665e-17,4.6377189706038444e-10,4.637718970603845e-12,1.6419742700950496e-16,1.4044949609924495e-15
0.0743309153429741,1.270591315375006e-16,8.98443735218402e-16,1.0347711444269925e-16,3.9999999999999995e-18,5.323682959362508e-21,7.34769039159318e-18,2.838633159322695e-17,3.352567323144572e-16,1.3453352422553233e-15,2.54011289174665e-17,4.5845984309523556e-10,4.584598430952356e-12,1.6391319690754419e-16,1.3966733750203886e-15
0.07476030153976007,1.266937236964135e-16,8.958599115950877e-16,1.0347711444269925e-16,3.9999999999999995e-18,5.323682959362508e-21,7.326559256424228e-18,2.828142407947978e-17,3.340177222599667e-16,1.337608302005264e-15,2.54011289174665e-17,4.5320863351826015e-10,4.532086335182602e-12,1.6363010981311063e-16,1.3888978925794787e-15
0.07519216816484615,1.2632936672737875e-16,8.932835187593172e-16,1.0347711444269925e-16,3.9999999999999995e-18,5.323682959362508e-21,7.305488892034901e-18,2.817733428346539e-17,3.3278836985969426e-16,1.3299257414783793e-15,2.54011289174665e-17,4.480175714164379e-10,4.480175714164379e-12,1.6334816225206828e-16,1.381168255060083e-15
0.07562652954688241,1.2596605760820595e-16,8.907145353409772e-16,1.0347711444269925e-16,3.9999999999999995e-18,5.323682959362508e-21,7.284479123655238e-18,2.8074057410025837e-17,3.3156861848043325e-16,1.3222873057794882e-15,2.54011289174665e-17,4.428859678592065e-10,4.428859678592065e-12,1.6306735075649368e-16,1.3734842053636911e-15
0.07606340009729097,1.2560379332539615e-16,8.881529400314124e-16,1.0347711444269925e-16,3.9999999999999995e-18,5.323682959362508e-21,7.263529777017893e-18,2.797158868171527e-17,3.3035841169816573e-16,1.3146927414774025e-15,2.54011289174665e-17,4.3781314180702996e-10,4.378131418070299e-12,1.6278767186466028e-16,1.365845487894236e-15
0.07650279431074421,1.2524257087411694e-16,8.855987115832488e-16,1.0347711444269925e-16,3.9999999999999995e-18,5.323682959362508e-21,7.242640678356703e-18,2.786992333868181e-17,3.291576932966672e-16,1.3071417965965173e-15,2.54011289174665e-17,4.3279842002101467e-10,4.3279842002101466e-12,1.6250912212102337e-16,1.3582518485494591e-15
0.07694472676564562,1.2488238725817746e-16,8.830518288102178e-16,1.0347711444269925e-16,3.9999999999999995e-18,5.323682959362508e-21,7.22181165440523e-18,2.7769056638552037e-17,3.2796640726614267e-16,1.2996342206084502e-15,2.54011289174665e-17,4.2784113697356116e-10,4.278411369735612e-12,1.6223169807620483e-16,1.3507030347123212e-15
0.07738921212461354,1.245232394900035e-16,8.805122705869796e-16,1.0347711444269925e-16,3.9999999999999995e-18,5.323682959362508e-21,7.201042532395335e-18,2.7668983856318078e-17,3.2678449780189267e-16,1.2921697644237307e-15,2.54011289174665e-17,4.2294063476003814e-10,4.2294063476003815e-12,1.6195539628697848e-16,1.3431987952424635e-15
0.07783626513496762,1.2416512459061286e-16,8.7798001584894895e-16,1.0347711444269925e-16,3.9999999999999995e-18,5.323682959362508e-21,7.180333140055733e-18,2.7569700284227292e-17,3.256119093030108e-16,1.2847481803835345e-15,2.54011289174665e-17,4.180962630114689e-10,4.180962630114689e-12,1.6168021331625554e-16,1.3357388804677106e-15
0.07828590062921809,1.2380803958959052e-16,8.7545504359212e-16,1.0347711444269925e-16,3.9999999999999995e-18,5.323682959362508e-21,7.159683305610583e-18,2.7471201231674584e-17,3.244485863711118e-16,1.2773692222514678e-15,2.54011289174665e-17,4.133073788082185e-10,4.133073788082185e-12,1.614061457330702e-16,1.3283230421756256e-15
0.07873813352555792,1.2345198152506404e-16,8.729373328728916e-16,1.0347711444269925e-16,3.9999999999999995e-18,5.323682959362508e-21,7.139092857778047e-18,2.7373482025097338e-17,3.232944738090904e-16,1.270032645205396e-15,2.54011289174665e-17,4.0857334659466756e-10,4.085733465946676e-12,1.6113319011256568e-16,1.320951033605106e-15
0.07919297882835777,1.23096947443679e-16,8.704268628078946e-16,1.0347711444269925e-16,3.9999999999999995e-18,5.323682959362508e-21,7.118561625768869e-18,2.7276538007872916e-17,3.221495166199109e-16,1.2627382058293224e-15,2.54011289174665e-17,4.038935380948659e-10,4.038935380948659e-12,1.6086134303598037e-16,1.3136226094380289e-15
0.07965045162866378,1.227429344005745e-16,8.679236125738178e-16,1.0347711444269925e-16,3.9999999999999995e-18,5.323682959362508e-21,7.098089439284973e-18,2.7180364540218776e-17,3.2101366000542785e-16,1.255485662105311e-15,2.54011289174665e-17,3.9926733222915027e-10,3.992673322291503e-12,1.6059060109063422e-16,1.3063375257909394e-15
0.08011056710469834,1.223899394593587e-16,8.654275614072354e-16,1.0347711444269925e-16,3.9999999999999995e-18,5.323682959362508e-21,7.077676128518034e-18,2.708495699909524e-17,3.19886849365237e-16,1.2482747734054575e-15,2.54011289174665e-17,3.9469411503171823e-10,3.9469411503171826e-12,1.6032096086991546e-16,1.2990955402067868e-15
0.08057334052236358,1.2203795969208454e-16,8.629386886044354e-16,1.0347711444269925e-16,3.9999999999999995e-18,5.323682959362508e-21,7.057321524148083e-18,2.699031077811076e-17,3.18769030295557e-16,1.2411053004839043e-15,2.54011289174665e-17,3.9017327956914544e-10,3.901732795691455e-12,1.600524189732674e-16,1.2918964116467016e-15
0.08103878723574794,1.216869921792254e-16,8.604569735212466e-16,1.0347711444269925e-16,3.9999999999999995e-18,5.323682959362508e-21,7.03702545734209e-18,2.6896421287429842e-17,3.1766014858814176e-16,1.2339770054689056e-15,2.54011289174665e-17,3.8570422585983773e-10,3.857042258598377e-12,1.5978497200617566e-16,1.2847399004818227e-15
0.08150692268763558,1.2133703400965086e-16,8.579823955728688e-16,1.0347711444269925e-16,3.9999999999999995e-18,5.323682959362508e-21,7.016787759752575e-18,2.6803283953683562e-17,3.165601502292235e-16,1.226889651854931e-15,2.54011289174665e-17,3.81286360794403e-10,3.8128636079440306e-12,1.5951861658015548e-16,1.2776257684851616e-15
0.08197776241001874,1.2098808228060264e-16,8.55514934233701e-16,1.0347711444269925e-16,3.9999999999999995e-18,5.323682959362508e-21,6.996608263516204e-18,2.6710894219882604e-17,3.1546898139848587e-16,1.219843004494823e-15,2.54011289174665e-17,3.769190980569384e-10,3.769190980569385e-12,1.5925334931273926e-16,1.2705537788235185e-15
0.08245132202461306,1.2064013409767038e-16,8.530545690371716e-16,1.0347711444269925e-16,3.9999999999999995e-18,5.323682959362508e-21,6.976486801252399e-18,2.661924754533291e-17,3.143865884680676e-16,1.212836829591991e-15,2.54011289174665e-17,3.7260185804721657e-10,3.726018580472166e-12,1.589891668274646e-16,1.263523696049435e-15
0.08292761724337588,1.2029318657476782e-16,8.506012795755688e-16,1.0347711444269925e-16,3.9999999999999995e-18,5.323682959362508e-21,6.956423206061952e-18,2.6528339405553843e-17,3.133129180015961e-16,1.2058708946926587e-15,2.54011289174665e-17,3.683340678037647e-10,3.683340678037647e-12,1.5872606575386217e-16,1.2565352860931955e-15
0.0834066638690276,1.199472368341087e-16,8.481550454998708e-16,1.0347711444269925e-16,3.9999999999999995e-18,5.323682959362508e-21,6.936417311525635e-18,2.643816529219899e-17,3.1224791675325177e-16,1.1989449686781466e-15,2.54011289174665e-17,3.6411516092782334e-10,3.6411516092782335e-12,1.5846404272744413e-16,1.249588316254867e-15
0.0838884777955759,1.1960228200618293e-16,8.457158465195774e-16,1.0347711444269925e-16,3.9999999999999995e-18,5.323682959362508e-21,6.916468951702825e-18,2.6348720712979378e-17,3.111915316668617e-16,1.192058821757209e-15,2.54011289174665e-17,3.5994457750817815e-10,3.5994457750817814e-12,1.582030943896926e-16,1.2426825551963868e-15
0.08437307500884311,1.1925831922973289e-16,8.432836624025417e-16,1.0347711444269925e-16,3.9999999999999995e-18,5.323682959362508e-21,6.896577961130127e-18,2.626000119158933e-17,3.101437098750235e-16,1.1852122254584063e-15,2.54011289174665e-17,3.558217640468502e-10,3.558217640468502e-12,1.5794321738804853e-16,1.2358177729336874e-15
0.08486047158699664,1.1891534565172956e-16,8.40858472974802e-16,1.0347711444269925e-16,3.9999999999999995e-18,5.323682959362508e-21,6.8767441748199974e-18,2.6172002267634757e-17,3.0910439869825845e-16,1.1784049526225263e-15,2.54011289174665e-17,3.517461733856393e-10,3.517461733856393e-12,1.5768440837590061e-16,1.228993740828868e-15
0.08535068370108233,1.185733584273489e-16,8.384402581204148e-16,1.0347711444269925e-16,3.9999999999999995e-18,5.323682959362508e-21,6.85696742825938e-18,2.6084719496564002e-17,3.0807354564419515e-16,1.1716367773950462e-15,2.54011289174665e-17,3.47717264633508e-10,3.47717264633508e-12,1.5742666401257453e-16,1.2222102315824039e-15
0.0858437276155611,1.1823235471994833e-16,8.360289977812879e-16,1.0347711444269925e-16,3.9999999999999995e-18,5.323682959362508e-21,6.83724755740834e-18,2.5998148449601127e-17,3.0705109840678105e-16,1.164907475218641e-15,2.54011289174665e-17,3.43734503094797e-10,3.43734503094797e-12,1.5716998096332253e-16,1.2154670192254015e-15
0.08633961968884847,1.1789233170104308e-16,8.336246719570136e-16,1.0347711444269925e-16,3.9999999999999995e-18,5.323682959362508e-21,6.817584398698702e-18,2.5912284713681723e-17,3.060370048655248e-16,1.158216822825731e-15,2.54011289174665e-17,3.3979736019826344e-10,3.3979736019826344e-12,1.5691435589931294e-16,1.2087638791118917e-15
0.08683837637385741,1.1755328655028282e-16,8.312272607047034e-16,1.0347711444269925e-16,3.9999999999999995e-18,5.323682959362508e-21,6.797977789032696e-18,2.5827123891391117e-17,3.05031213084766e-16,1.1515645982310751e-15,2.54011289174665e-17,3.359053134269316e-10,3.359053134269316e-12,1.5665978549762024e-16,1.2021005879111642e-15
0.08734001421854411,1.1721521645542816e-16,8.288367441388225e-16,1.0347711444269925e-16,3.9999999999999995e-18,5.323682959362508e-21,6.7784275657816e-18,2.5742661600905066e-17,3.040336713129752e-16,1.1449505807244065e-15,2.54011289174665e-17,3.320578462487472e-10,3.3205784624874722e-12,1.5640626644121504e-16,1.1954769236001458e-15
0.0878445498664571,1.168781186123275e-16,8.264531024310242e-16,1.0347711444269925e-16,3.9999999999999995e-18,5.323682959362508e-21,6.758933566784397e-18,2.5658893475932838e-17,3.0304432798208143e-16,1.1383745508631083e-15,2.54011289174665e-17,3.282544480480263e-10,3.2825444804802634e-12,1.5615379541895475e-16,1.1888926654558149e-15
0.08835200005728942,1.165419902248936e-16,8.24076315809986e-16,1.0347711444269925e-16,3.9999999999999995e-18,5.323682959362508e-21,6.739495630346426e-18,2.5575815165662712e-17,3.020631317068285e-16,1.1318362904649329e-15,2.54011289174665e-17,3.2449461405768796e-10,3.2449461405768797e-12,1.5590236912557381e-16,1.1823475940476583e-15
0.08886238162743403,1.1620682850508048e-16,8.217063645612459e-16,1.0347711444269925e-16,3.9999999999999995e-18,5.323682959362508e-21,6.72011359523804e-18,2.549342233470986e-17,3.010900312841595e-16,1.1253355826007654e-15,2.54011289174665e-17,3.2077784529226594e-10,3.2077784529226595e-12,1.5565198426167482e-16,1.1758414912301695e-15
0.0893757115105424,1.158726306728602e-16,8.19343229027038e-16,1.0347711444269925e-16,3.9999999999999995e-18,5.323682959362508e-21,6.700787300693274e-18,2.541171066306657e-17,3.0012497569262907e-16,1.1188722115874222e-15,2.54011289174665e-17,3.1710364848168413e-10,3.1710364848168415e-12,1.554026375337193e-16,1.1693741401353815e-15
0.08989200673808635,1.1553939395620002e-16,8.169868896061305e-16,1.0347711444269925e-16,3.9999999999999995e-18,5.323682959362508e-21,6.681516586408503e-18,2.5330675846054833e-17,2.9916791409184313e-16,1.1124459629804992e-15,2.54011289174665e-17,3.1347153600579405e-10,3.1347153600579406e-12,1.5515432565401929e-16,1.1629453251654456e-15
0.09041128443992316,1.152071155910391e-16,8.146373267536617e-16,1.0347711444269925e-16,3.9999999999999995e-18,5.323682959362508e-21,6.662301292541124e-18,2.5250313594281233e-17,2.9821879582192627e-16,1.1060566235672538e-15,2.54011289174665e-17,3.0988102582965873e-10,3.098810258296587e-12,1.5490704534072853e-16,1.156554831985243e-15
0.09093356184486383,1.1487579282126582e-16,8.122945209809797e-16,1.0347711444269925e-16,3.9999999999999995e-18,5.323682959362508e-21,6.643141259708216e-18,2.517061963359413e-17,2.9727757040301623e-16,1.0997039813595323e-15,2.54011289174665e-17,3.06331641439581e-10,3.06331641439581e-12,1.5466079331783432e-16,1.1502024475150398e-15
0.09145885628124478,1.1454542289869478e-16,8.099584528554791e-16,1.0347711444269925e-16,3.9999999999999995e-18,5.323682959362508e-21,6.6240363289852304e-18,2.5091589705043116e-17,2.9634418753478466e-16,1.0933878255867358e-15,2.54011289174665e-17,3.028229117798625e-10,3.028229117798625e-12,1.5441556631514942e-16,1.1438879599231769e-15
0.09198718517750275,1.1421600308304408e-16,8.076291030004409e-16,1.0347711444269925e-16,3.9999999999999995e-18,5.323682959362508e-21,6.6049863419046675e-18,2.5013219564840713e-17,2.954185970959851e-16,1.087107946688828e-15,2.54011289174665e-17,2.993543711902875e-10,2.993543711902875e-12,1.5417136106830416e-16,1.1376111586188015e-15
0.09251856606275304,1.1388753064191257e-16,8.05306452094871e-16,1.0347711444269925e-16,3.9999999999999995e-18,5.323682959362508e-21,6.58599114045476e-18,2.493550498432629e-17,2.945007491440268e-16,1.0808641363093813e-15,2.54011289174665e-17,2.9592555934432324e-10,2.9592555934432325e-12,1.5392817431873886e-16,1.1313718342446337e-15
0.09305301656737112,1.1356000285075718e-16,8.029904808733407e-16,1.0347711444269925e-16,3.9999999999999995e-18,5.323682959362508e-21,6.567050567078166e-18,2.4858441749932182e-17,2.935905939145742e-16,1.0746561872886646e-15,2.54011289174665e-17,2.9253602118802725e-10,2.9253602118802726e-12,1.5368600281369628e-16,1.1251697786697712e-15
0.09359055442357757,1.1323341699287026e-16,8.006811701258261e-16,1.0347711444269925e-16,3.9999999999999995e-18,5.323682959362508e-21,6.548164464670661e-18,2.478202566315194e-17,2.9268808182117235e-16,1.0684838936567701e-15,2.54011289174665e-17,2.89185306879656e-10,2.89185306879656e-12,1.534448433062145e-16,1.1190047849825338e-15
0.09413119746602638,1.129077703593572e-16,7.983785006975495e-16,1.0347711444269925e-16,3.9999999999999995e-18,5.323682959362508e-21,6.5293326765798344e-18,2.4706252540510767e-17,2.917931634548976e-16,1.0623470506267783e-15,2.54011289174665e-17,2.858729717299631e-10,2.8587297172996312e-12,1.5320469255511993e-16,1.112876647483341e-15
0.0946749636323967,1.125830602491138e-16,7.960824534888201e-16,1.0347711444269925e-16,3.9999999999999995e-18,5.323682959362508e-21,6.5105550466037925e-18,2.4631118213538002e-17,2.909057895840328e-16,1.056245454587966e-15,2.54011289174665e-17,2.8259857614318325e-10,2.8259857614318325e-12,1.5296554732502043e-16,1.1067851616776307e-15
0.095221870963988,1.12259283968804e-16,7.93793009454876e-16,1.0347711444269925e-16,3.9999999999999995e-18,5.323682959362508e-21,6.491831418989857e-18,2.4556618528741745e-17,2.9002591115376705e-16,1.050178903099048e-15,2.54011289174665e-17,2.7936168555869114e-10,2.7936168555869113e-12,1.5272740438629885e-16,1.1007301242688102e-15
0.09577193760631861,1.119364388328374e-16,7.915101496057251e-16,1.0347711444269925e-16,3.9999999999999995e-18,5.323682959362508e-21,6.4731616384332805e-18,2.4482749347585457e-17,2.8915347928592014e-16,1.0441471948814623e-15,2.54011289174665e-17,2.7616187039332874e-10,2.7616187039332876e-12,1.5249026051510644e-16,1.0947113331512476e-15
0.09632518180972781,1.1161452216334708e-16,7.892338550059891e-16,1.0347711444269925e-16,3.9999999999999995e-18,5.323682959362508e-21,6.4545455500759496e-18,2.440950654646665e-17,2.8828844527869014e-16,1.0381501298126912e-15,2.54011289174665e-17,2.7299870598439343e-10,2.7299870598439344e-12,1.5225411249335689e-16,1.0887285874032954e-15
0.09688162192998129,1.1129353129016738e-16,7.869641067747456e-16,1.0347711444269925e-16,3.9999999999999995e-18,5.323682959362508e-21,6.4359829995051116e-18,2.433688601669748e-17,2.8743076060642467e-16,1.0321875089196218e-15,2.54011289174665e-17,2.6987177253327903e-10,2.6987177253327903e-12,1.520189571087203e-16,1.082781687280353e-15
0.09744127642888022,1.1097346355081172e-16,7.847008860853714e-16,1.0347711444269925e-16,3.9999999999999995e-18,5.323682959362508e-21,6.417473832752085e-18,2.4264883664487365e-17,2.865803769194153e-16,1.0262591343719448e-15,2.54011289174665e-17,2.667806550497621e-10,2.667806550497621e-12,1.5178479115461737e-16,1.0768704342079631e-15
0.09800416387487373,1.1065431629045058e-16,7.824441741653865e-16,1.0347711444269925e-16,3.9999999999999995e-18,5.323682959362508e-21,6.399017896290983e-18,2.4193495410927458e-17,2.8573724604371454e-16,1.0203648094755897e-15,2.54011289174665e-17,2.637249432969269e-10,2.637249432969269e-12,1.5155161143021394e-16,1.0709946307749429e-15
0.09857030294367505,1.1033608686188936e-16,7.80193952296299e-16,1.0347711444269925e-16,3.9999999999999995e-18,5.323682959362508e-21,6.380615037037445e-18,2.412271719197704e-17,2.849013199809747e-16,1.0145043386661995e-15,2.54011289174665e-17,2.6070423173672056e-10,2.6070423173672057e-12,1.513194147404155e-16,1.0651540807265514e-15
0.09913971241888106,1.1001877262554656e-16,7.779502018134487e-16,1.0347711444269925e-16,3.9999999999999995e-18,5.323682959362508e-21,6.362265102347362e-18,2.405254495845174e-17,2.8407255090830897e-16,1.0086775275026428e-15,2.54011289174665e-17,2.577181194761327e-10,2.5771811947613267e-12,1.510881978958621e-16,1.0593485889576915e-15
0.09971241119259557,1.0970237094943178e-16,7.757129041058533e-16,1.0347711444269925e-16,3.9999999999999995e-18,5.323682959362508e-21,6.343967940015614e-18,2.3982974676013567e-17,2.8325089117817387e-16,1.0028841826605613e-15,2.54011289174665e-17,2.5476621021399024e-10,2.5476621021399026e-12,1.508579577129235e-16,1.0535779615061447e-15
0.10028841826605607,1.0938687920912396e-16,7.734820406160532e-16,1.0347711444269925e-16,3.9999999999999995e-18,5.323682959362508e-21,6.3257233982748065e-18,2.3914002325162712e-17,2.8243629331827214e-16,9.971241119259561e-16,2.54011289174665e-17,2.5184811218836336e-10,2.5184811218836336e-12,1.5062869101369418e-16,1.0478420055458426e-15
0.10086775275026427,1.0907229478774951e-16,7.71257592839958e-16,1.0347711444269925e-16,3.9999999999999995e-18,5.323682959362508e-21,6.307531325794004e-18,2.384562390123113e-17,2.8162871003147707e-16,9.913971241888106e-16,2.54011289174665e-17,2.4896343812457166e-10,2.4896343812457167e-12,1.5040039462598896e-16,1.0421405293801692e-15
0.10145043386661991,1.0875861507596082e-16,7.690395423266937e-16,1.0347711444269925e-16,3.9999999999999995e-18,5.323682959362508e-21,6.289391571677495e-18,2.377783541437776e-17,2.8082809419577585e-16,9.85703029436751e-16,2.54011289174665e-17,2.4611180518378906e-10,2.4611180518378907e-12,1.501730653833386e-16,1.036473342435302e-15
0.10203648094755896,1.0844583747191429e-16,7.66827870678448e-16,1.0347711444269925e-16,3.9999999999999995e-18,5.323682959362508e-21,6.271303985463513e-18,2.3710632889585406e-17,2.8003439886423316e-16,9.800416387487374e-16,2.54011289174665e-17,2.4329283491223253e-10,2.4329283491223255e-12,1.499467001249855e-16,1.030840255253578e-15
0.10262591343719442,1.081339593812491e-16,7.646225595503193e-16,1.0347711444269925e-16,3.9999999999999995e-18,5.323682959362508e-21,6.253268417123015e-18,2.3644012366659337e-17,2.792475772649744e-16,9.744127642888027e-16,2.54011289174665e-17,2.405061531909392e-10,2.4050615319093923e-12,1.4972129569587993e-16,1.0252410794869036e-15
0.10321875089196218,1.0782297821706538e-16,7.624235906501633e-16,1.0347711444269925e-16,3.9999999999999995e-18,5.323682959362508e-21,6.235284717058412e-18,2.3577969900227336e-17,2.784675828011859e-16,9.688162192998129e-16,2.54011289174665e-17,2.3775139018611137e-10,2.377513901861114e-12,1.494968489466759e-16,1.0196756278901864e-15
0.10381501298126905,1.0751289139990304e-16,7.602309457384429e-16,1.0347711444269925e-16,3.9999999999999995e-18,5.323682959362508e-21,6.217352736102356e-18,2.3512501559741413e-17,2.77694369051136e-16,9.632518180972786e-16,2.54011289174665e-17,2.350281803000384e-10,2.3502818030003838e-12,1.4927335673372802e-16,1.0141437143148113e-15
0.10441471948814622,1.0720369635772003e-16,7.580446066280742e-16,1.0347711444269925e-16,3.9999999999999995e-18,5.323682959362508e-21,6.199472325516472e-18,2.344760342948092e-17,2.7692788976821085e-16,9.577193760631861e-16,2.54011289174665e-17,2.3233616212257195e-10,2.3233616212257195e-12,1.4905081591908752e-16,1.0086451537021347e-15
0.10501789030990474,1.0689539052587143e-16,7.558645551842793e-16,1.0347711444269925e-16,3.9999999999999995e-18,5.323682959362508e-21,6.181643336990155e-18,2.3383271608557237e-17,2.7616809888097064e-16,9.522187096398804e-16,2.54011289174665e-17,2.296749783831659e-10,2.296749783831659e-12,1.4882922337049952e-16,1.0031797620770283e-15
0.1056245454587966,1.0658797134708778e-16,7.536907733244319e-16,1.0347711444269925e-16,3.9999999999999995e-18,5.323682959362508e-21,6.163865622639309e-18,2.3319502210919742e-17,2.754149504932195e-16,9.46749636323967e-16,2.54011289174665e-17,2.270442759034574e-10,2.2704427590345742e-12,1.4860857596139962e-16,9.977473565414364e-16
0.10623470506267778,1.0628143627145416e-16,7.515232430179114e-16,1.0347711444269925e-16,3.9999999999999995e-18,5.323682959362508e-21,6.146139035005152e-18,2.3256291365363352e-17,2.746683988840949e-16,9.413119746602642e-16,2.54011289174665e-17,2.2444370555039832e-10,2.244437055503983e-12,1.4838887057091125e-16,9.923477552679808e-16
0.10684838936567699,1.0597578275638877e-16,7.493619462859489e-16,1.0347711444269925e-16,3.9999999999999995e-18,5.323682959362508e-21,6.128463427052962e-18,2.3193635215537174e-17,2.7392839850816955e-16,9.359055442357757e-16,2.54011289174665e-17,2.2187292218991676e-10,2.218729221899168e-12,1.4817010408384274e-16,9.869807774935854e-16
0.10746561872886641,1.0567100826662222e-16,7.472068652014829e-16,1.0347711444269925e-16,3.9999999999999995e-18,5.323682959362508e-21,6.110838652170887e-18,2.3131529919954698e-17,2.73194903995572e-16,9.305301656737118e-16,2.54011289174665e-17,2.193315846411162e-10,2.193315846411162e-12,1.4795227339068508e-16,9.816462435131411e-16
0.10808641363093813,1.05367110274176e-16,7.450579818890059e-16,1.0347711444269925e-16,3.9999999999999995e-18,5.323682959362508e-21,6.093264564168699e-18,2.3069971652004997e-17,2.7246787015211906e-16,9.251856606275303e-16,2.54011289174665e-17,2.1681935563099224e-10,2.1681935563099226e-12,1.4773537538760933e-16,9.763439746731918e-16
0.10871079466888274,1.0506408625834204e-16,7.429152785244201e-16,1.0347711444269925e-16,3.9999999999999995e-18,5.323682959362508e-21,6.075741017276613e-18,2.3008956599965374e-17,2.717472519594646e-16,9.19871851775028e-16,2.54011289174665e-17,2.1433590174967486e-10,2.1433590174967486e-12,1.4751940697646468e-16,9.710737933656633e-16
0.10933878255867358,1.047619337056613e-16,7.407787373348865e-16,1.0347711444269925e-16,3.9999999999999995e-18,5.323682959362508e-21,6.058267866144045e-18,2.2948480967014992e-17,2.7103300457526116e-16,9.145885628124479e-16,2.54011289174665e-17,2.1188089340617671e-10,2.1188089340617674e-12,1.4730436506477618e-16,9.658355230216086e-16
0.10997039813595316,1.0446065010990342e-16,7.386483405986797e-16,1.0347711444269925e-16,3.9999999999999995e-18,5.323682959362508e-21,6.040844965838438e-18,2.288854097124976e-17,2.7032508333333545e-16,9.093356184486387e-16,2.54011289174665e-17,2.0945400478465481e-10,2.094540047846548e-12,1.4709024656574325e-16,9.606289881049973e-16
0.11060566235672538,1.0416023297204542e-16,7.365240706450394e-16,1.0347711444269925e-16,3.9999999999999995e-18,5.323682959362508e-21,6.023472171844032e-18,2.2829132845698193e-17,2.696234437438755e-16,9.041128443992314e-16,2.54011289174665e-17,2.0705491380116675e-10,2.0705491380116676e-12,1.468770483982377e-16,9.554540141065236e-16
0.11124459629804986,1.038606798002515e-16,7.344059098540251e-16,1.0347711444269925e-16,3.9999999999999995e-18,5.323682959362508e-21,6.0061493400606906e-18,2.277025283833843e-17,2.6892804149363207e-16,8.989200673808639e-16,2.54011289174665e-17,2.0468330206092854e-10,2.0468330206092855e-12,1.4666476748680253e-16,9.503104275374525e-16
0.11188722115874222,1.0356198810985181e-16,7.322938406563683e-16,1.0347711444269925e-16,3.9999999999999995e-18,5.323682959362508e-21,5.988876326802681e-18,2.2711897212116115e-17,2.6823883244612963e-16,8.93757115105424e-16,2.54011289174665e-17,2.023388548160558e-10,2.0233885481605582e-12,1.4645340076165035e-16,9.451980559234877e-16
0.11253355826007645,1.0326415542332243e-16,7.301878455333289e-16,1.0347711444269925e-16,3.9999999999999995e-18,5.323682959362508e-21,5.971652988797507e-18,2.2654062244963378e-17,2.675557726418904e-16,8.886238162743408e-16,2.54011289174665e-17,2.0002126092379534e-10,2.0002126092379534e-12,1.462429451586625e-16,9.401167277986775e-16
0.11318362904649329,1.0296717927026422e-16,7.280879070165474e-16,1.0347711444269925e-16,3.9999999999999995e-18,5.323682959362508e-21,5.954479183184692e-18,2.2596744229818554e-17,2.668788182986673e-16,8.835200005728943e-16,2.54011289174665e-17,1.9773021280522842e-10,1.9773021280522844e-12,1.4603339761938777e-16,9.3506627269934e-16
0.11383745508631074,1.0267105718738293e-16,7.25994007687903e-16,1.0347711444269925e-16,3.9999999999999995e-18,5.323682959362508e-21,5.937354767514629e-18,2.2539939474646932e-17,2.662079258116894e-16,8.784454986645715e-16,2.54011289174665e-17,1.9546540640445404e-10,1.9546540640445404e-12,1.4582475509104185e-16,9.300465211580287e-16
0.11449505807244065,1.0237578671846822e-16,7.239061301793656e-16,1.0347711444269925e-16,3.9999999999999995e-18,5.323682959362508e-21,5.920279599747363e-18,2.2483644302462176e-17,2.6554305175391415e-16,8.734001421854412e-16,2.54011289174665e-17,1.9322654114823273e-10,1.9322654114823275e-12,1.456170145265064e-16,9.250573046975123e-16
0.11515645982310746,1.0208136541437372e-16,7.218242571728555e-16,1.0347711444269925e-16,3.9999999999999995e-18,5.323682959362508e-21,5.903253538251445e-18,2.242785505134867e-17,2.6488415287629214e-16,8.683837637385745e-16,2.54011289174665e-17,1.910133199060997e-10,1.910133199060997e-12,1.4541017288432874e-16,9.200984558247982e-16
0.11582168228257309,1.0178779083299636e-16,7.197483714000963e-16,1.0347711444269925e-16,3.9999999999999995e-18,5.323682959362508e-21,5.886276441802727e-18,2.2372568074484417e-17,2.642311861080368e-16,8.633961968884847e-16,2.54011289174665e-17,1.8882544895092752e-10,1.8882544895092753e-12,1.4520422712872133e-16,9.15169808025171e-16
0.11649074752186403,1.0149506053925648e-16,7.176784556424743e-16,1.0347711444269925e-16,3.9999999999999995e-18,5.323682959362508e-21,5.869348169583222e-18,2.2317779740164817e-17,2.6358410855690567e-16,8.584372761556115e-16,2.54011289174665e-17,1.8666263791994757e-10,1.8666263791994756e-12,1.4499917422956177e-16,9.102711957562696e-16
0.11716367773950463,1.0120317210507722e-16,7.156144927308935e-16,1.0347711444269925e-16,3.9999999999999995e-18,5.323682959362508e-21,5.8524685811799026e-18,2.2263486431826893e-17,2.6294287750948646e-16,8.535068370108233e-16,2.54011289174665e-17,1.8452459977621155e-10,1.8452459977621155e-12,1.4479501116239245e-16,9.054024544421797e-16
0.11784049526225256,1.0091212310936482e-16,7.135564655456358e-16,1.0347711444269925e-16,3.9999999999999995e-18,5.323682959362508e-21,5.835637536583571e-18,2.2209684548074316e-17,2.623074504314925e-16,8.486047158699668e-16,2.54011289174665e-17,1.824110507705007e-10,1.8241105077050067e-12,1.4459173490842097e-16,9.005634204675708e-16
0.11852122254584063,1.006219111379881e-16,7.115043570162158e-16,1.0347711444269925e-16,3.9999999999999995e-18,5.323682959362508e-21,5.8188548961876655e-18,2.2156370502702764e-17,2.6167778496806237e-16,8.437307500884313e-16,2.54011289174665e-17,1.803217104036644e-10,1.803217104036644e-12,1.4438934245452e-16,8.957539311718403e-16
0.11920588217572084,1.0033253378375887e-16,7.094581501212426e-16,1.0347711444269925e-16,3.9999999999999995e-18,5.323682959362508e-21,5.8021205207871275e-18,2.2103540724726022e-17,2.6105383894406794e-16,8.388847779557594e-16,2.54011289174665e-17,1.782563013893976e-10,1.782563013893976e-12,1.4418783079322817e-16,8.909738248433039e-16
0.11989449686781466,1.000439886464115e-16,7.074178278882754e-16,1.0347711444269925e-16,3.9999999999999995e-18,5.323682959362508e-21,5.785434271577228e-18,2.2051191658402332e-17,2.604355703644259e-16,8.340666386902761e-16,2.54011289174665e-17,1.7621454961743735e-10,1.7621454961743736e-12,1.4398719692275e-16,8.862229407133963e-16
0.12058708946926577,9.975627333258351e-17,7.053833733936856e-16,1.0347711444269925e-16,3.9999999999999995e-18,5.323682959362508e-21,5.768796010152434e-18,2.1999319763261356e-17,2.598229374144158e-16,8.292761724337593e-16,2.54011289174665e-17,1.7419618411718742e-10,1.7419618411718744e-12,1.4378743784695723e-16,8.815011189509123e-16
0.12128368295919911,9.946938545579522e-17,7.033547697625134e-16,1.0347711444269925e-16,3.9999999999999995e-18,5.323682959362508e-21,5.752205598505242e-18,2.194792151413134e-17,2.592158984600014e-16,8.245132202461305e-16,2.54011289174665e-17,1.7220093702175356e-10,1.7220093702175356e-12,1.43588550575389e-16,8.768082006562622e-16
0.12198430044948234,9.918332263643038e-17,7.013320001683312e-16,1.0347711444269925e-16,3.9999999999999995e-18,5.323682959362508e-21,5.7356628990250505e-18,2.1896993401166787e-17,2.586144120481569e-16,8.197776241001869e-16,2.54011289174665e-17,1.7022854353239617e-10,1.7022854353239619e-12,1.4339053212325325e-16,8.721440278557644e-16
0.1226889651854931,9.889808250171623e-17,6.993150478331018e-16,1.0347711444269925e-16,3.9999999999999995e-18,5.323682959362508e-21,5.719167774497008e-18,2.18465319298763e-17,2.5801843690719626e-16,8.150692268763558e-16,2.54011289174665e-17,1.6827874188338645e-10,1.6827874188338646e-12,1.4319337951142765e-16,8.675084434959561e-16
0.1233977005468906,9.86136626857037e-17,6.973038960270389e-16,1.0347711444269925e-16,3.9999999999999995e-18,5.323682959362508e-21,5.702720088100873e-18,2.179653362115068e-17,2.574279319471049e-16,8.103878723574791e-16,2.54011289174665e-17,1.663512733072653e-10,1.663512733072653e-12,1.4299708976646072e-16,8.629012914379297e-16
0.12411053004839044,9.833006082924808e-17,6.952985280684704e-16,1.0347711444269925e-16,3.9999999999999995e-18,5.323682959362508e-21,5.6863197034098945e-18,2.1746995011291377e-17,2.5684285625987543e-16,8.057334052236358e-16,2.54011289174665e-17,1.6444588200050336e-10,1.6444588200050337e-12,1.4280165992057344e-16,8.583224164517036e-16
0.12482747734054579,9.80472745799892e-17,6.932989273236977e-16,1.0347711444269925e-16,3.9999999999999995e-18,5.323682959362508e-21,5.669966484389654e-18,2.1697912652038876e-17,2.562631691198434e-16,8.01105671046983e-16,2.54011289174665e-17,1.6256231508954944e-10,1.6256231508954944e-12,1.4260708701166039e-16,8.537716642106054e-16
0.1255485662105311,9.776530159233211e-17,6.913050772068601e-16,1.0347711444269925e-16,3.9999999999999995e-18,5.323682959362508e-21,5.653660295396969e-18,2.1649283110601443e-17,2.556888299840266e-16,7.965045162866379e-16,2.54011289174665e-17,1.6070032259727325e-10,1.6070032259727325e-12,1.4241336808329173e-16,8.4924888128569275e-16
0.1262738205829323,9.748413952742737e-17,6.893169611797945e-16,1.0347711444269925e-16,3.9999999999999995e-18,5.323682959362508e-21,5.6374010011787385e-18,2.160110296968375e-17,2.551197984924629e-16,7.919297882835774e-16,2.54011289174665e-17,1.5885965740978678e-10,1.5885965740978678e-12,1.422205001847146e-16,8.447539151401876e-16
0.1270032645205396,9.720378605315202e-17,6.873345627519015e-16,1.0347711444269925e-16,3.9999999999999995e-18,5.323682959362508e-21,5.6211884668708464e-18,2.155336882751574e-17,2.545560344685515e-16,7.873813352555792e-16,2.54011289174665e-17,1.5704007524365159e-10,1.570400752436516e-12,1.420284803708553e-16,8.402866141239464e-16
0.12773692222514685,9.69242388440898e-17,6.8535786548000475e-16,1.0347711444269925e-16,3.9999999999999995e-18,5.323682959362508e-21,5.605022557997017e-18,2.1506077297881295e-17,2.5399749791939134e-16,7.828590062921804e-16,2.54011289174665e-17,1.5524133461345597e-10,1.5524133461345597e-12,1.4183730570232094e-16,8.358468274679437e-16
0.12847481803835345,9.66454955815123e-17,6.833868529682187e-16,1.0347711444269925e-16,3.9999999999999995e-18,5.323682959362508e-21,5.588903140467726e-18,2.1459225010147074e-17,2.534441490361218e-16,7.783626513496763e-16,2.54011289174665e-17,1.5346319679976918e-10,1.5346319679976918e-12,1.4164697324540186e-16,8.314344052787918e-16
0.12921697644237312,9.636755395335933e-17,6.814215088678086e-16,1.0347711444269925e-16,3.9999999999999995e-18,5.323682959362508e-21,5.572830080579067e-18,2.1412808609291067e-17,2.5289594819425974e-16,7.738921212461351e-16,2.54011289174665e-17,1.5170542581745682e-10,1.5170542581745683e-12,1.414574800720736e-16,8.270491985332711e-16
0.12996342206084502,9.609041165422008e-17,6.794618168770588e-16,1.0347711444269925e-16,3.9999999999999995e-18,5.323682959362508e-21,5.5568032450116565e-18,2.1366824755931244e-17,2.52352855954038e-16,7.694472676564563e-16,2.54011289174665e-17,1.4996778838436492e-10,1.4996778838436492e-12,1.4126882325999943e-16,8.226910590728992e-16
0.1307141796596518,9.58140663853137e-17,6.775077607411335e-16,1.0347711444269925e-16,3.9999999999999995e-18,5.323682959362508e-21,5.540822500829516e-18,2.1321270126353836e-17,2.5181483306073955e-16,7.650279431074416e-16,2.54011289174665e-17,1.4825005389035757e-10,1.4825005389035758e-12,1.4108099989253258e-16,8.183598395985093e-16
0.13146927414774026,9.553851585447053e-17,6.75559324251946e-16,1.0347711444269925e-16,3.9999999999999995e-18,5.323682959362508e-21,5.524887715478987e-18,2.1276141412541642e-17,2.5128184044503147e-16,7.606340009729097e-16,2.54011289174665e-17,1.4655199436671378e-10,1.4655199436671377e-12,1.4089400705871912e-16,8.140553936648657e-16
0.13222873057794887,9.526375777611276e-17,6.736164912480204e-16,1.0347711444269925e-16,3.9999999999999995e-18,5.323682959362508e-21,5.508998756787607e-18,2.123143532220192e-17,2.5075383922329463e-16,7.562652954688237e-16,2.54011289174665e-17,1.4487338445587033e-10,1.4487338445587034e-12,1.4070784185330028e-16,8.097775756752893e-16
0.1329925741478379,9.498978987123584e-17,6.716792456143609e-16,1.0347711444269925e-16,3.9999999999999995e-18,5.323682959362508e-21,5.493155492963039e-18,2.1187148578794147e-17,2.502307906979515e-16,7.519216816484616e-16,2.54011289174665e-17,1.4321400138151583e-10,1.4321400138151582e-12,1.4052250137671552e-16,8.055262408763197e-16
0.13376083020052648,9.471660986738917e-17,6.697475712823154e-16,1.0347711444269925e-16,3.9999999999999995e-18,5.323682959362508e-21,5.477357792591955e-18,2.1143277921557393e-17,2.4971265635778935e-16,7.476030153976004e-16,2.54011289174665e-17,1.415736249190228e-10,1.415736249190228e-12,1.403379827351052e-16,8.01301245352387e-16
0.13453352422553233,9.44442154986577e-17,6.678214522294449e-16,1.0347711444269925e-16,3.9999999999999995e-18,5.323682959362508e-21,5.4616055246389694e-18,2.1099820105537434e-17,2.4919939787828044e-16,7.43309153429741e-16,2.54011289174665e-17,1.3995203736622292e-10,1.3995203736622291e-12,1.4015428304031372e-16,7.971024460205202e-16
0.1353106818596187,9.417260450564262e-17,6.659008724793872e-16,1.0347711444269925e-16,3.9999999999999995e-18,5.323682959362508e-21,5.4458985584455254e-18,2.1056771901613396e-17,2.48690977121897e-16,7.390399532813484e-16,2.54011289174665e-17,1.3834902351451216e-10,1.3834902351451217e-12,1.399713994098925e-16,7.929297006250642e-16
0.1360923288876437,9.39017746354432e-17,6.639858161017283e-16,1.0347711444269925e-16,3.9999999999999995e-18,5.323682959362508e-21,5.430236763728838e-18,2.101413009652411e-17,2.481873561384222e-16,7.347952733071302e-16,2.54011289174665e-17,1.3676437062029204e-10,1.3676437062029205e-12,1.3978932896710337e-16,7.887828677324328e-16
0.13687849124341694,9.363172364163752e-17,6.620762672118668e-16,1.0347711444269925e-16,3.9999999999999995e-18,5.323682959362508e-21,5.414620010580794e-18,2.0971891492893915e-17,2.4768849716525487e-16,7.30574972675332e-16,2.54011289174665e-17,1.3519786837673315e-10,1.3519786837673314e-12,1.3960806884092144e-16,7.84661806725871e-16
0.137669195010559,9.336244928426437e-17,6.601722099708848e-16,1.0347711444269925e-16,3.9999999999999995e-18,5.323682959362508e-21,5.399048169466886e-18,2.093005290925811e-17,2.4719436262771035e-16,7.263789113630698e-16,2.54011289174665e-17,1.3364930888586622e-10,1.3364930888586622e-12,1.3942761616603906e-16,7.805663778002525e-16
0.13846446642336777,9.309394932980418e-17,6.582736285854139e-16,1.0347711444269925e-16,3.9999999999999995e-18,5.323682959362508e-21,5.383521111225125e-18,2.0888611180087735e-17,2.4670491513931293e-16,7.22206950151679e-16,2.54011289174665e-17,1.32118486630989e-10,1.3211848663098901e-12,1.3924796808286873e-16,7.764964419568864e-16
0.1392643318676878,9.282622155116095e-17,6.563805073075075e-16,1.0347711444269925e-16,3.9999999999999995e-18,5.323682959362508e-21,5.368038707064989e-18,2.0847563155814038e-17,2.46220117502085e-16,7.180589506221016e-16,2.54011289174665e-17,1.306051984493936e-10,1.3060519844939362e-12,1.390691217375471e-16,7.724518609983579e-16
0.14006881788178693,9.255926372764338e-17,6.5449283043450675e-16,1.0347711444269925e-16,3.9999999999999995e-18,5.323682959362508e-21,5.352600828566333e-18,2.0806905702852142e-17,2.457399327068265e-16,7.139347751502867e-16,2.54011289174665e-17,1.2910924350540124e-10,1.2910924350540125e-12,1.3889107428193835e-16,7.684324975233789e-16
0.14087795115723564,9.229307364494677e-17,6.526105823089129e-16,1.0347711444269925e-16,3.9999999999999995e-18,5.323682959362508e-21,5.3372073476783415e-18,2.076663570362431e-17,2.452643239333896e-16,7.098342869026307e-16,2.54011289174665e-17,1.276304232637106e-10,1.276304232637106e-12,1.3871382287363812e-16,7.644382149216707e-16
0.1416917585397937,9.202764909513437e-17,6.507337473182556e-16,1.0347711444269925e-16,3.9999999999999995e-18,5.323682959362508e-21,5.321858136718452e-18,2.0726750056582438e-17,2.447932545509444e-16,7.057573498314321e-16,2.54011289174665e-17,1.2616854146304725e-10,1.2616854146304726e-12,1.385373646759771e-16,7.604688773688595e-16
0.1425102670302998,9.176298787661938e-17,6.488623098949652e-16,1.0347711444269925e-16,3.9999999999999995e-18,5.323682959362508e-21,5.306553068371309e-18,2.0687245676230023e-17,2.443266881182385e-16,7.017038286703829e-16,2.54011289174665e-17,1.2472340409011904e-10,1.2472340409011904e-12,1.3836169685802525e-16,7.565243498214004e-16
0.14333350378556842,9.149908779414634e-17,6.4699625451624135e-16,1.0347711444269925e-16,3.9999999999999995e-18,5.323682959362508e-21,5.2912920156876976e-18,2.064811949314329e-17,2.4386458838384646e-16,6.97673588930075e-16,2.54011289174665e-17,1.2329481935386548e-10,1.2329481935386548e-12,1.381868165945955e-16,7.526044980115148e-16
0.14416149611928997,9.123594665877326e-17,6.45135565703927e-16,1.0347711444269925e-16,3.9999999999999995e-18,5.323682959362508e-21,5.276074852083497e-18,2.060936845399181e-17,2.434069192864131e-16,6.936664968935433e-16,2.54011289174665e-17,1.2188259766000616e-10,1.2188259766000616e-12,1.3801272106624807e-16,7.487091884421568e-16
0.1449942715029378,9.097356228785315e-17,6.432802280243774e-16,1.0347711444269925e-16,3.9999999999999995e-18,5.323682959362508e-21,5.260901451338626e-18,2.0570989521558155e-17,2.429536449548861e-16,6.896824196118248e-16,2.54011289174665e-17,1.2048655158587713e-10,1.2048655158587715e-12,1.3783940745929438e-16,7.44838288381992e-16
0.1458318575666789,9.071193250501623e-17,6.414302260883337e-16,1.0347711444269925e-16,3.9999999999999995e-18,5.323682959362508e-21,5.245771687596001e-18,2.053297967475702e-17,2.425047297087413e-16,6.857212248995516e-16,2.54011289174665e-17,1.1910649585555871e-10,1.1910649585555872e-12,1.3766687296580138e-16,7.409916658604055e-16
0.1466742821002914,9.045105514015153e-17,6.395855445507947e-16,1.0347711444269925e-16,3.9999999999999995e-18,5.323682959362508e-21,5.2306854353604836e-18,2.0495335908653343e-17,2.420601380581971e-16,6.817827813305611e-16,2.54011289174665e-17,1.1774224731528507e-10,1.1774224731528508e-12,1.374951147835959e-16,7.371691896625217e-16
0.14752157305408567,9.019092802938929e-17,6.377461681108903e-16,1.0347711444269925e-16,3.9999999999999995e-18,5.323682959362508e-21,5.215642569497856e-18,2.0458055234479807e-17,2.416198347044209e-16,6.778669582335399e-16,2.54011289174665e-17,1.1639362490913874e-10,1.1639362490913874e-12,1.3732413011626893e-16,7.333707293242529e-16
0.14837375853983284,8.993154901508258e-17,6.359120815117527e-16,1.0347711444269925e-16,3.9999999999999995e-18,5.323682959362508e-21,5.200642965233759e-18,2.0421134679653324e-17,2.411837845397242e-16,6.739736256876834e-16,2.54011289174665e-17,1.1506044965501977e-10,1.1506044965501978e-12,1.3715391617317997e-16,7.295961551273589e-16
0.14923086683169615,8.967291594578981e-17,6.340832695403926e-16,1.0347711444269925e-16,3.9999999999999995e-18,5.323682959362508e-21,5.185686498152683e-18,2.0384571287790832e-17,2.407519526477485e-16,6.701026545183903e-16,2.54011289174665e-17,1.137425446208945e-10,1.1374254462089452e-12,1.3698447016946176e-16,7.258453380945369e-16
0.1500929263671704,8.941502667625653e-17,6.322597170275703e-16,1.0347711444269925e-16,3.9999999999999995e-18,5.323682959362508e-21,5.170773044196913e-18,2.0348362118724092e-17,2.4032430430364077e-16,6.662539162929723e-16,2.54011289174665e-17,1.1243973490131178e-10,1.1243973490131178e-12,1.368157893260246e-16,7.221181499845214e-16
0.1509599657480242,8.915787906739798e-17,6.304414088476725e-16,1.0347711444269925e-16,3.9999999999999995e-18,5.323682959362508e-21,5.15590247966552e-18,2.031250424851365e-17,2.399008049742178e-16,6.624272833163969e-16,2.54011289174665e-17,1.1115184759419241e-10,1.111518475941924e-12,1.3664787086956108e-16,7.18414463287212e-16
0.1518320137412502,8.890147098628096e-17,6.286283299185838e-16,1.0347711444269925e-16,3.9999999999999995e-18,5.323682959362508e-21,5.141074681213314e-18,2.0276994769461812e-17,2.394814203181199e-16,6.586226286270462e-16,2.54011289174665e-17,1.0987871177788066e-10,1.0987871177788067e-12,1.364807120325507e-16,7.147341512188137e-16
0.15270909928001808,8.864580030610657e-17,6.268204652015648e-16,1.0347711444269925e-16,3.9999999999999995e-18,5.323682959362508e-21,5.126289525849845e-18,2.0241830790124806e-17,2.39066116185954e-16,6.548398259925101e-16,2.54011289174665e-17,1.0862015848846244e-10,1.0862015848846244e-12,1.3631431005326478e-16,7.110770877170047e-16
0.15359125146463615,8.839086490619211e-17,6.250177997011246e-16,1.0347711444269925e-16,3.9999999999999995e-18,5.323682959362508e-21,5.111546890938354e-18,2.0207009435323798e-17,2.3865485862042433e-16,6.51078749905392e-16,2.54011289174665e-17,1.0737602069733907e-10,1.0737602069733906e-12,1.3614866217577087e-16,7.074431474361142e-16
0.15447849956351517,8.813666267195398e-17,6.23220318464899e-16,1.0347711444269925e-16,3.9999999999999995e-18,5.323682959362508e-21,5.096846654194788e-18,2.0172527846155143e-17,2.3824761385645304e-16,6.473392755791503e-16,2.54011289174665e-17,1.0614613328906241e-10,1.0614613328906243e-12,1.359837656499381e-16,7.038322057423301e-16
0.155370873014141,8.788319149488963e-17,6.214280065835238e-16,1.0347711444269925e-16,3.9999999999999995e-18,5.323682959362508e-21,5.082188693686757e-18,2.013838317999945e-17,2.3784434832128767e-16,6.436212789439534e-16,2.54011289174665e-17,1.0493033303941938e-10,1.0493033303941939e-12,1.3581961773144158e-16,7.002441387089144e-16
0.15626840142404988,8.763044927256056e-17,6.196408491905133e-16,1.0347711444269925e-16,3.9999999999999995e-18,5.323682959362508e-21,5.067572887832543e-18,2.0104572610529796e-17,2.3744502863459764e-16,6.399246366425675e-16,2.54011289174665e-17,1.0372845859377178e-10,1.0372845859377178e-12,1.3565621568176775e-16,6.966788231114493e-16
0.15717111457181207,8.737843390857447e-17,6.178588314621357e-16,1.0347711444269925e-16,3.9999999999999995e-18,5.323682959362508e-21,5.052999115400075e-18,2.007109332771879e-17,2.3704962160855813e-16,6.362492260262596e-16,2.54011289174665e-17,1.0254035044564022e-10,1.0254035044564023e-12,1.3549355676821903e-16,6.931361364230919e-16
0.1580790424080186,8.712714331256817e-17,6.16081938617291e-16,1.0347711444269925e-16,3.9999999999999995e-18,5.323682959362508e-21,5.038467255505941e-18,2.0037942537844698e-17,2.3665809424792223e-16,6.325949251507326e-16,2.54011289174665e-17,1.0136585091553706e-10,1.0136585091553706e-12,1.3533163826391917e-16,6.896159568098564e-16
0.15899221505627614,8.687657540019e-17,6.143101559173874e-16,1.0347711444269925e-16,3.9999999999999995e-18,5.323682959362508e-21,5.023977187614369e-18,2.0005117463496434e-17,2.3627041375008e-16,6.289616127720748e-16,2.54011289174665e-17,1.0020480413003834e-10,1.0020480413003834e-12,1.3517045744781799e-16,6.861181631259073e-16
0.15991066281420543,8.662672809308281e-17,6.125434686662206e-16,1.0347711444269925e-16,3.9999999999999995e-18,5.323682959362508e-21,5.00952879153624e-18,1.9972615343577565e-17,2.3588654750510546e-16,6.25349168342742e-16,2.54011289174665e-17,9.905705600109857e-11,9.905705600109857e-13,1.3501001160469686e-16,6.82642634908879e-16
0.16083441615444746,8.637759931886644e-17,6.107818622098497e-16,1.0347711444269925e-16,3.9999999999999995e-18,5.323682959362508e-21,4.9951219474280796e-18,1.9940433433309133e-17,2.3550646309579045e-16,6.217574720075529e-16,2.54011289174665e-17,9.792245420559967e-11,9.792245420559969e-13,1.348502980251735e-16,6.79189252375206e-16
0.16176350572567352,8.612918701112078e-17,6.090253219364781e-16,1.0347711444269925e-16,3.9999999999999995e-18,5.323682959362508e-21,4.980756535791077e-18,1.990856900423154e-17,2.351301282976664e-16,6.18186404599718e-16,2.54011289174665e-17,9.680084816513667e-11,9.680084816513667e-13,1.3469131400570747e-16,6.75757896415481e-16
0.16269796235360315,8.588148910936836e-17,6.0727383327633e-16,1.0347711444269925e-16,3.9999999999999995e-18,5.323682959362508e-21,4.966432437470077e-18,1.987701934420514e-17,2.3475751107901154e-16,6.146358476368796e-16,2.54011289174665e-17,9.569208902603239e-11,9.56920890260324e-13,1.345330568486052e-16,6.723484485898194e-16
0.1636378170420257,8.56345035590576e-17,6.055273817015316e-16,1.0347711444269925e-16,3.9999999999999995e-18,5.323682959362508e-21,4.952149533652612e-18,1.9845781757409925e-17,2.3438857960084714e-16,6.111056833171873e-16,2.54011289174665e-17,9.459602963958387e-11,9.459602963958387e-13,1.343755238620253e-16,6.68960791123256e-16
0.16458310097383028,8.538822831154539e-17,6.037859527259889e-16,1.0347711444269925e-16,3.9999999999999995e-18,5.323682959362508e-21,4.937907705867896e-18,1.9814853564343912e-17,2.3402330221691865e-16,6.075957945153834e-16,2.54011289174665e-17,9.351252454253203e-11,9.351252454253202e-13,1.3421871235998385e-16,6.655948069011467e-16
0.165533845512039,8.514266132408049e-17,6.020495319052691e-16,1.0347711444269925e-16,3.9999999999999995e-18,5.323682959362508e-21,4.9237068359858614e-18,1.9784232101820535e-17,2.3366164747366445e-16,6.041060647789226e-16,2.54011289174665e-17,9.244142993775796e-11,9.244142993775797e-13,1.3406261966235982e-16,6.622503794645996e-16
0.16649008220084893,8.489780055978616e-17,6.003181048364787e-16,1.0347711444269925e-16,3.9999999999999995e-18,5.323682959362508e-21,4.9095468062161585e-18,1.9753914722964833e-17,2.3330358411017127e-16,6.006363783241023e-16,2.54011289174665e-17,9.138260367519769e-11,9.138260367519768e-13,1.3390724309490022e-16,6.589273930059143e-16
0.1674518427666773,8.465364398764373e-17,5.985916571581469e-16,1.0347711444269925e-16,3.9999999999999995e-18,5.323682959362508e-21,4.895427499107202e-18,1.972389879720852e-17,2.329490810581159e-16,5.971866200322273e-16,2.54011289174665e-17,9.03359052329779e-11,9.033590523297791e-13,1.3375257998922567e-16,6.556257323640489e-16
0.16841915911921548,8.441018958247527e-17,5.968701745501033e-16,1.0347711444269925e-16,3.9999999999999995e-18,5.323682959362508e-21,4.881348797545171e-18,1.9694181710283872e-17,2.3259810744169274e-16,5.937566754457847e-16,2.54011289174665e-17,8.930119569876544e-11,8.930119569876544e-13,1.3359862768283547e-16,6.523452830200962e-16
0.16939206335248644,8.416743532492725e-17,5.951536427333623e-16,1.0347711444269925e-16,3.9999999999999995e-18,5.323682959362508e-21,4.867310584753062e-18,1.9664760864216558e-17,2.322506325775293e-16,5.903464307646509e-16,2.54011289174665e-17,8.82783377513328e-11,8.82783377513328e-13,1.334453835191135e-16,6.490859310927847e-16
0.17037058774591077,8.39253792014534e-17,5.934420474700013e-16,1.0347711444269925e-16,3.9999999999999995e-18,5.323682959362508e-21,4.8533127442897014e-18,1.963563367731717e-17,2.3190662597458625e-16,5.869557728423121e-16,2.54011289174665e-17,8.726719564233237e-11,8.726719564233237e-13,1.3329284484733315e-16,6.45847563333992e-16
0.1713547647653764,8.368401920429832e-17,5.917353745630462e-16,1.0347711444269925e-16,3.9999999999999995e-18,5.323682959362508e-21,4.839355160048794e-18,1.9606797584171733e-17,2.3156605733404517e-16,5.835845891821142e-16,2.54011289174665e-17,8.626763517828193e-11,8.626763517828193e-13,1.3314100902266306e-16,6.426300671242821e-16
0.17234462706431714,8.344335333148058e-17,5.900336098563501e-16,1.0347711444269925e-16,3.9999999999999995e-18,5.323682959362508e-21,4.825437716257944e-18,1.957825003563094e-17,2.3122889654918143e-16,5.802327679335259e-16,2.54011289174665e-17,8.527952370275373e-11,8.527952370275373e-13,1.329898734061725e-16,6.394333304684525e-16
0.17334020748479465,8.320337958677635e-17,5.883367392344792e-16,1.0347711444269925e-16,3.9999999999999995e-18,5.323682959362508e-21,4.8115602974777165e-18,1.9549988498798305e-17,2.308951137052244e-16,5.769001978884326e-16,2.54011289174665e-17,8.430273007877053e-11,8.430273007877053e-13,1.3283943536483686e-16,6.36257241991109e-16
0.1743415390585895,8.296409597970255e-17,5.866447486225926e-16,1.0347711444269925e-16,3.9999999999999995e-18,5.323682959362508e-21,4.7977227886006554e-18,1.952201045701707e-17,2.3056467907920274e-16,5.735867684774415e-16,2.54011289174665e-17,8.333712467140031e-11,8.333712467140031e-13,1.32689692271543e-16,6.331016909322467e-16
0.1753486550082959,8.272550052550067e-17,5.849576239863282e-16,1.0347711444269925e-16,3.9999999999999995e-18,5.323682959362508e-21,4.783925074850348e-18,1.9494313409856015e-17,2.3023756313977686e-16,5.702923697662176e-16,2.54011289174665e-17,8.238257933055313e-11,8.238257933055313e-13,1.3254064150509493e-16,6.299665671428604e-16
0.1763615887484245,8.248759124512007e-17,5.832753513316849e-16,1.0347711444269925e-16,3.9999999999999995e-18,5.323682959362508e-21,4.770167041780467e-18,1.9466894873094054e-17,2.2991373654705666e-16,5.670168924518341e-16,2.54011289174665e-17,8.143896737397303e-11,8.143896737397303e-13,1.323922804502192e-16,6.268517610805633e-16
0.17738037388651148,8.225036616520158e-17,5.81597916704906e-16,1.0347711444269925e-16,3.9999999999999995e-18,5.323682959362508e-21,4.756448575273811e-18,1.943975237870365e-17,2.2959317015240637e-16,5.637602278591448e-16,2.54011289174665e-17,8.050616357042506e-11,8.050616357042506e-13,1.322446064975703e-16,6.237571638052278e-16
0.17840504422423248,8.201382331806133e-17,5.799253061923656e-16,1.0347711444269925e-16,3.9999999999999995e-18,5.323682959362508e-21,4.7427695615413775e-18,1.9412883474833113e-17,2.292758349982346e-16,5.605222679371819e-16,2.54011289174665e-17,7.95840441230764e-11,7.95840441230764e-13,1.3209761704373649e-16,6.206826669746448e-16
0.1794356337585254,8.177796074167415e-17,5.782575059204505e-16,1.0347711444269925e-16,3.9999999999999995e-18,5.323682959362508e-21,4.7291298871214005e-18,1.938628572578767e-17,2.2896170231777147e-16,5.573029052555665e-16,2.54011289174665e-17,7.867248665306531e-11,7.867248665306531e-13,1.3195130949124483e-16,6.176281628401958e-16
0.18047217668271703,8.154277647965753e-17,5.765945020554475e-16,1.0347711444269925e-16,3.9999999999999995e-18,5.323682959362508e-21,4.715529438878423e-18,1.9359956712009437e-17,2.286507435348317e-16,5.541020330009492e-16,2.54011289174665e-17,7.777137018326101e-11,7.777137018326101e-13,1.318056812485671e-16,6.145935442425493e-16
0.18151470738765887,8.130826858125522e-17,5.749362808034267e-16,1.0347711444269925e-16,3.9999999999999995e-18,5.323682959362508e-21,4.701968104002348e-18,1.9333894030056132e-17,2.283429302635635e-16,5.509195449734613e-16,2.54011289174665e-17,7.688057512220689e-11,7.688057512220689e-13,1.3166072973012496e-16,6.115787046073671e-16
0.18256326046286683,8.107443510132124e-17,5.73282828410129e-16,1.0347711444269925e-16,3.9999999999999995e-18,5.323682959362508e-21,4.6884457700075125e-18,1.9308095292578742e-17,2.2803823430818435e-16,5.477553355831958e-16,2.54011289174665e-17,7.599998324825028e-11,7.599998324825028e-13,1.3151645235629583e-16,6.085835379410361e-16
0.1836178706976702,8.084127410030347e-17,5.7163413116085e-16,1.0347711444269925e-16,3.9999999999999995e-18,5.323682959362508e-21,4.6749623247317446e-18,1.9282558128297932e-17,2.2773662766270275e-16,5.446092998466998e-16,2.54011289174665e-17,7.512947769385148e-11,7.512947769385149e-13,1.3137284655341785e-16,6.056079388264103e-16
0.1846785730823645,8.06087836442279e-17,5.699901753803281e-16,1.0347711444269925e-16,3.9999999999999995e-18,5.323682959362508e-21,4.661517656335444e-18,1.925728018197939e-17,2.274380825106269e-16,5.414813333834953e-16,2.54011289174665e-17,7.426894293007471e-11,7.426894293007471e-13,1.3122990975379593e-16,6.0265180241857655e-16
0.18574540280937388,8.037696180468224e-17,5.683509474326293e-16,1.0347711444269925e-16,3.9999999999999995e-18,5.323682959362508e-21,4.648111653300643e-18,1.923225911440793e-17,2.27142571224659e-16,5.383713324126123e-16,2.54011289174665e-17,7.341826475125486e-11,7.341826475125487e-13,1.3108763939570667e-16,5.997150244406324e-16
0.18681839527441726,8.014580665880028e-17,5.667164337210363e-16,1.0347711444269925e-16,3.9999999999999995e-18,5.323682959362508e-21,4.634744204430091e-18,1.920749260236057e-17,2.2685006636637687e-16,5.352791937491495e-16,2.54011289174665e-17,7.257733025984163e-11,7.257733025984164e-13,1.3094603292340427e-16,5.967975011794872e-16
0.18789758607768414,7.991531628924558e-17,5.6508662068793305e-16,1.0347711444269925e-16,3.9999999999999995e-18,5.323682959362508e-21,4.621415198846324e-18,1.918297833857835e-17,2.2656054068590177e-16,5.322048148008464e-16,2.54011289174665e-17,7.174602785141532e-11,7.174602785141533e-13,1.3080508778712562e-16,5.938991294816746e-16
0.18898301102501433,7.968548878419588e-17,5.634614948146949e-16,1.0347711444269925e-16,3.9999999999999995e-18,5.323682959362508e-21,4.608124525990757e-18,1.9158714031737137e-17,2.2627396712155286e-16,5.291480935646841e-16,2.54011289174665e-17,7.092424719987633e-11,7.092424719987633e-13,1.3066480144309595e-16,5.910198067491894e-16
0.19007470612908747,7.945632223732703e-17,5.618410426215741e-16,1.0347711444269925e-16,3.9999999999999995e-18,5.323682959362508e-21,4.5948720756227485e-18,1.9134697406417216e-17,2.2599031879948864e-16,5.261089286234957e-16,2.54011289174665e-17,7.01118792428022e-11,7.011187924280221e-13,1.3052517135353405e-16,5.881594309353343e-16
0.1911727076106162,7.92278147477973e-17,5.602252506675903e-16,1.0347711444269925e-16,3.9999999999999995e-18,5.323682959362508e-21,4.581657737818708e-18,1.9110926203071827e-17,2.2570956903333507e-16,5.230872191426074e-16,2.54011289174665e-17,6.930881616697457e-11,6.930881616697457e-13,1.3038619498665788e-16,5.853179005405934e-16
0.1922770518995496,7.899996442023152e-17,5.586141055504169e-16,1.0347711444269925e-16,3.9999999999999995e-18,5.323682959362508e-21,4.568481402971162e-18,1.9087398177994575e-17,2.254316913238006e-16,5.200828648664872e-16,2.54011289174665e-17,6.851495139406952e-11,6.851495139406952e-13,1.3024786981668962e-16,5.824951146085136e-16
0.19338777563628023,7.877276936470549e-17,5.570075939062719e-16,1.0347711444269925e-16,3.9999999999999995e-18,5.323682959362508e-21,4.555342961787867e-18,1.9064111103285746e-17,2.2515665935827857e-16,5.170957661154237e-16,2.54011289174665e-17,6.773017956651433e-11,6.773017956651433e-13,1.301101933238613e-16,5.796909727216138e-16
0.1945049156728615,7.854622769673009e-17,5.554057024098047e-16,1.0347711444269925e-16,3.9999999999999995e-18,5.323682959362508e-21,4.54224230529088e-18,1.9041062766817496e-17,2.2488444701043603e-16,5.141258237822141e-16,2.54011289174665e-17,6.695439653350375e-11,6.695439653350375e-13,1.2997316299441992e-16,5.769053749973016e-16
0.19562850907422855,7.832033753723593e-17,5.538084177739883e-16,1.0347711444269925e-16,3.9999999999999995e-18,5.323682959362508e-21,4.5291793248156756e-18,1.9018250972198074e-17,2.24615028339791e-16,5.111729393288807e-16,2.54011289174665e-17,6.618749933717879e-11,6.618749933717879e-13,1.2983677632063285e-16,5.741382220838183e-16
0.19675859311942978,7.809509701255747e-17,5.522157267500068e-16,1.0347711444269925e-16,3.9999999999999995e-18,5.323682959362508e-21,4.5161539120102305e-18,1.8995673538734813e-17,2.243483775912756e-16,5.082370147833968e-16,2.54011289174665e-17,6.542938619896162e-11,6.542938619896162e-13,1.2970103080079295e-16,5.713894151561919e-16
0.19789520530286211,7.787050425441776e-17,5.50627616127147e-16,1.0347711444269925e-16,3.9999999999999995e-18,5.323682959362508e-21,4.503165958834134e-18,1.8973328301396212e-17,2.240844691947881e-16,5.053179527364411e-16,2.54011289174665e-17,6.46799565060491e-11,6.467995650604909e-13,1.29565923939224e-16,5.68658855912217e-16
0.19903838333551652,7.764655739991266e-17,5.490440727326874e-16,1.0347711444269925e-16,3.9999999999999995e-18,5.323682959362508e-21,4.49021535755768e-18,1.8951213110772874e-17,2.238232777647316e-16,5.02415656338161e-16,2.54011289174665e-17,6.393911079805893e-11,6.393911079805894e-13,1.2943145324628556e-16,5.659464465684446e-16
0.20018816514622761,7.742325459149568e-17,5.47465083431791e-16,1.0347711444269925e-16,3.9999999999999995e-18,5.323682959362508e-21,4.477302000760992e-18,1.8929325833037453e-17,2.2356477809954115e-16,4.995300292949631e-16,2.54011289174665e-17,6.320675075383084e-11,6.320675075383084e-13,1.2929761623837864e-16,5.63252089856197e-16
0.20134458888293372,7.72005939769623e-17,5.458906351273938e-16,1.0347711444269925e-16,3.9999999999999995e-18,5.323682959362508e-21,4.464425781333108e-18,1.890766434990356e-17,2.233089451811979e-16,4.966609758663157e-16,2.54011289174665e-17,6.248277917837684e-11,6.248277917837685e-13,1.2916441043795024e-16,5.60575689017596e-16
0.20250769291394094,7.697857370943486e-17,5.443207147600987e-16,1.0347711444269925e-16,3.9999999999999995e-18,5.323682959362508e-21,4.451586592471118e-18,1.8886226558583643e-17,2.2305575417473237e-16,4.938084008615747e-16,2.54011289174665e-17,6.176709998998313e-11,6.176709998998313e-13,1.2903183337349887e-16,5.579171478016126e-16
0.20367751582919774,7.675719194734695e-17,5.427553093080649e-16,1.0347711444269925e-16,3.9999999999999995e-18,5.323682959362508e-21,4.4387843276792545e-18,1.886501037174589e-17,2.2280518042771476e-16,4.90972209636822e-16,2.54011289174665e-17,6.105961820745752e-11,6.105961820745752e-13,1.2889988257957933e-16,5.552763704601308e-16
0.20485409644157374,7.653644685442849e-17,5.411944057869019e-16,1.0347711444269925e-16,3.9999999999999995e-18,5.323682959362508e-21,4.426018880768029e-18,1.8844013717470137e-17,2.225571994697348e-16,4.881523080917296e-16,2.54011289174665e-17,6.036023993752511e-11,6.036023993752511e-13,1.2876855559680802e-16,5.526532617440369e-16
0.20603747378814904,7.63163365996901e-17,5.396379912495598e-16,1.0347711444269925e-16,3.9999999999999995e-18,5.323682959362508e-21,4.413290145853334e-18,1.8823234539202753e-17,2.223117870118685e-16,4.853486026664332e-16,2.54011289174665e-17,5.966887236236615e-11,5.966887236236615e-13,1.2863784997186744e-16,5.500477268993183e-16
0.20722768713150774,7.609685935740833e-17,5.380860527862242e-16,1.0347711444269925e-16,3.9999999999999995e-18,5.323682959362508e-21,4.400598017355579e-18,1.8802670795710657e-17,2.2206891894613515e-16,4.825610003384321e-16,2.54011289174665e-17,5.898542372729896e-11,5.898542372729897e-13,1.2850776325751165e-16,5.474596716631898e-16
0.20842477596104236,7.587801330711014e-17,5.365385775242067e-16,1.0347711444269925e-16,3.9999999999999995e-18,5.323682959362508e-21,4.387942389998802e-18,1.8782320461034273e-17,2.2182857134494183e-16,4.797894086194986e-16,2.54011289174665e-17,5.830980332860153e-11,5.830980332860153e-13,1.2837829301257072e-16,5.448890022602309e-16
0.20962877999426233,7.565979663355808e-17,5.349955526278404e-16,1.0347711444269925e-16,3.9999999999999995e-18,5.323682959362508e-21,4.375323158809813e-18,1.876218152443963e-17,2.2159072046051758e-16,4.770337355526137e-16,2.54011289174665e-17,5.764192150147478e-11,5.764192150147478e-13,1.2824943680195576e-16,5.423356253985483e-16
0.21083973917811333,7.544220752673501e-17,5.334569652983712e-16,1.0347711444269925e-16,3.9999999999999995e-18,5.323682959362508e-21,4.362740219117303e-18,1.8742251990369492e-17,2.2135534272433635e-16,4.742938897089127e-16,2.54011289174665e-17,5.6981689608141964e-11,5.698168960814197e-13,1.2812119219666366e-16,5.397994482659523e-16
0.21205769369030117,7.522524418182934e-17,5.31922802773854e-16,1.0347711444269925e-16,3.9999999999999995e-18,5.323682959362508e-21,4.350193466550991e-18,1.8722529878393618e-17,2.211224147465293e-16,4.71569780184654e-16,2.54011289174665e-17,5.6329020026085804e-11,5.632902002608581e-13,1.2799355677378188e-16,5.37280378526156e-16
0.21328268394062636,7.500890479921974e-17,5.303930523290444e-16,1.0347711444269925e-16,3.9999999999999995e-18,5.323682959362508e-21,4.337682797040752e-18,1.870301322315807e-17,2.2089191331528624e-16,4.688613165982008e-16,2.54011289174665e-17,5.5683826136419015e-11,5.568382613641901e-13,1.2786652811649298e-16,5.347783243149902e-16
0.2145147505723232,7.479318758446057e-17,5.288677012752956e-16,1.0347711444269925e-16,3.9999999999999995e-18,5.323682959362508e-21,4.325208106815758e-18,1.8683700074333696e-17,2.2066381539624737e-16,4.661684090870256e-16,2.54011289174665e-17,5.5046022312389344e-11,5.504602231238935e-13,1.277401038140794e-16,5.322931942366422e-16
0.21575393446340996,7.457809074826666e-17,5.273467369604508e-16,1.0347711444269925e-16,3.9999999999999995e-18,5.323682959362508e-21,4.312769292403606e-18,1.866458849656371e-17,2.2043809813188386e-16,4.634909683047248e-16,2.54011289174665e-17,5.441552390801503e-11,5.441552390801503e-13,1.2761428146192799e-16,5.298248973599076e-16
0.21700027672804348,7.436361250649875e-17,5.258301467687402e-16,1.0347711444269925e-16,3.9999999999999995e-18,5.323682959362508e-21,4.300366250629479e-18,1.8645676569410453e-17,2.202147388408692e-16,4.608289054180582e-16,2.54011289174665e-17,5.379224724685166e-11,5.379224724685166e-13,1.2748905866153447e-16,5.273733432144689e-16
0.21825381871788488,7.414975108014846e-17,5.243179181206751e-16,1.0347711444269925e-16,3.9999999999999995e-18,5.323682959362508e-21,4.287998878615272e-18,1.862696238730127e-17,2.1999371501744006e-16,4.581821321039982e-16,2.54011289174665e-17,5.317610961088636e-11,5.317610961088636e-13,1.2736443302050796e-16,5.2493844178718715e-16
0.21951460202346995,7.393650469532375e-17,5.228100384729443e-16,1.0347711444269925e-16,3.9999999999999995e-18,5.323682959362508e-21,4.275667073778749e-18,1.8608444059473617e-17,2.1977500433074784e-16,4.555505605468026e-16,2.54011289174665e-17,5.256702922956067e-11,5.256702922956067e-13,1.2724040215257538e-16,5.225201035184188e-16
0.22078266847559067,7.372387158323394e-17,5.213064953183092e-16,1.0347711444269925e-16,3.9999999999999995e-18,5.323682959362508e-21,4.263370733832685e-18,1.859011970991932e-17,2.1955858462420054e-16,4.529341034350975e-16,2.54011289174665e-17,5.196492526891761e-11,5.196492526891762e-13,1.271169636775857e-16,5.201182392983475e-16
0.22205806014668145,7.351184998017538e-17,5.198072761855018e-16,1.0347711444269925e-16,3.9999999999999995e-18,5.323682959362508e-21,4.251109756784027e-18,1.8571987477328078e-17,2.193444339147952e-16,4.503326739589842e-16,2.54011289174665e-17,5.136971782087455e-11,5.136971782087455e-13,1.2699411522151445e-16,5.177327604633414e-16
0.2233408193522167,7.330043812751645e-17,5.183123686391184e-16,1.0347711444269925e-16,3.9999999999999995e-18,5.323682959362508e-21,4.2388840409330386e-18,1.855404551503016e-17,2.1913253039244138e-16,4.477461858071557e-16,2.54011289174665e-17,5.0781327892617554e-11,5.078132789261755e-13,1.268718544164676e-16,5.1536357879232525e-16
0.2246309886521131,7.308963427168334e-17,5.168217602795198e-16,1.0347711444269925e-16,3.9999999999999995e-18,5.323682959362508e-21,4.2266934848724644e-18,1.8536291990938382e-17,2.1892285241927569e-16,4.451745531640357e-16,2.54011289174665e-17,5.019967739611849e-11,5.019967739611849e-13,1.26750178900686e-16,5.130106065031779e-16
0.22592861085214333,7.287943666414514e-17,5.153354387427253e-16,1.0347711444269925e-16,3.9999999999999995e-18,5.323682959362508e-21,4.2145379874866786e-18,1.8518725087489264e-17,2.1871537852896714e-16,4.4261769070692853e-16,2.54011289174665e-17,4.962468913777097e-11,4.962468913777097e-13,1.2662908631854934e-16,5.106737562491455e-16
0.22723372900535463,7.26698435613997e-17,5.138533917003129e-16,1.0347711444269925e-16,3.9999999999999995e-18,5.323682959362508e-21,4.202417447950861e-18,1.8501343001583574e-17,2.1851008742601457e-16,4.400755136031921e-16,2.54011289174665e-17,4.9056286808146364e-11,4.905628680814636e-13,1.2650857432058028e-16,5.083529411152807e-16
0.22854638641349906,7.24608532249588e-17,5.123756068593147e-16,1.0347711444269925e-16,3.9999999999999995e-18,5.323682959362508e-21,4.190331765730143e-18,1.8484143944526055e-17,2.1830695798503497e-16,4.375479375074185e-16,2.54011289174665e-17,4.849439497186551e-11,4.849439497186551e-13,1.2638864056344818e-16,5.06048074614897e-16
0.22986662662846818,7.22524639213341e-17,5.109020719621171e-16,1.0347711444269925e-16,3.9999999999999995e-18,5.323682959362508e-21,4.1782808405787934e-18,1.8467126141964523e-17,2.1810596925004425e-16,4.3503487855864044e-16,2.54011289174665e-17,4.7938939057588256e-11,4.793893905758826e-13,1.262692827099733e-16,5.0375907068605e-16
0.23119449345374005,7.204467392202242e-17,5.094327747863567e-16,1.0347711444269925e-16,3.9999999999999995e-18,5.323682959362508e-21,4.166264572539364e-18,1.845028783382825e-17,2.179071004337292e-16,4.3253625337754475e-16,2.54011289174665e-17,4.7389845348115915e-11,4.738984534811592e-13,1.2615049842913033e-16,5.014858436880345e-16
0.2325300309458306,7.183748150349169e-17,5.079677031448215e-16,1.0347711444269925e-16,3.9999999999999995e-18,5.323682959362508e-21,4.154282861941887e-18,1.8433627274265703e-17,2.1771033091671263e-16,4.300519790637092e-16,2.54011289174665e-17,4.684704097060864e-11,4.684704097060864e-13,1.2603228539605236e-16,4.992283083979077e-16
0.2338732834157573,7.163088494716642e-17,5.065068448853476e-16,1.0347711444269925e-16,3.9999999999999995e-18,5.323682959362508e-21,4.142335609403021e-18,1.841714273158161e-17,2.1751564024680988e-16,4.2758197319284936e-16,2.54011289174665e-17,4.6310453886913415e-11,4.631045388691342e-13,1.2591464129203432e-16,4.969863800070295e-16
0.2352242954305074,7.142488253941365e-17,5.050501878907203e-16,1.0347711444269925e-16,3.9999999999999995e-18,5.323682959362508e-21,4.130422715825252e-18,1.8400832488173458e-17,2.1732300813827867e-16,4.251261538140865e-16,2.54011289174665e-17,4.578001288400424e-11,4.578001288400424e-13,1.2579756380453683e-16,4.947599741176299e-16
0.23658311181451847,7.121947257152854e-17,5.035977200785715e-16,1.0347711444269925e-16,3.9999999999999995e-18,5.323682959362508e-21,4.118544082396048e-18,1.83846948404673e-17,2.17132414471061e-16,4.226844394472255e-16,2.54011289174665e-17,4.525564756453039e-11,4.525564756453039e-13,1.2568105062718957e-16,4.925490067393915e-16
0.23794977765116376,7.101465333972039e-17,5.021494294012819e-16,1.0347711444269925e-16,3.9999999999999995e-18,5.323682959362508e-21,4.1066996105870624e-18,1.8368728098852994e-17,2.1694383929001866e-16,4.2025674908005496e-16,2.54011289174665e-17,4.4737288337474384e-11,4.4737288337474385e-13,1.2556509945979471e-16,4.903533942860623e-16
0.23932433828424987,7.081042314509829e-17,5.007053038458785e-16,1.0347711444269925e-16,3.9999999999999995e-18,5.323682959362508e-21,4.094889202153293e-18,1.835293058761891e-17,2.1675726280416151e-16,4.17843002165656e-16,2.54011289174665e-17,4.4224866408915464e-11,4.4224866408915466e-13,1.2544970800833038e-16,4.881730535720825e-16
0.24070683931951928,7.06067802936573e-17,4.992653314339377e-16,1.0347711444269925e-16,3.9999999999999995e-18,5.323682959362508e-21,4.083112759132288e-18,1.8337300644885977e-17,2.1657266538586897e-16,4.154431186197327e-16,2.54011289174665e-17,4.371831377290041e-11,4.371831377290041e-13,1.2533487398495388e-16,4.860079018092414e-16
0.24209732662616534,7.04037230962641e-17,4.97829500221483e-16,1.0347711444269925e-16,3.9999999999999995e-18,5.323682959362508e-21,4.071370183843321e-18,1.832183662254126e-17,2.163900275701054e-16,4.1305701881795257e-16,2.54011289174665e-17,4.3217563202417386e-11,4.321756320241739e-13,1.2522059510800493e-16,4.838578566033506e-16
0.2434958463383523,7.020124986864327e-17,4.963977982988888e-16,1.0347711444269925e-16,3.9999999999999995e-18,5.323682959362508e-21,4.0596613788865885e-18,1.8306536886170973e-17,2.1620933005362895e-16,4.1068462359330723e-16,2.54011289174665e-17,4.272254824047468e-11,4.2722548240474677e-13,1.2510686910200881e-16,4.817228359509459e-16
0.2449024448567479,6.999935893136304e-17,4.949702137907792e-16,1.0347711444269925e-16,3.9999999999999995e-18,5.323682959362508e-21,4.0479862471423904e-18,1.829139981499299e-17,2.1603055369419424e-16,4.0832585423348287e-16,2.54011289174665e-17,4.223320319128004e-11,4.223320319128004e-13,1.2499369369767928e-16,4.796027582360065e-16
0.24631716885006077,6.979804860982161e-17,4.935467348559314e-16,1.0347711444269925e-16,3.9999999999999995e-18,5.323682959362508e-21,4.03634469177034e-18,1.8276423801788815e-17,2.1585367950974952e-16,4.059806324782517e-16,2.54011289174665e-17,4.174946311152281e-11,4.174946311152281e-13,1.2488106663192183e-16,4.774975422267032e-16
0.24774006525659106,6.959731723423306e-17,4.921273496871757e-16,1.0347711444269925e-16,3.9999999999999995e-18,5.323682959362508e-21,4.024736616208546e-18,1.826160725283513e-17,2.1567868867762756e-16,4.0364888051687287e-16,2.54011289174665e-17,4.127126380175405e-11,4.1271263801754054e-13,1.2476898564783618e-16,4.754071070721657e-16
0.2491711812857855,6.939716313961368e-17,4.907120465112996e-16,1.0347711444269925e-16,3.9999999999999995e-18,5.323682959362508e-21,4.0131619241728236e-18,1.824694858783486e-17,2.155055625337317e-16,4.0133052098551294e-16,2.54011289174665e-17,4.079854179786721e-11,4.079854179786721e-13,1.2465744849471946e-16,4.733313722992773e-16
0.25061056441980595,6.919758466576795e-17,4.893008135889478e-16,1.0347711444269925e-16,3.9999999999999995e-18,5.323682959362508e-21,4.0016205196558865e-18,1.8232446239847702e-17,2.1533428257171575e-16,3.990254769646771e-16,2.54011289174665e-17,4.0331234362674664e-11,4.033123436267466e-13,1.2454645292806859e-16,4.712702578094897e-16
0.252058262415103,6.8998580157275e-17,4.878936392145271e-16,1.0347711444269925e-16,3.9999999999999995e-18,5.323682959362508e-21,3.990112306926557e-18,1.8218098655220393e-17,2.1516483044215967e-16,3.967336719766586e-16,2.54011289174665e-17,3.986927947758225e-11,3.986927947758225e-13,1.2443599670958313e-16,4.692236838756653e-16
0.2535143233040009,6.880014796347474e-17,4.864905117161083e-16,1.0347711444269925e-16,3.9999999999999995e-18,5.323682959362508e-21,3.978637190528971e-18,1.8203904293516374e-17,2.1499718795173955e-16,3.9445502998300144e-16,2.54011289174665e-17,3.941261583435825e-11,3.9412615834358253e-13,1.2432607760716775e-16,4.671915711389434e-16
0.25497879539629265,6.860228643845409e-17,4.850914194553281e-16,1.0347711444269925e-16,3.9999999999999995e-18,5.323682959362508e-21,3.96719507528178e-18,1.8189861627445155e-17,2.1483133706239313e-16,3.9218947538197524e-16,2.54011289174665e-17,3.896118282699656e-11,3.896118282699656e-13,1.2421669339493457e-16,4.651738406056279e-16
0.2564517272808402,6.84049939410336e-17,4.836963508272955e-16,1.0347711444269925e-16,3.9999999999999995e-18,5.323682959362508e-21,3.9557858662773715e-18,1.8175969142791294e-17,2.146672598904808e-16,3.8993693300607034e-16,2.54011289174665e-17,3.851492054367396e-11,3.851492054367396e-13,1.2410784185320572e-16,4.631704136441047e-16
0.2579331678271893,6.820826883475351e-17,4.823052942604926e-16,1.0347711444269925e-16,3.9999999999999995e-18,5.323682959362508e-21,3.944409468881071e-18,1.816222533834295e-17,2.145049387059421e-16,3.8769732811950056e-16,2.54011289174665e-17,3.8073769758798356e-11,3.807376975879836e-13,1.239995207685154e-16,4.611812119817799e-16
0.25942316618718836,6.801210948786047e-17,4.809182382166807e-16,1.0347711444269925e-16,3.9999999999999995e-18,5.323682959362508e-21,3.933065788730371e-18,1.8148628725820138e-17,2.1434435593144823e-16,3.8547058641572663e-16,2.54011289174665e-17,3.763767192514925e-11,3.763767192514925e-13,1.2389172793361225e-16,4.59206157702047e-16
0.2609217717966218,6.781651427329373e-17,4.795351711908029e-16,1.0347711444269925e-16,3.9999999999999995e-18,5.323682959362508e-21,3.921754731734129e-18,1.8135177829802585e-17,2.1418549414154994e-16,3.832566340149876e-16,2.54011289174665e-17,3.720656916610703e-11,3.7206569166107026e-13,1.237844611474612e-16,4.572451732412746e-16
0.26242903437684756,6.762148156867194e-17,4.781560817108907e-16,1.0347711444269925e-16,3.9999999999999995e-18,5.323682959362508e-21,3.91047620407181e-18,1.8121871187657328e-17,2.1402833606182253e-16,3.810553974618533e-16,2.54011289174665e-17,3.678040426797253e-11,3.678040426797253e-13,1.236777182152457e-16,4.552981813858268e-16
0.26394500393644954,6.742700975627938e-17,4.767809583379666e-16,1.0347711444269925e-16,3.9999999999999995e-18,5.323682959362508e-21,3.8992301121926854e-18,1.8108707349465927e-17,2.138728645680062e-16,3.78866803722783e-16,2.54011289174665e-17,3.635912067237328e-11,3.635912067237328e-13,1.2357149694836942e-16,4.533651052691012e-16
0.26546973077289404,6.723309722305287e-17,4.754097896659511e-16,1.0347711444269925e-16,3.9999999999999995e-18,5.323682959362508e-21,3.888016362815078e-18,1.8095684877951463e-17,2.1371906268514368e-16,3.766907801837066e-16,2.54011289174665e-17,3.5942662468758063e-11,3.594266246875806e-13,1.2346579516445823e-16,4.5144586836860175e-16
0.2670032654742013,6.703974236056802e-17,4.740425643215669e-16,1.0347711444269925e-16,3.9999999999999995e-18,5.323682959362508e-21,3.8768348629255684e-18,1.808280234840519e-17,2.1356691358671425e-16,3.745272546476115e-16,2.54011289174665e-17,3.553097438697605e-11,3.553097438697605e-13,1.233606106873617e-16,4.495403945030301e-16
0.2685456589206211,6.684694356502629e-17,4.726792709642453e-16,1.0347711444269925e-16,3.9999999999999995e-18,5.323682959362508e-21,3.865685519778243e-18,1.8070058348612958e-17,2.1341640059376452e-16,3.723761553321508e-16,2.54011289174665e-17,3.512400178994234e-11,3.512400178994234e-13,1.232559413471549e-16,4.476486078294101e-16
0.2700969622863238,6.665469923724132e-17,4.713198982860313e-16,1.0347711444269925e-16,3.9999999999999995e-18,5.323682959362508e-21,3.854568240893907e-18,1.8057451478781364e-17,2.1326750717403633e-16,3.702374108672582e-16,2.54011289174665e-17,3.472169066638609e-11,3.472169066638609e-13,1.2315178498013975e-16,4.457704328402331e-16
0.2716572270410954,6.646300778262596e-17,4.69964435011491e-16,1.0347711444269925e-16,3.9999999999999995e-18,5.323682959362508e-21,3.843482934059333e-18,1.804498035146371e-17,2.1312021694109226e-16,3.6811095029278327e-16,2.54011289174665e-17,3.432398762368315e-11,3.432398762368315e-13,1.2304813942884662e-16,4.439057943606363e-16
0.2732265049520479,6.627186761117879e-17,4.686128698976164e-16,1.0347711444269925e-16,3.9999999999999995e-18,5.323682959362508e-21,3.832429507326478e-18,1.8032643591485682e-17,2.129745136534379e-16,3.65996703056134e-16,2.54011289174665e-17,3.393083988076937e-11,3.3930839880769375e-13,1.2294500254203538e-16,4.420546175456026e-16
0.27480484808533423,6.608127713747119e-17,4.672651917337345e-16,1.0347711444269925e-16,3.9999999999999995e-18,5.323682959362508e-21,3.821407869011745e-18,1.8020439835870872e-17,2.1283038121364202e-16,3.6389459900993937e-16,2.54011289174665e-17,3.35421952611365e-11,3.3542195261136503e-13,1.2284237217469692e-16,4.4021682787719336e-16
0.2763923088078783,6.589123478063391e-17,4.659213893414113e-16,1.0347711444269925e-16,3.9999999999999995e-18,5.323682959362508e-21,3.810417927695194e-18,1.8008367733766058e-17,2.1268780366745457e-16,3.6180456840971834e-16,2.54011289174665e-17,3.3158002185906815e-11,3.3158002185906814e-13,1.2274024618805399e-16,4.383923511618034e-16
0.27798893978910993,6.570173896434426e-17,4.645814515743624e-16,1.0347711444269925e-16,3.9999999999999995e-18,5.323682959362508e-21,3.799459592219813e-18,1.7996425946366383e-17,2.1254676520292245e-16,3.5972654191156943e-16,2.54011289174665e-17,3.2778209666988585e-11,3.2778209666988586e-13,1.226386224495624e-16,4.365811135274498e-16
0.27959479400271475,6.551278811681273e-17,4.632453673183575e-16,1.0347711444269925e-16,3.9999999999999995e-18,5.323682959362508e-21,3.7885327716907345e-18,1.7984613146840283e-17,2.1240725014950313e-16,3.576604505698666e-16,2.54011289174665e-17,3.2402767300308594e-11,3.2402767300308594e-13,1.2253749883291187e-16,4.347830414210822e-16
0.28120992472838957,6.532438067077022e-17,4.619131254911306e-16,1.0347711444269925e-16,3.9999999999999995e-18,5.323682959362508e-21,3.777637375474504e-18,1.797292802025431e-17,2.12269242977177e-16,3.5560622583497487e-16,2.54011289174665e-17,3.203162525912326e-11,3.203162525912326e-13,1.2243687321802684e-16,4.3299806160592836e-16
0.28283438555361223,6.513651506345482e-17,4.605847150422861e-16,1.0347711444269925e-16,3.9999999999999995e-18,5.323682959362508e-21,3.7667733131983136e-18,1.796136926349783e-17,2.121327282955575e-16,3.535637995509731e-16,2.54011289174665e-17,3.1664734287405425e-11,3.1664734287405425e-13,1.2233674349106713e-16,4.3122610115886164e-16
0.2844682303754173,6.494918973659906e-17,4.592601249532091e-16,1.0347711444269925e-16,3.9999999999999995e-18,5.323682959362508e-21,3.75594049474926e-18,1.7949935585207576e-17,2.1199769085300044e-16,3.515331039533954e-16,2.54011289174665e-17,3.130204569330789e-11,3.130204569330789e-13,1.2223710754442866e-16,4.294670874678033e-16
0.28611151340218677,6.476240313641673e-17,4.57939344236972e-16,1.0347711444269925e-16,3.9999999999999995e-18,5.323682959362508e-21,3.74513883027359e-18,1.793862570569207e-17,2.1186411553571133e-16,3.4951407166698e-16,2.54011289174665e-17,3.094351134270067e-11,3.0943511342700673e-13,1.2213796327674387e-16,4.2772094822914813e-16
0.287764289155446,6.457615371359029e-17,4.566223619382454e-16,1.0347711444269925e-16,3.9999999999999995e-18,5.323682959362508e-21,3.734368230175968e-18,1.7927438356856002e-17,2.1173198736685216e-16,3.4750663570343675e-16,2.54011289174665e-17,3.0589083652783515e-11,3.0589083652783513e-13,1.2203930859288214e-16,4.2598761144522437e-16
0.28942661247167517,6.439043992325772e-17,4.553091671332054e-16,1.0347711444269925e-16,3.9999999999999995e-18,5.323682959362508e-21,3.7236286051187146e-18,1.7916372282124485e-17,2.1160129150564688e-16,3.455107294592219e-16,2.54011289174665e-17,3.023871558577041e-11,3.023871558577041e-13,1.2194114140395006e-16,4.2426700542177847e-16
0.2910985385041264,6.420526022499998e-17,4.539997489294441e-16,1.0347711444269925e-16,3.9999999999999995e-18,5.323682959362508e-21,3.712919866021085e-18,1.7905426236367253e-17,2.1147201324648605e-16,3.4352628671333046e-16,2.54011289174665e-17,2.989236064264743e-11,2.989236064264743e-13,1.2184345962729161e-16,4.2255905876549326e-16
0.2927801227246558,6.402061308282799e-17,4.526940964658788e-16,1.0347711444269925e-16,3.9999999999999995e-18,5.323682959362508e-21,3.702241924058513e-18,1.7894598985822785e-17,2.113441380180309e-16,3.4155324162509725e-16,2.54011289174665e-17,2.9549972857001205e-11,2.9549972857001206e-13,1.2174626118648838e-16,4.2086370038153235e-16
0.29447142092556167,6.383649696517011e-17,4.513921989126625e-16,1.0347711444269925e-16,3.9999999999999995e-18,5.323682959362508e-21,3.691594690661888e-18,1.7883889308022412e-17,2.112176513823167e-16,3.3959152873201445e-16,2.54011289174665e-17,2.921150678891899e-11,2.9211506788918993e-13,1.2164954401135933e-16,4.1918085947111805e-16
0.29617248922143796,6.365291034485921e-17,4.500940454710929e-16,1.0347711444269925e-16,3.9999999999999995e-18,5.323682959362508e-21,3.680978077516808e-18,1.7873295991714342e-17,2.1109253903385587e-16,3.3764108294755713e-16,2.54011289174665e-17,2.8876917518957554e-11,2.8876917518957554e-13,1.2155330603796081e-16,4.1751046552913527e-16
0.2978833840510337,6.346985169912026e-17,4.487996253735245e-16,1.0347711444269925e-16,3.9999999999999995e-18,5.323682959362508e-21,3.670391996562861e-18,1.786281783678774e-17,2.109687867987409e-16,3.3570183955902653e-16,2.54011289174665e-17,2.8546160642182274e-11,2.8546160642182274e-13,1.2145754520858634e-16,4.158524483417704e-16
0.299604162179128,6.328731950955739e-17,4.475089278832772e-16,1.0347711444269925e-16,3.9999999999999995e-18,5.323682959362508e-21,3.6598363599928774e-18,1.7852453654196697e-17,2.1084638063374657e-16,3.337737342254003e-16,2.54011289174665e-17,2.8219192262273413e-11,2.8219192262273415e-13,1.213622594717661e-16,4.1420673798417583e-16
0.30133488069841086,6.310531226214165e-17,4.462219422945495e-16,1.0347711444269925e-16,3.9999999999999995e-18,5.323682959362508e-21,3.649311080252222e-18,1.7842202265884284e-17,2.1072530662543314e-16,3.318567029752005e-16,2.54011289174665e-17,2.789596898570092e-11,2.7895968985700923e-13,1.2126744678226668e-16,4.125732648181698e-16
0.30307559703137993,6.292382844719812e-17,4.449386579323278e-16,1.0347711444269925e-16,3.9999999999999995e-18,5.323682959362508e-21,3.6388160700380465e-18,1.7832062504706584e-17,2.1060555098924893e-16,3.299506822043682e-16,2.54011289174665e-17,2.7576447915965036e-11,2.7576447915965036e-13,1.211731051010904e-16,4.109519594899624e-16
0.30482636893224324,6.274286655939364e-17,4.4365906415229906e-16,1.0347711444269925e-16,3.9999999999999995e-18,5.323682959362508e-21,3.628351242298585e-18,1.7822033214356752e-17,2.104871000686333e-16,3.2805560867415635e-16,2.54011289174665e-17,2.726058664790369e-11,2.726058664790369e-13,1.2107923239547465e-16,4.093427529279172e-16
0.3065872544888379,6.256242509772412e-17,4.423831503407618e-16,1.0347711444269925e-16,3.9999999999999995e-18,5.323682959362508e-21,3.6179165102324144e-18,1.7812113249289096e-17,2.1036994033412045e-16,3.261714195090285e-16,2.54011289174665e-17,2.69483432620643e-11,2.69483432620643e-13,1.2098582663889113e-16,4.0774557634033964e-16
0.30835831212455483,6.238250256550231e-17,4.4111090591453884e-16,1.0347711444269925e-16,3.9999999999999995e-18,5.323682959362508e-21,3.607511787287751e-18,1.7802301474643223e-17,2.102540583824432e-16,3.242980521945752e-16,2.54011289174665e-17,2.6639676319140864e-11,2.6639676319140864e-13,1.2089288581104506e-16,4.0616036121330023e-16
0.3101396006002796,6.220309747034514e-17,4.398423203208883e-16,1.0347711444269925e-16,3.9999999999999995e-18,5.323682959362508e-21,3.597136987161716e-18,1.7792596766168247e-17,2.1013944093563785e-16,3.224354445754382e-16,2.54011289174665e-17,2.633454485447395e-11,2.633454485447395e-13,1.20800407897874e-16,4.045870393084866e-16
0.31193117901633965,6.20242083241616e-17,4.3857738303741775e-16,1.0347711444269925e-16,3.9999999999999995e-18,5.323682959362508e-21,3.5867920237996355e-18,1.7782998010147037e-17,2.1002607484014976e-16,3.205835348532497e-16,2.54011289174665e-17,2.6032908372614488e-11,2.603290837261449e-13,1.2070839089154687e-16,4.030255426610895e-16
0.31373310681446764,6.18458336431401e-17,4.373160835719948e-16,1.0347711444269925e-16,3.9999999999999995e-18,5.323682959362508e-21,3.576476811394313e-18,1.7773504103320573e-17,2.0991394706593964e-16,3.1874226158458e-16,2.54011289174665e-17,2.5734726841948965e-11,2.5734726841948964e-13,1.206168327904627e-16,4.014758035777174e-16
0.3155454437797709,6.16679719477365e-17,4.360584114626625e-16,1.0347711444269925e-16,3.9999999999999995e-18,5.323682959362508e-21,3.56619126438533e-18,1.7764113952812358e-17,2.0980304470559112e-16,3.169115636789012e-16,2.54011289174665e-17,2.5439960689387145e-11,2.5439960689387143e-13,1.2052573159924934e-16,3.9993775463434666e-16
0.3173682500427178,6.149062176266149e-17,4.3480435627755037e-16,1.0347711444269925e-16,3.9999999999999995e-18,5.323682959362508e-21,3.555935297458322e-18,1.7754826476052948e-17,2.0969335497341913e-16,3.150913803965582e-16,2.54011289174665e-17,2.514857079510964e-11,2.514857079510964e-13,1.2043508532876199e-16,3.984113286742998e-16
0.3192015860811301,6.131378161686871e-17,4.3355390761478947e-16,1.0347711444269925e-16,3.9999999999999995e-18,5.323682959362508e-21,3.54570882554429e-18,1.7745640600704595e-17,2.095848652045801e-16,3.1328165134675565e-16,2.54011289174665e-17,2.486051848737659e-11,2.486051848737659e-13,1.203448919960816e-16,3.968964588062597e-16
0.3210455127221921,6.11374500435422e-17,4.3230705510242477e-16,1.0347711444269925e-16,3.9999999999999995e-18,5.323682959362508e-21,3.535511763818874e-18,1.7736555264585985e-17,2.0947756285418304e-16,3.1148231648555156e-16,2.54011289174665e-17,2.4575765537394928e-11,2.457576553739493e-13,1.2025514962451337e-16,3.953930784023119e-16
0.32290009114446633,6.096162558008453e-17,4.310637883983307e-16,1.0347711444269925e-16,3.9999999999999995e-18,5.323682959362508e-21,3.525344027701666e-18,1.7727569415597125e-17,2.0937143549640234e-16,3.09693316113868e-16,2.54011289174665e-17,2.4294274154245257e-11,2.429427415424526e-13,1.2016585624358483e-16,3.9390112109602337e-16
0.3247653828799256,6.07863067681044e-17,4.2982409719012356e-16,1.0347711444269925e-16,3.9999999999999995e-18,5.323682959362508e-21,3.515205532855495e-18,1.7718682011644336e-17,2.0926647082359195e-16,3.07914590875508e-16,2.54011289174665e-17,2.401600697986605e-11,2.401600697986605e-13,1.2007700988904402e-16,3.9242052078054945e-16
0.3266414498159925,6.061149215340484e-17,4.285879711950778e-16,1.0347711444269925e-16,3.9999999999999995e-18,5.323682959362508e-21,3.5050961951857425e-18,1.7709892020565424e-17,2.0916265664540163e-16,3.06146081755188e-16,2.54011289174665e-17,2.3740927084096027e-11,2.374092708409603e-13,1.1998860860285753e-16,3.909512116067773e-16
0.32852835419759463,6.043718028597083e-17,4.27355400160039e-16,1.0347711444269925e-16,3.9999999999999995e-18,5.323682959362508e-21,3.49501593083963e-18,1.7701198420054985e-17,2.0905998088789467e-16,3.043877300765785e-16,2.54011289174665e-17,2.346899795977272e-11,2.346899795977272e-13,1.1990065043320833e-16,3.894931279814981e-16
0.3304261586292278,6.026336971995757e-17,4.261263738613405e-16,1.0347711444269925e-16,3.9999999999999995e-18,5.323682959362508e-21,3.484964656205535e-18,1.769260019758986e-17,2.089584315926677e-16,3.026394775003582e-16,2.54011289174665e-17,2.320018351788765e-11,2.320018351788765e-13,1.1981313343449365e-16,3.8804620456561523e-16
0.3323349260770354,6.009005901367822e-17,4.2490088210471694e-16,1.0347711444269925e-16,3.9999999999999995e-18,5.323682959362508e-21,3.474942287912288e-18,1.7684096350354793e-17,2.0885799691597252e-16,3.009012660222776e-16,2.54011289174665e-17,2.2934448082796496e-11,2.2934448082796494e-13,1.197260556673225e-16,3.866103762723822e-16
0.3342547198708951,5.991724672959219e-17,4.2367891472522127e-16,1.0347711444269925e-16,3.9999999999999995e-18,5.323682959362508e-21,3.46494874282849e-18,1.767568588516825e-17,2.0875866512783972e-16,2.991730379712355e-16,2.54011289174665e-17,2.267175638748481e-11,2.267175638748481e-13,1.196394151985135e-16,3.851855782656758e-16
0.3361856037065225,5.974493143429299e-17,4.2246046158713897e-16,1.0347711444269925e-16,3.9999999999999995e-18,5.323682959362508e-21,3.4549839380618143e-18,1.7667367818408406e-17,2.0866042461120516e-16,2.974547360073642e-16,2.54011289174665e-17,2.2412073568887115e-11,2.2412073568887117e-13,1.19553210101092e-16,3.837717459582995e-16
0.3381276416475818,5.957311169849653e-17,4.212455125839055e-16,1.0347711444269925e-16,3.9999999999999995e-18,5.323682959362508e-21,3.4450477909583295e-18,1.7659141175939354e-17,2.0856326386103793e-16,2.9574630312012873e-16,2.54011289174665e-17,2.2155365163260502e-11,2.2155365163260503e-13,1.1946743845428771e-16,3.823688150103224e-16
0.34008089812781434,5.940178609702911e-17,4.200340576380207e-16,1.0347711444269925e-16,3.9999999999999995e-18,5.323682959362508e-21,3.4351402191017997e-18,1.76510049930375e-17,2.084671714834713e-16,2.940476826264335e-16,2.54011289174665e-17,2.1901597101610344e-11,2.1901597101610345e-13,1.1938209834353172e-16,3.80976721327448e-16
0.3420454379531731,5.923095320881577e-17,4.1882608670096723e-16,1.0347711444269925e-16,3.9999999999999995e-18,5.323682959362508e-21,3.4252611403130163e-18,1.7642958314318195e-17,2.0837213619493606e-16,2.923588181687436e-16,2.54011289174665e-17,2.165073570516928e-11,2.165073570516928e-13,1.1929718786045377e-16,3.7959540105941923e-16
0.34402132630397625,5.906061161686825e-17,4.1762158975312527e-16,1.0347711444269925e-16,3.9999999999999995e-18,5.323682959362508e-21,3.4154104726491026e-18,1.7635000193662516e-17,2.08278146821296e-16,2.906796537132128e-16,2.54011289174665e-17,2.140274768092711e-11,2.140274768092711e-13,1.1921270510287917e-16,3.7822479059845245e-16
0.34600862873706645,5.889075990827358e-17,4.1642055680369104e-16,1.0347711444269925e-16,3.9999999999999995e-18,5.323682959362508e-21,3.4055881344028465e-18,1.7627129694144374e-17,2.0818519229698666e-16,2.8901013354782684e-16,2.54011289174665e-17,2.1157600117212755e-11,2.1157600117212756e-13,1.191286481748257e-16,3.768648265777083e-16
0.34800741118798906,5.872139667418195e-17,4.152229778905924e-16,1.0347711444269925e-16,3.9999999999999995e-18,5.323682959362508e-21,3.3957940441020107e-18,1.7619345887957733e-17,2.0809326166415617e-16,2.873502022805523e-16,2.54011289174665e-17,2.0915260479325966e-11,2.0915260479325968e-13,1.190450151865004e-16,3.755154458697914e-16
0.3500177399731767,5.855252050979548e-17,4.140288430804079e-16,1.0347711444269925e-16,3.9999999999999995e-18,5.323682959362508e-21,3.3860281205086685e-18,1.76116478563442e-17,2.080023440718096e-16,2.856998048375017e-16,2.54011289174665e-17,2.067569660521988e-11,2.0675696605219879e-13,1.1896180425429625e-16,3.7417658558528704e-16
0.3520396817921526,5.838413001435612e-17,4.128381424682825e-16,1.0347711444269925e-16,3.9999999999999995e-18,5.323682959362508e-21,3.3762902826185187e-18,1.7604034689520707e-17,2.079124287749553e-16,2.8405888646110325e-16,2.54011289174665e-17,2.0438876701232286e-11,2.0438876701232287e-13,1.1887901350078876e-16,3.7284818307132626e-16
0.3540733037297405,5.82162237911344e-17,4.116508661778476e-16,1.0347711444269925e-16,3.9999999999999995e-18,5.323682959362508e-21,3.3665804496602262e-18,1.7596505486607604e-17,2.0782350513375539e-16,2.82427392708287e-16,2.54011289174665e-17,2.020476933786649e-11,2.0204769337866488e-13,1.1879664105473236e-16,3.715301759101884e-16
0.35611867325829344,5.80488004474176e-17,4.1046700436113674e-16,1.0347711444269925e-16,3.9999999999999995e-18,5.323682959362508e-21,3.3568985410947376e-18,1.7589059355556865e-17,2.077355626126777e-16,2.8080526944867575e-16,2.54011289174665e-17,1.9973343445619794e-11,1.9973343445619793e-13,1.187146850510567e-16,3.702225019179312e-16
0.35817585823992953,5.788185859449831e-17,4.09286547198506e-16,1.0347711444269925e-16,3.9999999999999995e-18,5.323682959362508e-21,3.3472444766146276e-18,1.7581695413080675e-17,2.0764859077965264e-16,2.791924628627915e-16,2.54011289174665e-17,1.9744568310860473e-11,1.9744568310860472e-13,1.1863314363086301e-16,3.6892509914305883e-16
0.36024492692878624,5.771539684766287e-17,4.0810948489855104e-16,1.0347711444269925e-16,3.9999999999999995e-18,5.323682959362508e-21,3.337618176143421e-18,1.7574412784580187e-17,2.0756257930523175e-16,2.7758891944026778e-16,2.54011289174665e-17,1.951841357175128e-11,1.9518413571751282e-13,1.1855201494142008e-16,3.6763790586521774e-16
0.3623259479732822,5.754941382617997e-17,4.0693580769802714e-16,1.0347711444269925e-16,3.9999999999999995e-18,5.323682959362508e-21,3.3280195598349383e-18,1.7567210604074628e-17,2.0747751796175021e-16,2.759945859780762e-16,2.54011289174665e-17,1.92948492142203e-11,1.9294849214220301e-13,1.1847129713616033e-16,3.6636086059392913e-16
0.3644189904183977,5.738390815328901e-17,4.0576550586176675e-16,1.0347711444269925e-16,3.9999999999999995e-18,5.323682959362508e-21,3.318448548072623e-18,1.7560088014130655e-17,2.073933966224926e-16,2.7440940957875914e-16,2.54011289174665e-17,1.907384556797735e-11,1.907384556797735e-13,1.1839098837467567e-16,3.650939020673502e-16
0.36652412370796295,5.721887845618892e-17,4.0459856968260035e-16,1.0347711444269925e-16,3.9999999999999995e-18,5.323682959362508e-21,3.308905061468891e-18,1.755304416579198e-17,2.0731020526086188e-16,2.7283333764867664e-16,2.54011289174665e-17,1.885537330257653e-11,1.885537330257653e-13,1.1831108682271328e-16,3.638369692510706e-16
0.36864141768696324,5.70543233660266e-17,4.0343498948127497e-16,1.0347711444269925e-16,3.9999999999999995e-18,5.323682959362508e-21,3.2993890208644688e-18,1.7546078218509332e-17,2.0722793394955185e-16,2.7126631789626075e-16,2.54011289174665e-17,1.863940342352354e-11,1.8639403423523541e-13,1.1823159065217134e-16,3.6259000133693986e-16
0.3707709426038573,5.689024151788558e-17,4.0227475560637357e-16,1.0347711444269925e-16,3.9999999999999995e-18,5.323682959362508e-21,3.289900347327732e-18,1.7539189340070652e-17,2.0714657285972319e-16,2.697082983302793e-16,2.54011289174665e-17,1.8425907268427593e-11,1.8425907268427593e-13,1.1815249804109446e-16,3.6135293774192555e-16
0.37291276911290555,5.672663155077482e-17,4.0111785843423627e-16,1.0347711444269925e-16,3.9999999999999995e-18,5.323682959362508e-21,3.2804389621540596e-18,1.7532376706531668e-17,2.070661122601831e-16,2.681592272581134e-16,2.54011289174665e-17,1.8214856503197715e-11,1.8214856503197715e-13,1.180738071736693e-16,3.601257181070072e-16
0.3750669682765173,5.656349210761722e-17,3.99964288368879e-16,1.0347711444269925e-16,3.9999999999999995e-18,5.323682959362508e-21,3.27100478686517e-18,1.7525639502146703e-17,2.0698654251656824e-16,2.666190532840397e-16,2.54011289174665e-17,1.8006223118282105e-11,1.8006223118282105e-13,1.1799551624021972e-16,3.589082822960971e-16
0.37723361156760526,5.640082183523866e-17,3.988140358419156e-16,1.0347711444269925e-16,3.9999999999999995e-18,5.323682959362508e-21,3.2615977432084842e-18,1.7518976919299817e-17,2.0690785409053171e-16,2.650877253075278e-16,2.54011289174665e-17,1.77999794249512e-11,1.77999794249512e-13,1.179176234372022e-16,3.577005703949977e-16
0.37941277087196024,5.62386193843564e-17,3.976670913124763e-16,1.0347711444269925e-16,3.9999999999999995e-18,5.323682959362508e-21,3.2522177531564614e-18,1.75123881584363e-17,2.068300375389337e-16,2.635651925215423e-16,2.54011289174665e-17,1.759609805162258e-11,1.759609805162258e-13,1.1784012696720072e-16,3.565025227103862e-16
0.38160451849063287,5.607688340956823e-17,3.9652344526713103e-16,1.0347711444269925e-16,3.9999999999999995e-18,5.323682959362508e-21,3.242864738905965e-18,1.7505872427994423e-17,2.067530835130353e-16,2.6205140441085913e-16,2.54011289174665e-17,1.7394551940228748e-11,1.739455194022875e-13,1.1776302503892206e-16,3.5531407976883354e-16
0.3838089271423358,5.591561256934109e-17,3.953830882198083e-16,1.0347711444269925e-16,3.9999999999999995e-18,5.323682959362508e-21,3.2335386228776063e-18,1.7499428944337565e-17,2.066769827576973e-16,2.6054631075038795e-16,2.54011289174665e-17,1.7195314342625763e-11,1.7195314342625763e-13,1.176863158671905e-16,3.541351823158528e-16
0.3860260699658529,5.575480552600006e-17,3.942460107117183e-16,1.0347711444269925e-16,3.9999999999999995e-18,5.323682959362508e-21,3.2242393277151126e-18,1.7493056931686642e-17,2.066017261105818e-16,2.590498616035072e-16,2.54011289174665e-17,1.6998358817043706e-11,1.6998358817043706e-13,1.1760999767294262e-16,3.529657713149798e-16
0.3882560205224695,5.559446094571717e-17,3.93112203311273e-16,1.0347711444269925e-16,3.9999999999999995e-18,5.323682959362508e-21,3.214966776284672e-18,1.7486755622052853e-17,2.0652730450135808e-16,2.5756200732040602e-16,2.54011289174665e-17,1.6803659224577128e-11,1.6803659224577129e-13,1.1753406868322203e-16,3.518057879468831e-16
0.39049885279840946,5.543457749850049e-17,3.91981656614009e-16,1.0347711444269925e-16,3.9999999999999995e-18,5.323682959362508e-21,3.2057208916743073e-18,1.7480524255170806e-17,2.0645370895091272e-16,2.560826985364381e-16,2.54011289174665e-17,1.6611189725716363e-11,1.6611189725716365e-13,1.1745852713117398e-16,3.5065517360850596e-16
0.3927546412072933,5.527515385818287e-17,3.908543612425086e-16,1.0347711444269925e-16,3.9999999999999995e-18,5.323682959362508e-21,3.1965015971932263e-18,1.7474362078431932e-17,2.0638093057056322e-16,2.5461188617048234e-16,2.54011289174665e-17,1.642092477691795e-11,1.642092477691795e-13,1.1738337125603977e-16,3.4951386991223674e-16
0.3950234605926039,5.511618870241118e-17,3.8973030784632327e-16,1.0347711444269925e-16,3.9999999999999995e-18,5.323682959362508e-21,3.1873088163711966e-18,1.746826834681829e-17,2.063089605612761e-16,2.531495214233165e-16,2.54011289174665e-17,1.623283912721487e-11,1.6232839127214873e-13,1.1730859930315117e-16,3.4838181868511217e-16
0.3973053862301729,5.495768071263514e-17,3.886094871018944e-16,1.0347711444269925e-16,3.9999999999999995e-18,5.323682959362508e-21,3.1781424729578984e-18,1.7462242322836654e-17,2.062377902128887e-16,2.516955557759957e-16,2.54011289174665e-17,1.604690781486516e-11,1.604690781486516e-13,1.1723420952392448e-16,3.4725896196804707e-16
0.39960049383067503,5.479962857409656e-17,3.8749188971247777e-16,1.0347711444269925e-16,3.9999999999999995e-18,5.323682959362508e-21,3.169002490922306e-18,1.745628327645305e-17,2.0616741090333557e-16,2.5024994098824504e-16,2.54011289174665e-17,1.586310616403933e-11,1.5863106164039333e-13,1.1716020017585502e-16,3.4614524201509685e-16
0.4019088595421432,5.4642030975818256e-17,3.863775064080647e-16,1.0347711444269925e-16,3.9999999999999995e-18,5.323682959362508e-21,3.159888794452046e-18,1.7450390485027503e-17,2.060978140978783e-16,2.4881262909685683e-16,2.54011289174665e-17,1.5681409781545288e-11,1.568140978154529e-13,1.1708656952251082e-16,3.450406012927464e-16
0.4042305599524918,5.448488661059337e-17,3.8526632794530697e-16,1.0347711444269925e-16,3.9999999999999995e-18,5.323682959362508e-21,3.1508013079527766e-18,1.7444563233249285e-17,2.0602899134834041e-16,2.4738357241410137e-16,2.54011289174665e-17,1.550179455359126e-11,1.550179455359126e-13,1.170133158335268e-16,3.439449824792311e-16
0.4065656720920611,5.43281941749743e-17,3.841583451074382e-16,1.0347711444269925e-16,3.9999999999999995e-18,5.323682959362508e-21,3.141739956047552e-18,1.7438800813072393e-17,2.0596093429234562e-16,2.459627235261427e-16,2.54011289174665e-17,1.5324236642585253e-11,1.5324236642585254e-13,1.1694043738459845e-16,3.428583284638826e-16
0.40891427343616965,5.4171952369262157e-17,3.830535487041993e-16,1.0347711444269925e-16,3.9999999999999995e-18,5.323682959362508e-21,3.132704663576208e-18,1.7433102523651507e-17,2.058936346525611e-16,2.445500352914673e-16,2.54011289174665e-17,1.514871248397174e-11,1.5148712483971742e-13,1.1686793245747563e-16,3.417805823465078e-16
0.411276441907688,5.40161598974957e-17,3.819519295717605e-16,1.0347711444269925e-16,3.9999999999999995e-18,5.323682959362508e-21,3.1236953555947258e-18,1.7427467671278207e-17,2.0582708423594447e-16,2.431454608393185e-16,2.54011289174665e-17,1.497519878310402e-11,1.497519878310402e-13,1.1679579933995615e-16,3.407116874367914e-16
0.41365225587962073,5.3860815467440845e-17,3.808534785726471e-16,1.0347711444269925e-16,3.9999999999999995e-18,5.323682959362508e-21,3.1147119573746247e-18,1.7421895569317605e-17,2.0576127493299527e-16,2.4174895356814293e-16,2.54011289174665e-17,1.480367251215295e-11,1.480367251215295e-13,1.167240363258793e-16,3.396515872537297e-16
0.4160417941777105,5.370591779057973e-17,3.797581865956617e-16,1.0347711444269925e-16,3.9999999999999995e-18,5.323682959362508e-21,3.1057543944023277e-18,1.741638553814535e-17,2.0569619871701103e-16,2.4036046714404233e-16,2.54011289174665e-17,1.4634110907050526e-11,1.4634110907050526e-13,1.166526417151193e-16,3.386002255250893e-16
0.4184451360830493,5.355146558210022e-17,3.786660445558107e-16,1.0347711444269925e-16,3.9999999999999995e-18,5.323682959362508e-21,3.096822592378557e-18,1.7410936905084967e-17,2.056318476433471e-16,2.389799554992387e-16,2.54011289174665e-17,1.4466491464469045e-11,1.4466491464469045e-13,1.1658161381357844e-16,3.375575461868954e-16
0.42086236133471283,5.3397457560885065e-17,3.7757704339422714e-16,1.0347711444269925e-16,3.9999999999999995e-18,5.323682959362508e-21,3.087916477217704e-18,1.740554900434562e-17,2.055682138486817e-16,2.3760737283054343e-16,2.54011289174665e-17,1.4300791938834296e-11,1.4300791938834296e-13,1.1651095093318054e-16,3.365234933829442e-16
0.4232935501324025,5.324389244950145e-17,3.7649117407809693e-16,1.0347711444269925e-16,3.9999999999999995e-18,5.323682959362508e-21,3.0790359750472303e-18,1.7400221176960182e-17,2.055052895502844e-16,2.362426735978398e-16,2.54011289174665e-17,1.4136990339373524e-11,1.4136990339373525e-13,1.1644065139186382e-16,3.3549801146434445e-16
0.42573878313910973,5.3090768974190227e-17,3.754084276005828e-16,1.0347711444269925e-16,3.9999999999999995e-18,5.323682959362508e-21,3.0701810122070386e-18,1.739495277072375e-17,2.0544306704529e-16,2.3488581252256997e-16,2.54011289174665e-17,1.3975064927196665e-11,1.3975064927196666e-13,1.1637071351357402e-16,3.3448104498908234e-16
0.4281981414837887,5.293808586485554e-17,3.743287949807507e-16,1.0347711444269925e-16,3.9999999999999995e-18,5.323682959362508e-21,3.0613515152488765e-18,1.7389743140132473e-17,2.0538153870997622e-16,2.335367445862348e-16,2.54011289174665e-17,1.3814994212411512e-11,1.3814994212411513e-13,1.1630113562825728e-16,3.334725387216151e-16
0.43067170676405186,5.2785841855054065e-17,3.7325226726349416e-16,1.0347711444269925e-16,3.9999999999999995e-18,5.323682959362508e-21,3.0525474109357145e-18,1.738459164632281e-17,2.0532069699904596e-16,2.3219542502889814e-16,2.54011289174665e-17,1.3656756951271472e-11,1.3656756951271473e-13,1.1623191607185291e-16,3.3247243763248664e-16
0.4331595610488733,5.263403568198475e-17,3.721788355194613e-16,1.0347711444269925e-16,3.9999999999999995e-18,5.323682959362508e-21,3.0437686262411513e-18,1.737949765701113e-17,2.052605344449142e-16,2.3086180934770368e-16,2.54011289174665e-17,1.3500332143356424e-11,1.3500332143356425e-13,1.1616305318628605e-16,3.314806868979711e-16
0.4356617868813156,5.2482666086478106e-17,3.7110849084497914e-16,1.0347711444269925e-16,3.9999999999999995e-18,5.323682959362508e-21,3.0350150883487937e-18,1.7374460546433722e-17,2.0520104365699956e-16,2.295358532953966e-16,2.54011289174665e-17,1.3345699028785423e-11,1.3345699028785423e-13,1.1609454531946037e-16,3.3049723189973824e-16
0.43817846728126464,5.233173181298598e-17,3.7004122436198165e-16,1.0347711444269925e-16,3.9999999999999995e-18,5.323682959362508e-21,3.0262867246516686e-18,1.7369479695287167e-17,2.0514221732101967e-16,2.282175128788574e-16,2.54011289174665e-17,1.319283708546179e-11,1.319283708546179e-13,1.1602639082525049e-16,3.2952201822454573e-16
0.4407096857481876,5.218123160957093e-17,3.6897702721793423e-16,1.0347711444269925e-16,3.9999999999999995e-18,5.323682959362508e-21,3.017583462751604e-18,1.7364554490669094e-17,2.05084048198292e-16,2.2690674435764034e-16,2.54011289174665e-17,1.3041726026349315e-11,1.3041726026349315e-13,1.1595858806349431e-16,3.285549916639519e-16
0.4432555262639,5.203116422789604e-17,3.6791589058576203e-16,1.0347711444269925e-16,3.9999999999999995e-18,5.323682959362508e-21,3.008905230458645e-18,1.7359684326019344e-17,2.0502652912503854e-16,2.2560350424252404e-16,2.54011289174665e-17,1.2892345796780067e-11,1.2892345796780068e-13,1.1589113539998548e-16,3.275960982140552e-16
0.4458160732953557,5.188152842321439e-17,3.6685780566377504e-16,1.0347711444269925e-16,3.9999999999999995e-18,5.323682959362508e-21,3.0002519557904392e-18,1.7354868601061498e-17,2.0496965301169538e-16,2.2430774929406687e-16,2.54011289174665e-17,1.2744676571792624e-11,1.2744676571792623e-13,1.1582403120646544e-16,3.26645284075253e-16
0.4483914117974454,5.17323229543589e-17,3.658027636755967e-16,1.0347711444269925e-16,3.9999999999999995e-18,5.323682959362508e-21,2.9916235669716543e-18,1.7350106721744793e-17,2.049134128422268e-16,2.2301943652117407e-16,2.54011289174665e-17,1.2598698753501256e-11,1.2598698753501255e-13,1.1575727386061563e-16,3.2570249565202627e-16
0.45098162721581925,5.158354658373185e-17,3.647507558700896e-16,1.0347711444269925e-16,3.9999999999999995e-18,5.323682959362508e-21,2.983019992433371e-18,1.7345398100186433e-17,2.048578016734438e-16,2.217385231796695e-16,2.54011289174665e-17,1.2454392968494743e-11,1.2454392968494744e-13,1.1569086174604937e-16,3.2476767955274266e-16
0.4535868054897181,5.143519807729481e-17,3.637017735212843e-16,1.0347711444269925e-16,3.9999999999999995e-18,5.323682959362508e-21,2.9744411608124977e-18,1.7340742154614288e-17,2.048028126343274e-16,2.2046496677087934e-16,2.54011289174665e-17,1.2311740065265476e-11,1.2311740065265477e-13,1.1562479325230395e-16,3.238407825894844e-16
0.45620703305482846,5.128727620455821e-17,3.626558079283057e-16,1.0347711444269925e-16,3.9999999999999995e-18,5.323682959362508e-21,2.9658870009511697e-18,1.7336138309309965e-17,2.0474843892535622e-16,2.1919872504022022e-16,2.54011289174665e-17,1.2170721111667545e-11,1.2170721111667545e-13,1.1555906677483219e-16,3.2292175177789404e-16
0.4588423968461465,5.113977973857133e-17,3.6161285041530194e-16,1.0347711444269925e-16,3.9999999999999995e-18,5.323682959362508e-21,2.957357441896173e-18,1.7331585994552304e-17,2.0469467381783933e-16,2.1793975597579921e-16,2.54011289174665e-17,1.2031317392404389e-11,1.203131739240439e-13,1.154936807149944e-16,3.2201053433704414e-16
0.46149298430086655,5.0992707455911917e-17,3.6057289233137135e-16,1.0347711444269925e-16,3.9999999999999995e-18,5.323682959362508e-21,2.948852412898338e-18,1.7327084646561232e-17,2.0464151065325281e-16,2.166880178070179e-16,2.54011289174665e-17,1.189351040654476e-11,1.189351040654476e-13,1.1542863348004988e-16,3.211070776893233e-16
0.46415888336127775,5.0846058136676255e-17,3.595359250504921e-16,1.0347711444269925e-16,3.9999999999999995e-18,5.323682959362508e-21,2.9403718434119673e-18,1.7322633707442003e-17,2.0458894284258161e-16,2.154434690031884e-16,2.54011289174665e-17,1.1757281865067626e-11,1.1757281865067626e-13,1.153639234831485e-16,3.2021132946034527e-16
0.46684018247768605,5.069983056446882e-17,3.585019399714489e-16,1.0347711444269925e-16,3.9999999999999995e-18,5.323682959362508e-21,2.9319156630942434e-18,1.731823262512986e-17,2.0453696386566554e-16,2.1420606827215392e-16,2.54011289174665e-17,1.162261368843471e-11,1.1622613688434712e-13,1.15299549143322e-16,3.193232374788743e-16
0.46953697061134503,5.055402352639242e-17,3.5747092851776344e-16,1.0347711444269925e-16,3.9999999999999995e-18,5.323682959362508e-21,2.9234838018046487e-18,1.731388085333508e-17,2.0448556727055062e-16,2.1297577455891985e-16,2.54011289174665e-17,1.1489488004191283e-11,1.1489488004191283e-13,1.1523550888547557e-16,3.184427497767715e-16
0.47224933723741114,5.040863581303791e-17,3.564428821376216e-16,1.0347711444269925e-16,3.9999999999999995e-18,5.323682959362508e-21,2.915076189604377e-18,1.7309577851488366e-17,2.0443474667284375e-16,2.117525470442907e-16,2.54011289174665e-17,1.1357887144594018e-11,1.1357887144594018e-13,1.1517180114037883e-16,3.175698145889571e-16
0.4749773723479086,5.026366621847438e-17,3.554177923038042e-16,1.0347711444269925e-16,3.9999999999999995e-18,5.323682959362508e-21,2.906692756755764e-18,1.730532308468668e-17,2.0438449575507336e-16,2.1053634514351683e-16,2.54011289174665e-17,1.1227793644266434e-11,1.1227793644266434e-13,1.1510842434465725e-16,3.1670438035339243e-16
0.47772116645471907,5.0119113540238915e-17,3.543956505136145e-16,1.0347711444269925e-16,3.9999999999999995e-18,5.323682959362508e-21,2.898333433721699e-18,1.7301116023639458e-17,2.0433480826605403e-16,2.0932712850494669e-16,2.54011289174665e-17,1.1099190237880777e-11,1.1099190237880778e-13,1.1504537694078297e-16,3.158463957110769e-16
0.4804808105925807,4.9974976579326895e-17,3.533764482888094e-16,1.0347711444269925e-16,3.9999999999999995e-18,5.323682959362508e-21,2.8899981511650564e-18,1.729695614461521e-17,2.0428567802025552e-16,2.0812485700868932e-16,2.54011289174665e-17,1.0972059857866843e-11,1.0972059857866844e-13,1.14982657377066e-16,3.1499580950606387e-16
0.48325639632211265,4.983125414018176e-17,3.523601771755275e-16,1.0347711444269925e-16,3.9999999999999995e-18,5.323682959362508e-21,2.8816868399481104e-18,1.7292842929388472e-17,2.0423709889717676e-16,2.0692949076528186e-16,2.54011289174665e-17,1.0846385632146674e-11,1.0846385632146674e-13,1.149202641076449e-16,3.1415257078548997e-16
0.4860480157328487,4.9687945030685364e-17,3.513468287442204e-16,1.0347711444269925e-16,3.9999999999999995e-18,5.323682959362508e-21,2.873399431131975e-18,1.7288775865187233e-17,2.0418906484072451e-16,2.0574099011436754e-16,2.54011289174665e-17,1.0722150881895579e-11,1.0722150881895579e-13,1.1485819559247782e-16,3.1331662879962285e-16
0.48885576144629683,4.954504806214785e-17,3.503363945895816e-16,1.0347711444269925e-16,3.9999999999999995e-18,5.323682959362508e-21,2.8651358559760167e-18,1.728475444464067e-17,2.0414156985859638e-16,2.045593156233784e-16,2.54011289174665e-17,1.0599339119328418e-11,1.0599339119328419e-13,1.1479645029733288e-16,3.1248793300192123e-16
0.4916797266190082,4.940256204929799e-17,3.493288663304779e-16,1.0347711444269925e-16,3.9999999999999995e-18,5.323682959362508e-21,2.8568960459372997e-18,1.7280778165727307e-17,2.0409460802166843e-16,2.0338442808622816e-16,2.54011289174665e-17,1.0477934045511599e-11,1.0477934045511598e-13,1.1473502669377915e-16,3.1166643304911187e-16
0.49452000494567183,4.9260485810273176e-17,3.4832423560987866e-16,1.0347711444269925e-16,3.9999999999999995e-18,5.323682959362508e-21,2.848679932670004e-18,1.727684653172358e-17,2.0404817346338755e-16,2.022162885220104e-16,2.54011289174665e-17,1.0357919548199819e-11,1.0357919548199819e-13,1.1467392325917694e-16,3.108520788012783e-16
0.4973766906622194,4.9118818166609807e-17,3.4732249409478777e-16,1.0347711444269925e-16,3.9999999999999995e-18,5.323682959362508e-21,2.8404874480248704e-18,1.727295905115274e-17,2.0400226037916829e-16,2.0105485817370646e-16,2.54011289174665e-17,1.0239279699697873e-11,1.0239279699697874e-13,1.1461313847666835e-16,3.100448203219652e-16
0.5002498785489558,4.89775579432333e-17,3.4632363347617323e-16,1.0347711444269925e-16,3.9999999999999995e-18,5.323682959362508e-21,2.8323185240486232e-18,1.726911523773421e-17,2.039568630257945e-16,1.9990009850689795e-16,2.54011289174665e-17,1.0121998754746674e-11,1.0121998754746675e-13,1.1455267083516758e-16,3.092446078782937e-16
0.5031396639336997,4.883670396844856e-17,3.453276454688996e-16,1.0347711444269925e-16,3.9999999999999995e-18,5.323682959362508e-21,2.824173092983418e-18,1.7265314610333272e-17,2.0391197572082524e-16,1.9875197120848998e-16,2.54011289174665e-17,1.0006061148433758e-11,1.0006061148433759e-13,1.1449251882935127e-16,3.084513919410909e-16
0.5060461426949504,4.869625507393007e-17,3.4433452181165776e-16,1.0347711444269925e-16,3.9999999999999995e-18,5.323682959362508e-21,2.81605108726627e-18,1.7261556692911156e-17,2.0386759284200523e-16,1.9761043818543832e-16,2.54011289174665e-17,9.891451494127469e-12,9.891451494127469e-14,1.1443268095964868e-16,3.076651231850294e-16
0.5089694112650651,4.855621009471235e-17,3.43344254266898e-16,1.0347711444269925e-16,3.9999999999999995e-18,5.323682959362508e-21,2.8079524395285027e-18,1.725784101447555e-17,2.0382370882668046e-16,1.964754615634872e-16,2.54011289174665e-17,9.778154581435038e-12,9.778154581435038e-14,1.143731557322317e-16,3.0688575248878044e-16
0.5119095666334622,4.841656786918018e-17,3.4235683462076023e-16,1.0347711444269925e-16,3.9999999999999995e-18,5.323682959362508e-21,2.799877082595179e-18,1.725416710903143e-17,2.0378031817121724e-16,1.9534700368591092e-16,2.54011289174665e-17,9.666155374183827e-12,9.666155374183826e-14,1.1431394165900504e-16,3.061132309351747e-16
0.5148667063498353,4.827732723905907e-17,3.4137225468300695e-16,1.0347711444269925e-16,3.9999999999999995e-18,5.323682959362508e-21,2.7918249494845552e-18,1.725053451553236e-17,2.037374154304271e-16,1.9422502711226627e-16,2.54011289174665e-17,9.555439008425923e-12,9.555439008425923e-14,1.142550372575961e-16,3.053475098113773e-16
0.5178409285273938,4.813848704940552e-17,3.4039050628695444e-16,1.0347711444269925e-16,3.9999999999999995e-18,5.323682959362508e-21,2.7837959734075126e-18,1.7246942777832043e-17,2.0369499521699503e-16,1.931094946171486e-16,2.54011289174665e-17,9.445990790465352e-12,9.445990790465352e-14,1.1419644105134477e-16,3.045885406090685e-16
0.5208323318461139,4.8000046148597626e-17,3.3941158128940606e-16,1.0347711444269925e-16,3.9999999999999995e-18,5.323682959362508e-21,2.775790087767019e-18,1.724339144463643e-17,2.0365305220091313e-16,1.920003691889585e-16,2.54011289174665e-17,9.337796194908145e-12,9.337796194908145e-14,1.1413815156929335e-16,3.0383627502463697e-16
0.5238410155560169,4.7862003388325295e-17,3.384354715705833e-16,1.0347711444269925e-16,3.9999999999999995e-18,5.323682959362508e-21,2.7678072261575592e-18,1.7239880069456066e-17,2.0361158110891825e-16,1.9089761402867186e-16,2.54011289174665e-17,9.230840862734453e-12,9.230840862734453e-14,1.1408016734617608e-16,3.030906649593792e-16
0.5268670794804582,4.7724357623580965e-17,3.374621690340601e-16,1.0347711444269925e-16,3.9999999999999995e-18,5.323682959362508e-21,2.7598473223646007e-18,1.7236408210558856e-17,2.0357057672393414e-16,1.8980119254862093e-16,2.54011289174665e-17,9.125110599393038e-12,9.125110599393038e-14,1.1402248692240899e-16,3.023516625197088e-16
0.5299106240194432,4.7587107712649885e-17,3.3649166560669386e-16,1.0347711444269925e-16,3.9999999999999995e-18,5.323682959362508e-21,2.751910310364029e-18,1.7232975430923253e-17,2.0353003388451833e-16,1.887110683712785e-16,2.54011289174665e-17,9.020591372917307e-12,9.020591372917308e-14,1.139651088440792e-16,3.016192200173719e-16
0.5329717501529547,4.7450252517100807e-17,3.355239532385603e-16,1.0347711444269925e-16,3.9999999999999995e-18,5.323682959362508e-21,2.7439961243216135e-18,1.722958129819177e-17,2.0348994748431337e-16,1.876272053280526e-16,2.54011289174665e-17,8.917269312063202e-12,8.917269312063202e-14,1.1390803166293459e-16,3.008932899696711e-16
0.5360505594443049,4.7313790901776514e-17,3.3455902390288547e-16,1.0347711444269925e-16,3.9999999999999995e-18,5.323682959362508e-21,2.7361046985924543e-18,1.7226225384624915e-17,2.034503124715024e-16,1.8654956745808582e-16,2.54011289174665e-17,8.815130704468202e-12,8.815130704468202e-14,1.1385125393637308e-16,3.00173825099695e-16
0.539147154043507,4.7177721734784264e-17,3.3359686959597923e-16,1.0347711444269925e-16,3.9999999999999995e-18,5.323682959362508e-21,2.7282359677204354e-18,1.7222907267055436e-17,2.0341112384826922e-16,1.854781190070613e-16,2.54011289174665e-17,8.714161994831438e-12,8.714161994831438e-14,1.1379477422743198e-16,2.9946077833655316e-16
0.5422616366906601,4.704204388748664e-17,3.326374823371698e-16,1.0347711444269925e-16,3.9999999999999995e-18,5.323682959362508e-21,2.720389866437691e-18,1.7219626526843008e-17,2.0337237667026282e-16,1.8441282442601828e-16,2.54011289174665e-17,8.614349783114861e-12,8.614349783114862e-14,1.1373859110477717e-16,2.9875410281561844e-16
0.5453941107193627,4.690675623449194e-17,3.316808541687362e-16,1.0347711444269925e-16,3.9999999999999995e-18,5.323682959362508e-21,2.7125663296640515e-18,1.7216382749829266e-17,2.0333406604606637e-16,1.8335364837017077e-16,2.54011289174665e-17,8.515680822764682e-12,8.515680822764682e-14,1.136827031426924e-16,2.980537518787721e-16
0.5485446800601366,4.677185765364509e-17,3.3072697715584366e-16,1.0347711444269925e-16,3.9999999999999995e-18,5.323682959362508e-21,2.704765292506518e-18,1.7213175526293208e-17,2.0329618713667048e-16,1.8230055569773655e-16,2.54011289174665e-17,8.418142018953514e-12,8.418142018953514e-14,1.136271089210683e-16,2.973596790746551e-16
0.5517134492438794,4.663734702601807e-17,3.297758433864764e-16,1.0347711444269925e-16,3.9999999999999995e-18,5.323682959362508e-21,2.6969866902587092e-18,1.721000445090694e-17,2.032587351549507e-16,1.812535114687697e-16,2.54011289174665e-17,8.321720426842363e-12,8.321720426842363e-14,1.1357180702539129e-16,2.966718381589219e-16
0.5549005234053289,4.65032232359009e-17,3.288274449713735e-16,1.0347711444269925e-16,3.9999999999999995e-18,5.323682959362508e-21,2.6892304584003393e-18,1.7206869122691868e-17,2.0322170536514968e-16,1.8021248094400277e-16,2.54011289174665e-17,8.22640324986277e-12,8.226403249862771e-14,1.135167960467327e-16,2.959901830944989e-16
0.5581060082865547,4.6369485170792154e-17,3.2788177404396186e-16,1.0347711444269925e-16,3.9999999999999995e-18,5.323682959362508e-21,2.681496532596669e-18,1.7203769144975164e-17,2.0318509308236365e-16,1.7917742958369276e-16,2.54011289174665e-17,8.132177838018422e-12,8.132177838018421e-14,1.1346207458173764e-16,2.9531466805184435e-16
0.5613300102404629,4.623613172138992e-17,3.269388227602925e-16,1.0347711444269925e-16,3.9999999999999995e-18,5.323682959362508e-21,2.6737848486979844e-18,1.7200704125346663e-17,2.0314889367203274e-16,1.781483230464766e-16,2.54011289174665e-17,8.039031686206397e-12,8.039031686206397e-14,1.134076412326136e-16,2.946452474092125e-16
0.5645726362343293,4.6103161781582423e-17,3.2599858329897403e-16,1.0347711444269925e-16,3.9999999999999995e-18,5.323682959362508e-21,2.666095342739053e-18,1.7197673675616093e-17,2.0311310254943643e-16,1.771251271882302e-16,2.54011289174665e-17,7.946952432557453e-12,7.946952432557453e-14,1.1335349460711938e-16,2.939818757529174e-16
0.5678339938533429,4.5970574248439063e-17,3.2506104786110937e-16,1.0347711444269925e-16,3.9999999999999995e-18,5.323682959362508e-21,2.6584279509386062e-18,1.7194677411770682e-17,2.0307771517919225e-16,1.7610780806093739e-16,2.54011289174665e-17,7.855927856795554e-12,7.855927856795554e-14,1.132996333185537e-16,2.9332450787760023e-16
0.5711141913041811,4.583836802220101e-17,3.2412620867022925e-16,1.0347711444269925e-16,3.9999999999999995e-18,5.323682959362508e-21,2.6507826096987955e-18,1.719171495393312e-17,2.030427270747597e-16,1.7509633191156165e-16,2.54011289174665e-17,7.765945878615916e-12,7.765945878615915e-14,1.132460559857438e-16,2.926730987864957e-16
0.5744133374185946,4.570654200627233e-17,3.231940579722295e-16,1.0347711444269925e-16,3.9999999999999995e-18,5.323682959362508e-21,2.64315925560468e-18,1.7188785926319877e-17,2.0300813379794791e-16,1.7409066518092807e-16,2.54011289174665e-17,7.676994556081902e-12,7.676994556081902e-14,1.1319276123303386e-16,2.920276036917004e-16
0.5777315416570231,4.557509510721068e-17,3.2226458803530513e-16,1.0347711444269925e-16,3.9999999999999995e-18,5.323682959362508e-21,2.6355578254236867e-18,1.7185889957199876e-17,2.0297393095842755e-16,1.7309077450260824e-16,2.54011289174665e-17,7.589062084040036e-12,7.589062084040036e-14,1.1313974769027364e-16,2.913879780144396e-16
0.5810689141122223,4.5444026234718434e-17,3.2133779114988775e-16,1.0347711444269925e-16,3.9999999999999995e-18,5.323682959362508e-21,2.6279782561050974e-18,1.7183026678853545e-17,2.0294011421324706e-16,1.720966267018148e-16,2.54011289174665e-17,7.502136792553406e-12,7.502136792553407e-14,1.1308701399280668e-16,2.907541773853351e-16
0.5844255655129211,4.531333430163345e-17,3.2041365962858e-16,1.0347711444269925e-16,3.9999999999999995e-18,5.323682959362508e-21,2.6204204847795173e-18,1.718019572753219e-17,2.0290667926635293e-16,1.7110818879429924e-16,2.54011289174665e-17,7.416207145352752e-12,7.416207145352753e-14,1.1303455878145881e-16,2.901261576446701e-16
0.5878016072274912,4.5183018223920224e-17,3.1949218580609347e-16,1.0347711444269925e-16,3.9999999999999995e-18,5.323682959362508e-21,2.6128844487583593e-18,1.7177396743417757e-17,2.0287362186811452e-16,1.7012542798525894e-16,2.54011289174665e-17,7.331261738305582e-12,7.331261738305583e-14,1.129823807025263e-16,2.8950387484265475e-16
0.5911971512676464,4.505307692066072e-17,3.1857336203918336e-16,1.0347711444269925e-16,3.9999999999999995e-18,5.323682959362508e-21,2.605370085533319e-18,1.717462937058289e-17,2.0284093781485225e-16,1.6914831166824765e-16,2.54011289174665e-17,7.247289297902529e-12,7.24728929790253e-14,1.12930478407764e-16,2.8888728523968774e-16
0.5946123102921542,4.492350931404561e-17,3.1765718070658684e-16,1.0347711444269925e-16,3.9999999999999995e-18,5.323682959362508e-21,2.5978773327758637e-18,1.717189325695141e-17,2.0280862294837088e-16,1.6817680742409527e-16,2.54011289174665e-17,7.164278679761328e-12,7.164278679761329e-14,1.1287885055437366e-16,2.882763453066171e-16
0.598047197610579,4.479431432936513e-17,3.1674363420895817e-16,1.0347711444269925e-16,3.9999999999999995e-18,5.323682959362508e-21,2.5904061283367033e-18,1.716918805425908e-17,2.0277667315549603e-16,1.6721088301983054e-16,2.54011289174665e-17,7.08221886714766e-12,7.08221886714766e-14,1.1282749580499181e-16,2.87671011724997e-16
0.601501927187036,4.466549089500034e-17,3.1583271496880736e-16,1.0347711444269925e-16,3.9999999999999995e-18,5.323682959362508e-21,2.58295641024529e-18,1.7166513418014744e-17,2.0274508436761549e-16,1.6625050640761317e-16,2.54011289174665e-17,7.0010989695131926e-12,7.001098969513192e-14,1.1277641282767792e-16,2.8707124138734214e-16
0.6049766136439775,4.453703794241407e-17,3.149244154304355e-16,1.0347711444269925e-16,3.9999999999999995e-18,5.323682959362508e-21,2.575528116709289e-18,1.716386900746181e-17,2.027138525602239e-16,1.652956457236692e-16,2.54011289174665e-17,6.920908221050132e-12,6.920908221050133e-14,1.127256002959022e-16,2.864769913973775e-16
0.608471372265991,4.4408954406142245e-17,3.140187280598739e-16,1.0347711444269925e-16,3.9999999999999995e-18,5.323682959362508e-21,2.56812118611408e-18,1.7161254485540074e-17,2.026829737524721e-16,1.6434626928723504e-16,2.54011289174665e-17,6.841635979262547e-12,6.841635979262547e-14,1.126750568885337e-16,2.8588821907028514e-16
0.6119863190036293,4.4281239223784844e-17,3.131156453448199e-16,1.0347711444269925e-16,3.9999999999999995e-18,5.323682959362508e-21,2.5607355570222337e-18,1.7158669518847862e-17,2.0265244400672007e-16,1.6340234559950507e-16,2.54011289174665e-17,6.7632717235538455e-12,6.763271723553845e-14,1.1262478128982776e-16,2.8530488193294527e-16
0.6155215704772522,4.415389133599727e-17,3.122151597945762e-16,1.0347711444269925e-16,3.9999999999999995e-18,5.323682959362508e-21,2.5533711681730137e-18,1.7156113777604522e-17,2.0262225942809393e-16,1.6246384334258793e-16,2.54011289174665e-17,6.685805053830643e-12,6.685805053830643e-14,1.1257477218941432e-16,2.847269377241732e-16
0.619077243980901,4.402690968648143e-17,3.1131726393998714e-16,1.0347711444269925e-16,3.9999999999999995e-18,5.323682959362508e-21,2.5460279584818565e-18,1.7153586935613286e-17,2.0259241616404716e-16,1.6153073137846602e-16,2.54011289174665e-17,6.6092256891224086e-12,6.609225689122409e-14,1.1252502828228514e-16,2.8415434439495034e-16
0.6226534574861852,4.390029322197707e-17,3.1042195033337816e-16,1.0347711444269925e-16,3.9999999999999995e-18,5.323682959362508e-21,2.538705867039876e-18,1.715108867022443e-17,2.0256291040392555e-16,1.6060297874796382e-16,2.54011289174665e-17,6.533523466217143e-12,6.533523466217144e-14,1.124755482687817e-16,2.835870601086505e-16
0.6262503296462011,4.377404089225294e-17,3.0952921154849285e-16,1.0347711444269925e-16,3.9999999999999995e-18,5.323682959362508e-21,2.53140483311335e-18,1.7148618662298732e-17,2.0253373837853578e-16,1.5968055466971938e-16,2.54011289174665e-17,6.458688338312454e-12,6.458688338312454e-14,1.1242633085458279e-16,2.830250432412579e-16
0.6298679797994645,4.36481516500982e-17,3.086390401804323e-16,1.0347711444269925e-16,3.9999999999999995e-18,5.323682959362508e-21,2.5241247961432224e-18,1.7146176596171357e-17,2.0250489635971869e-16,1.587634285391642e-16,2.54011289174665e-17,6.384710373682304e-12,6.384710373682304e-14,1.1237737475069192e-16,2.8246825238158197e-16
0.6335065279738742,4.35226244513136e-17,3.0775142884559294e-16,1.0347711444269925e-16,3.9999999999999995e-18,5.323682959362508e-21,2.5168656957445942e-18,1.714376215961598e-17,2.0247638065992573e-16,1.5785156992750672e-16,2.54011289174665e-17,6.311579754358827e-12,6.311579754358827e-14,1.1232867867342499e-16,2.819166463314618e-16
0.6371660948906896,4.3397458254702983e-17,3.0686637018160594e-16,1.0347711444269925e-16,3.9999999999999995e-18,5.323682959362508e-21,2.5096274717062323e-18,1.7141375043809278e-17,2.0244818763179938e-16,1.56944948580724e-16,2.54011289174665e-17,6.2392867748294396e-12,6.23928677482944e-14,1.1228024134439756e-16,2.813701841059659e-16
0.6408468019685417,4.3272652022064444e-17,3.0598385684727538e-16,1.0347711444269925e-16,3.9999999999999995e-18,5.323682959362508e-21,2.502410063990058e-18,1.713901494329573e-17,2.0242031366775769e-16,1.5604353441855648e-16,2.54011289174665e-17,6.167821840748664e-12,6.167821840748664e-14,1.122320614905124e-16,2.80828824933583e-16
0.6445487713274554,4.3148204718181936e-17,3.0510388152251837e-16,1.0347711444269925e-16,3.9999999999999995e-18,5.323682959362508e-21,2.495213412730662e-18,1.7136681555952765e-17,2.0239275519958237e-16,1.5514729753351154e-16,2.54011289174665e-17,6.097175467664932e-12,6.097175467664932e-14,1.121841378439466e-16,2.802925282564061e-16
0.6482721257929073,4.3024115310816496e-17,3.042264369083031e-16,1.0347711444269925e-16,3.9999999999999995e-18,5.323682959362508e-21,2.4880374582347943e-18,1.7134374582956195e-17,2.0236550869801073e-16,1.5425620818986952e-16,2.54011289174665e-17,6.027338279761752e-12,6.027338279761753e-14,1.1213646914213909e-16,2.797612537303065e-16
0.6520169888998951,4.290038277069783e-17,3.0335151572658967e-16,1.0347711444269925e-16,3.9999999999999995e-18,5.323682959362508e-21,2.4808821409808826e-18,1.7132093728745982e-17,2.0233857067233134e-16,1.5337023682269899e-16,2.54011289174665e-17,5.958301008613497e-12,5.958301008613496e-14,1.1208905412777766e-16,2.7923496122510158e-16
0.6557834848970422,4.2777006071515646e-17,3.024791107202683e-16,1.0347711444269925e-16,3.9999999999999995e-18,5.323682959362508e-21,2.473747401618526e-18,1.7129838700992332e-17,2.0231193766998357e-16,1.5248935403687386e-16,2.54011289174665e-17,5.8900544919552486e-12,5.890054491955249e-14,1.120418915487862e-16,2.7871361082471147e-16
0.6595717387507138,4.265398418991128e-17,3.016092146531005e-16,1.0347711444269925e-16,3.9999999999999995e-18,5.323682959362508e-21,2.4666331809680148e-18,1.712760921056209e-17,2.0228560627616063e-16,1.516135306061001e-16,2.54011289174665e-17,5.8225896724669374e-12,5.822589672466938e-14,1.1199498015831192e-16,2.7819716282730843e-16
0.6633818761491694,4.2531316105469035e-17,3.007418203096578e-16,1.0347711444269925e-16,3.9999999999999995e-18,5.323682959362508e-21,2.4595394200198267e-18,1.7125404971485432e-17,2.0225957311341633e-16,1.5074273747194412e-16,2.54011289174665e-17,5.755897596571191e-12,5.75589759657119e-14,1.1194831871471234e-16,2.776855777454548e-16
0.667214023506727,4.240900080070792e-17,2.9987692049526297e-16,1.0347711444269925e-16,3.9999999999999995e-18,5.323682959362508e-21,2.4524660599341505e-18,1.7123225700922922e-17,2.0223383484127587e-16,1.4987694574287043e-16,2.54011289174665e-17,5.689969413245166e-12,5.689969413245166e-14,1.1190190598154226e-16,2.7717881630623387e-16
0.6710683079679625,4.228703726107303e-17,2.990145080359295e-16,1.0347711444269925e-16,3.9999999999999995e-18,5.323682959362508e-21,2.4454130420403874e-18,1.7121071119132804e-17,2.022083881558496e-16,1.4901612669328159e-16,2.54011289174665e-17,5.624796372845801e-12,5.624796372845801e-14,1.1185574072754093e-16,2.7667683945136733e-16
0.6749448574119237,4.216542447492726e-17,2.981545757783029e-16,1.0347711444269925e-16,3.9999999999999995e-18,5.323682959362508e-21,2.4383803078366724e-18,1.7118940949438647e-17,2.0218322978945085e-16,1.4816025176256625e-16,2.54011289174665e-17,5.560369825948678e-12,5.5603698259486784e-14,1.1180982172661878e-16,2.7617960833732557e-16
0.6788438004563776,4.2044161433542804e-17,2.9729711658960033e-16,1.0347711444269925e-16,3.9999999999999995e-18,5.323682959362508e-21,2.43136779898938e-18,1.7116834918197288e-17,2.0215835651021747e-16,1.4730929255415064e-16,2.54011289174665e-17,5.496681222200052e-12,5.496681222200052e-14,1.1176414775784445e-16,2.756870843354254e-16
0.6827652664620726,4.192324713109291e-17,2.9644212335755265e-16,1.0347711444269925e-16,3.9999999999999995e-18,5.323682959362508e-21,2.4243754573326526e-18,1.7114752754767067e-17,2.0213376512173643e-16,1.4646322083455745e-16,2.54011289174665e-17,5.433722109182168e-12,5.433722109182168e-14,1.1171871760543158e-16,2.751992290319181e-16
0.6867093855370363,4.180268056464338e-17,2.955895889903443e-16,1.0347711444269925e-16,3.9999999999999995e-18,5.323682959362508e-21,2.4174032248679033e-18,1.7112694191476355e-17,2.021094524626723e-16,1.4562200853246778e-16,2.54011289174665e-17,5.3714841312914045e-12,5.3714841312914046e-14,1.116735300587256e-16,2.747160042280652e-16
0.6906762885408861,4.1682460734144454e-17,2.9473950641655543e-16,1.0347711444269925e-16,3.9999999999999995e-18,5.323682959362508e-21,2.410451043763351e-18,1.711065896359241e-17,2.0208541540639948e-16,1.447856277377912e-16,2.54011289174665e-17,5.309959028629473e-12,5.3099590286294725e-14,1.1162858391219058e-16,2.7423737194020505e-16
0.6946661070891771,4.156258664242231e-17,2.938918685851023e-16,1.0347711444269925e-16,3.9999999999999995e-18,5.323682959362508e-21,2.403518856353524e-18,1.7108646809290502e-17,2.0206165086063716e-16,1.4395405070073845e-16,2.54011289174665e-17,5.2491386359071026e-12,5.2491386359071027e-14,1.1158387796539579e-16,2.7376329439980517e-16
0.6986789735577629,4.144305729517095e-17,2.9304666846518e-16,1.0347711444269925e-16,3.9999999999999995e-18,5.323682959362508e-21,2.396606605138798e-18,1.7106657469623305e-17,2.0203815576708845e-16,1.4312724983090187e-16,2.54011289174665e-17,5.189014881360473e-12,5.189014881360473e-14,1.1153941102300255e-16,2.7329373405350543e-16
0.7027150210871934,4.132387170094383e-17,2.922038990462025e-16,1.0347711444269925e-16,3.9999999999999995e-18,5.323682959362508e-21,2.389714232784903e-18,1.7104690688490662e-17,2.020149271010827e-16,1.4230519769633887e-16,2.54011289174665e-17,5.129579785679888e-12,5.129579785679888e-14,1.114951818947507e-16,2.728286535631477e-16
0.7067743835871265,4.120502887114577e-17,2.913635533377465e-16,1.0347711444269925e-16,3.9999999999999995e-18,5.323682959362508e-21,2.382841682122464e-18,1.7102746212609563e-17,2.0199196187122128e-16,1.4148786702266305e-16,2.54011289174665e-17,5.070825460950899e-12,5.070825460950899e-14,1.1145118939544538e-16,2.723680158057944e-16
0.7108571957407769,4.108652782002459e-17,2.9052562436949124e-16,1.0347711444269925e-16,3.9999999999999995e-18,5.323682959362508e-21,2.375988896146512e-18,1.710082379148444e-17,2.0196925711902652e-16,1.4067523069213788e-16,2.54011289174665e-17,5.012744109607358e-12,5.012744109607358e-14,1.1140743234494336e-16,2.7191178387373386e-16
0.7149635930093784,4.096836756466311e-17,2.896901051911629e-16,1.0347711444269925e-16,3.9999999999999995e-18,5.323682959362508e-21,2.369155818016024e-18,1.709892317737773e-17,2.0194680991859443e-16,1.3986726174277838e-16,2.54011289174665e-17,4.9553280233966704e-12,4.955328023396671e-14,1.1136390956813978e-16,2.714599210744744e-16
0.7190937116366849,4.085054712497083e-17,2.8885698887247497e-16,1.0347711444269925e-16,3.9999999999999995e-18,5.323682959362508e-21,2.362342391053439e-18,1.7097044125280776e-17,2.0192461737625037e-16,1.390639333674552e-16,2.54011289174665e-17,4.898569582356691e-12,4.898569582356691e-14,1.113206198949545e-16,2.7101239093072443e-16
0.723247688653484,4.0733065523675964e-17,2.880262685030724e-16,1.0347711444269925e-16,3.9999999999999995e-18,5.323682959362508e-21,2.3555485587442e-18,1.7095186392884907e-17,2.0190267663020828e-16,1.382652189130066e-16,2.54011289174665e-17,4.842461253804551e-12,4.8424612538045515e-14,1.1127756216031854e-16,2.7056915718036133e-16
0.72742566188215,4.061592178631716e-17,2.871979371924729e-16,1.0347711444269925e-16,3.9999999999999995e-18,5.323682959362508e-21,2.3487742647362753e-18,1.709334974055291e-17,2.0188098485023314e-16,1.3747109187935273e-16,2.54011289174665e-17,4.786995591336856e-12,4.786995591336856e-14,1.1123473520416053e-16,2.7013018377638605e-16
0.7316277699412106,4.0499114941235586e-17,2.863719880700111e-16,1.0347711444269925e-16,3.9999999999999995e-18,5.323682959362508e-21,2.342019452839699e-18,1.7091533931290697e-17,2.0185953923730645e-16,1.3668152591861763e-16,2.54011289174665e-17,4.732165233841526e-12,4.732165233841526e-14,1.111921378713931e-16,2.6969543488686567e-16
0.7358541522499518,4.038264401956674e-17,2.855484142847802e-16,1.0347711444269925e-16,3.9999999999999995e-18,5.323682959362508e-21,2.3352840670260975e-18,1.7089738730719277e-17,2.018383370232956e-16,1.358964948342541e-16,2.54011289174665e-17,4.677962904520789e-12,4.677962904520789e-14,1.1114976901189912e-16,2.692648748948621e-16
0.7401049490330376,4.026650805523251e-17,2.847272090055765e-16,1.0347711444269925e-16,3.9999999999999995e-18,5.323682959362508e-21,2.3285680514282328e-18,1.7087963907047006e-17,2.0181737547062556e-16,1.3511597258017539e-16,2.54011289174665e-17,4.624381409925524e-12,4.624381409925524e-14,1.111076274805181e-16,2.688384683983484e-16
0.7443803013251689,4.0150706084933055e-17,2.839083654208414e-16,1.0347711444269925e-16,3.9999999999999995e-18,5.323682959362508e-21,2.3218713503395297e-18,1.7086209231042094e-17,2.017966518719547e-16,1.3433993325989e-16,2.54011289174665e-17,4.571413639000501e-12,4.571413639000501e-14,1.1106571213703246e-16,2.684161802101106e-16
0.748680350975756,4.0035237148138954e-17,2.8309187673860633e-16,1.0347711444269925e-16,3.9999999999999995e-18,5.323682959362508e-21,2.315193908213624e-18,1.7084474476005384e-17,2.0177616354985277e-16,1.335683511256438e-16,2.54011289174665e-17,4.519052562140717e-12,4.5190525621407174e-14,1.1102402184615364e-16,2.6799797535763713e-16
0.7530052406536318,3.9920100287083084e-17,2.822777361864349e-16,1.0347711444269925e-16,3.9999999999999995e-18,5.323682959362508e-21,2.308535669663892e-18,1.7082759417743397e-17,2.017559078564831e-16,1.3280120057756425e-16,2.54011289174665e-17,4.467291230258393e-12,4.467291230258393e-14,1.1098255547750849e-16,2.675838190829938e-16
0.7573551138517788,3.980529454675283e-17,2.8146593701136827e-16,1.0347711444269925e-16,3.9999999999999995e-18,5.323682959362508e-21,2.301896579463001e-18,1.7081063834541654e-17,2.0173588217328705e-16,1.3203845616281256e-16,2.54011289174665e-17,4.4161227738607925e-12,4.4161227738607927e-14,1.1094131190562525e-16,2.6717367684268623e-16
0.7617301148920961,3.9690818974882e-17,2.8065647247986753e-16,1.0347711444269925e-16,3.9999999999999995e-18,5.323682959362508e-21,2.29527658254244e-18,1.7079387507138234e-17,2.0171608391067205e-16,1.3128009257473776e-16,2.54011289174665e-17,4.3655404021384746e-12,4.3655404021384745e-14,1.1090029000991985e-16,2.667675143075072e-16
0.7661303889301825,3.957667262194308e-17,2.7984933587775934e-16,1.0347711444269925e-16,3.9999999999999995e-18,5.323682959362508e-21,2.288675623992073e-18,1.7077730218697604e-17,2.0169651050770227e-16,1.3052608465203827e-16,2.54011289174665e-17,4.315537402064107e-12,4.315537402064107e-14,1.1085948867468196e-16,2.6636529736237127e-16
0.7705560819601547,3.94628545411393e-17,2.790445205101794e-16,1.0347711444269925e-16,3.9999999999999995e-18,5.323682959362508e-21,2.2820936490596793e-18,1.7076091754784734e-17,2.0167715943179303e-16,1.2977640737792655e-16,2.54011289174665e-17,4.2661071375015355e-12,4.2661071375015356e-14,1.1081890678906103e-16,2.6596699210613576e-16
0.7750073408194937,3.9349363788396694e-17,2.7824201970151677e-16,1.0347711444269925e-16,3.9999999999999995e-18,5.323682959362508e-21,2.2755306031504964e-18,1.7074471903339404e-17,2.016580281784075e-16,1.2903103587929874e-16,2.54011289174665e-17,4.217243048325029e-12,4.2172430483250286e-14,1.1077854324705241e-16,2.655725648514065e-16
0.7794843131939112,3.923619942235643e-17,2.774418267953593e-16,1.0347711444269925e-16,3.9999999999999995e-18,5.323682959362508e-21,2.2689864318267743e-18,1.707287045465084e-17,2.016391142707568e-16,1.2828994542591026e-16,2.54011289174665e-17,4.16893864954872e-12,4.16893864954872e-14,1.1073839694748339e-16,2.651819821243314e-16
0.7839871476222555,3.912336050436685e-17,2.7664393515443745e-16,1.0347711444269925e-16,3.9999999999999995e-18,5.323682959362508e-21,2.262461080807315e-18,1.707128720133255e-17,2.0162041525950295e-16,1.275531114295543e-16,2.54011289174665e-17,4.121187530465891e-12,4.121187530465891e-14,1.1069846679399913e-16,2.6479521066437876e-16
0.7885159935014336,3.901084609847582e-17,2.758483381605702e-16,1.0347711444269925e-16,3.9999999999999995e-18,5.323682959362508e-21,2.2559544959670326e-18,1.7069721938297404e-17,2.016019287224648e-16,1.268205094432472e-16,2.54011289174665e-17,4.073983353798238e-12,4.073983353798238e-14,1.106587516950487e-16,2.644122174241028e-16
0.7930710010913748,3.889865527142283e-17,2.750550292146093e-16,1.0347711444269925e-16,3.9999999999999995e-18,5.323682959362508e-21,2.2494666233364944e-18,1.7068174462733025e-17,2.0158365226432696e-16,1.2609211516041593e-16,2.54011289174665e-17,4.027319854854751e-12,4.0273198548547507e-14,1.1061925056387097e-16,2.640329695688936e-16
0.7976523215200089,3.8786787092631406e-17,2.742640017363852e-16,1.0347711444269925e-16,3.9999999999999995e-18,5.323682959362508e-21,2.242997409101481e-18,1.7066644574077347e-17,2.0156558351635145e-16,1.253679044140932e-16,2.54011289174665e-17,3.981190840700371e-12,3.981190840700371e-14,1.1057996231848062e-16,2.636574344767155e-16
0.8022601067882872,3.867524063420121e-17,2.734752491646519e-16,1.0347711444269925e-16,3.9999999999999995e-18,5.323682959362508e-21,2.236546799602534e-18,1.706513207399446e-17,2.0154772013609224e-16,1.2464785317611405e-16,2.54011289174665e-17,3.935590189334027e-12,3.935590189334028e-14,1.1054088588165397e-16,2.632855797378287e-16
0.8068945097752196,3.856401497090054e-17,2.726887649570331e-16,1.0347711444269925e-16,3.9999999999999995e-18,5.323682959362508e-21,2.230114741334516e-18,1.7063636766350704e-17,2.0153005980711301e-16,1.2393193755632005e-16,2.54011289174665e-17,3.89051184887622e-12,3.89051184887622e-14,1.1050202018091487e-16,2.629173731544994e-16
0.8115556842429525,3.845310918015846e-17,2.719045425899673e-16,1.0347711444269925e-16,3.9999999999999995e-18,5.323682959362508e-21,2.2237011809461618e-18,1.7062158457190973e-17,2.0151260023870718e-16,1.2322013380176555e-16,2.54011289174665e-17,3.845949836765788e-12,3.845949836765788e-14,1.104633641485206e-16,2.6255278274069476e-16
0.8162437848418647,3.834252234205733e-17,2.711225755586544e-16,1.0347711444269925e-16,3.9999999999999995e-18,5.323682959362508e-21,2.2173060652396415e-18,1.706069695471526e-17,2.0149533916562115e-16,1.2251241829593046e-16,2.54011289174665e-17,3.801898238965989e-12,3.8018982389659894e-14,1.1042491672144763e-16,2.621917767217639e-16
0.8209589671157043,3.8232253539325033e-17,2.703428573770011e-16,1.0347711444269925e-16,3.9999999999999995e-18,5.323682959362508e-21,2.2109293411701126e-18,1.705925206925548e-17,2.0147827434778005e-16,1.2180876755793597e-16,2.54011289174665e-17,3.758351209179567e-12,3.7583512091795674e-14,1.103866768413775e-16,2.6183432353410565e-16
0.8257013875067433,3.8122301857327466e-17,2.6956538157756764e-16,1.0347711444269925e-16,3.9999999999999995e-18,5.323682959362508e-21,2.2045709558452878e-18,1.7057823613252473e-17,2.0146140357001677e-16,1.211091582417661e-16,2.54011289174665e-17,3.715302968072921e-12,3.715302968072921e-14,1.1034864345468262e-16,2.6148039182482213e-16
0.8304712033609747,3.801266638406086e-17,2.687901417115135e-16,1.0347711444269925e-16,3.9999999999999995e-18,5.323682959362508e-21,2.198230856524988e-18,1.7056411401233244e-17,2.014447246418028e-16,1.2041356713549254e-16,2.54011289174665e-17,3.6727478025090335e-12,3.672747802509034e-14,1.1031081551241196e-16,2.6112995045135857e-16
0.835268572933326,3.790334621014433e-17,2.680171313485448e-16,1.0347711444269925e-16,3.9999999999999995e-18,5.323682959362508e-21,2.1919089906207124e-18,1.7055015249788486e-17,2.0142823539698269e-16,1.197219711605052e-16,2.54011289174665e-17,3.630680064789324e-12,3.630680064789324e-14,1.1027319197027689e-16,2.607829684811293e-16
0.8400936553929168,3.7794340428812205e-17,2.6724634407685995e-16,1.0347711444269925e-16,3.9999999999999995e-18,5.323682959362508e-21,2.1856053056951957e-18,1.705363497755027e-17,2.0141193369351076e-16,1.1903434737074572e-16,2.54011289174665e-17,3.5890941719040516e-12,3.589094171904052e-14,1.1023577178863685e-16,2.6043941519113065e-16
0.8449466108283331,3.768564813590663e-17,2.664777735030975e-16,1.0347711444269925e-16,3.9999999999999995e-18,5.323682959362508e-21,2.17931974946198e-18,1.7052270405169985e-17,2.0139581741319046e-16,1.183506729519469e-16,2.54011289174665e-17,3.5479846047914257e-12,3.5479846047914256e-14,1.1019855393248516e-16,2.6009926006753937e-16
0.8498276002529453,3.7577268429869944e-17,2.6571141325228204e-16,1.0347711444269925e-16,3.9999999999999995e-18,5.323682959362508e-21,2.173052269784973e-18,1.70509213552965e-17,2.0137988446141653e-16,1.1767092522087502e-16,2.54011289174665e-17,3.5073459076050857e-12,3.507345907605086e-14,1.1016153737143459e-16,2.597624728052982e-16
0.8547367856102438,3.746920041173734e-17,2.649472569677725e-16,1.0347711444269925e-16,3.9999999999999995e-18,5.323682959362508e-21,2.1668028146780243e-18,1.704958765255456e-17,2.0136413276691974e-16,1.1699508162457813e-16,2.54011289174665e-17,3.4671726869900932e-12,3.467172686990093e-14,1.1012472107970314e-16,2.5942902330768814e-16
0.8596743297792189,3.7361443185129244e-17,2.641852983112081e-16,1.0347711444269925e-16,3.9999999999999995e-18,5.323682959362508e-21,2.160571332304486e-18,1.7048269123523375e-17,2.01348560281514e-16,1.163231197396367e-16,2.54011289174665e-17,3.427459611367089e-12,3.4274596113670894e-14,1.1008810403609972e-16,2.590988816858862e-16
0.8646403965797576,3.7253995856244063e-17,2.634255309624572e-16,1.0347711444269925e-16,3.9999999999999995e-18,5.323682959362508e-21,2.1543577709767903e-18,1.7046965596715443e-17,2.0133316497984653e-16,1.156550172714208e-16,2.54011289174665e-17,3.388201410224776e-12,3.388201410224776e-14,1.1005168522400975e-16,2.5877201825851184e-16
0.8696351507780861,3.714685753385059e-17,2.6266794861956344e-16,1.0347711444269925e-16,3.9999999999999995e-18,5.323682959362508e-21,2.1481620791560138e-18,1.7045676902555614e-17,2.013179448591501e-16,1.1499075205334938e-16,2.54011289174665e-17,3.3493928734203877e-12,3.349392873420388e-14,1.1001546363138079e-16,2.584484035511582e-16
0.8746587580922298,3.704002732928079e-17,2.6191254499869486e-16,1.0347711444269925e-16,3.9999999999999995e-18,5.323682959362508e-21,2.1419842054514557e-18,1.704440287336029e-17,2.013028979389979e-16,1.1433030204615562e-16,2.54011289174665e-17,3.3110288504882777e-12,3.3110288504882777e-14,1.0997943825070823e-16,2.5812800829591177e-16
0.879711385197518,3.693350435642223e-17,2.611593138340905e-16,1.0347711444269925e-16,3.9999999999999995e-18,5.323682959362508e-21,2.1358240986202065e-18,1.7043143343316944e-17,2.0128802226106125e-16,1.1367364533715498e-16,2.54011289174665e-17,3.2731042499563265e-12,3.273104249956327e-14,1.0994360807902084e-16,2.5781080343085813e-16
0.8847931997321071,3.682728773171095e-17,2.6040824887800964e-16,1.0347711444269925e-16,3.9999999999999995e-18,5.323682959362508e-21,2.1296817075667293e-18,1.7041898148463764e-17,2.0127331588886937e-16,1.1302076013951897e-16,2.54011289174665e-17,3.235614038670281e-12,3.235614038670281e-14,1.0990797211786644e-16,2.5749676009957583e-16
0.88990437030255,3.672137657412392e-17,2.596593439006786e-16,1.0347711444269925e-16,3.9999999999999995e-18,5.323682959362508e-21,2.1235569813424275e-18,1.7040667126669532e-17,2.012587769075717e-16,1.1237162479155146e-16,2.54011289174665e-17,3.1985532411257206e-12,3.198553241125721e-14,1.0987252937329738e-16,2.571858496506162e-16
0.8950450664893824,3.661577000517193e-17,2.589125926902406e-16,1.0347711444269925e-16,3.9999999999999995e-18,5.323682959362508e-21,2.1174498691452324e-18,1.7039450117613737e-17,2.0124440342370313e-16,1.1172621775597068e-16,2.54011289174665e-17,3.1619169388077998e-12,3.1619169388077996e-14,1.0983727885585624e-16,2.5687804363697226e-16
0.900215458852757,3.65104671488921e-17,2.5816798905270277e-16,1.0347711444269925e-16,3.9999999999999995e-18,5.323682959362508e-21,2.1113603203191712e-18,1.7038246962766843e-17,2.012301935649508e-16,1.1108451761919412e-16,2.54011289174665e-17,3.125700269538424e-12,3.125700269538424e-14,1.0980221958056132e-16,2.565733138155335e-16
0.9054157189380947,3.6405467131840833e-17,2.5742552681188624e-16,1.0347711444269925e-16,3.9999999999999995e-18,5.323682959362508e-21,2.105288284353956e-18,1.703705750537081e-17,2.01216145479924e-16,1.104465030906286e-16,2.54011289174665e-17,3.089898426831027e-12,3.0898984268310274e-14,1.0976735056689225e-16,2.562716321465294e-16
0.910646019281784,3.630076908308636e-17,2.5668519980937335e-16,1.0347711444269925e-16,3.9999999999999995e-18,5.323682959362508e-21,2.0992337108845566e-18,1.7035881590419776e-17,2.0120225733792622e-16,1.0981215300196321e-16,2.54011289174665e-17,3.054506659252623e-12,3.0545066592526235e-14,1.0973267083877542e-16,2.559729707929604e-16
0.9159065334168977,3.619637213420169e-17,2.5594700190445803e-16,1.0347711444269925e-16,3.9999999999999995e-18,5.323682959362508e-21,2.0931965496907932e-18,1.7034719064640957e-17,2.0118852732872934e-16,1.0918144630646773e-16,2.54011289174665e-17,3.0195202697932763e-12,3.0195202697932764e-14,1.0969817942456971e-16,2.556773021200167e-16
0.9211974358789579,3.609227541925727e-17,2.552109269740936e-16,1.0347711444269925e-16,3.9999999999999995e-18,5.323682959362508e-21,2.0871767506969067e-18,1.703356977647575e-17,2.011749536623509e-16,1.0855436207829355e-16,2.54011289174665e-17,2.984934615242682e-12,2.984934615242682e-14,1.0966387535705183e-16,2.5538459869448537e-16
0.9265189022117198,3.5988478074813923e-17,2.5447696891284313e-16,1.0347711444269925e-16,3.9999999999999995e-18,5.323682959362508e-21,2.0811742639711557e-18,1.7032433576060998e-17,2.0116153456883217e-16,1.079308795117802e-16,2.54011289174665e-17,2.9507451055740007e-12,2.9507451055740006e-14,1.0962975767340198e-16,2.5509483328414553e-16
0.9318711089730031,3.588497923991556e-17,2.537451216328277e-16,1.0347711444269925e-16,3.9999999999999995e-18,5.323682959362508e-21,2.075189039725393e-18,1.703131031521053e-17,2.011482682980205e-16,1.0731097792076423e-16,2.54011289174665e-17,2.916947203334641e-12,2.916947203334641e-14,1.0959582541518927e-16,2.5480797885715193e-16
0.937254233740542,3.578177805608218e-17,2.530153790636771e-16,1.0347711444269925e-16,3.9999999999999995e-18,5.323682959362508e-21,2.0692210283146602e-18,1.7030199847396766e-17,2.011351531193522e-16,1.0669463673789365e-16,2.54011289174665e-17,2.8835364230441205e-12,2.8835364230441204e-14,1.0956207762835734e-16,2.5452400858140707e-16
0.9426684551178854,3.5678873667302584e-17,2.52287735152478e-16,1.0347711444269925e-16,3.9999999999999995e-18,5.323682959362508e-21,2.0632701802367684e-18,1.7029102027732637e-17,2.011221873216387e-16,1.0608183551394481e-16,2.54011289174665e-17,2.850508330598731e-12,2.850508330598731e-14,1.0952851336320974e-16,2.542428958239221e-16
0.9481139527403144,3.557626522002747e-17,2.515621838637255e-16,1.0347711444269925e-16,3.9999999999999995e-18,5.323682959362508e-21,2.057336446131895e-18,1.7028016712953616e-17,2.0110936921285447e-16,1.0547255391714471e-16,2.54011289174665e-17,2.817858542683113e-12,2.8178585426831133e-14,1.0949513167439552e-16,2.5396461415016655e-16
0.9535909072808102,3.547395186316216e-17,2.508387191792712e-16,1.0347711444269925e-16,3.9999999999999995e-18,5.323682959362508e-21,2.051419776782168e-18,1.7026943761399963e-17,2.0109669711992736e-16,1.048667717324955e-16,2.54011289174665e-17,2.7855827261884783e-12,2.7855827261884782e-14,1.0946193162089468e-16,2.5368913732340678e-16
0.9590995004560408,3.5371932748059684e-17,2.5011733509827515e-16,1.0347711444269925e-16,3.9999999999999995e-18,5.323682959362508e-21,2.045520123111262e-18,1.7025883032999175e-17,2.0108416938853123e-16,1.0426446886110477e-16,2.54011289174665e-17,2.7536765976375884e-12,2.7536765976375885e-14,1.094289122660037e-16,2.534164393040343e-16
0.9646399150323979,3.527020702851364e-17,2.4939802563715426e-16,1.0347711444269925e-16,3.9999999999999995e-18,5.323682959362508e-21,2.039637436183989e-18,1.702483438924856e-17,2.0107178438288023e-16,1.0366562531951775e-16,2.54011289174665e-17,2.7221359226162315e-12,2.7221359226162314e-14,1.0939607267732096e-16,2.5314649424888266e-16
0.9702123348320528,3.516877386075128e-17,2.486807848295343e-16,1.0347711444269925e-16,3.9999999999999995e-18,5.323682959362508e-21,2.033771667205894e-18,1.7023797693198033e-17,2.0105954048552559e-16,1.0307022123905521e-16,2.54011289174665e-17,2.6909565152112938e-12,2.690956515211294e-14,1.0936341192673233e-16,2.528792765105343e-16
0.9758169447390634,3.506763240342638e-17,2.4796560672619906e-16,1.0347711444269925e-16,3.9999999999999995e-18,5.323682959362508e-21,2.0279227675228474e-18,1.7022772809433137e-17,2.0104743609715497e-16,1.0247823686515336e-16,2.54011289174665e-17,2.6601342374551855e-12,2.6601342374551855e-14,1.0933092909039654e-16,2.5261476063661717e-16
0.9814539307055006,3.496678181761242e-17,2.4725248539504214e-16,1.0347711444269925e-16,3.9999999999999995e-18,5.323682959362508e-21,2.0220906886206463e-18,1.7021759604058134e-17,2.0103546963639294e-16,1.018896525567092e-16,2.54011289174665e-17,2.6296649987767134e-12,2.6296649987767133e-14,1.0929862324873076e-16,2.5235292136909114e-16
0.9871234797576252,3.4866221266795437e-17,2.465414149210167e-16,1.0347711444269925e-16,3.9999999999999995e-18,5.323682959362508e-21,2.0162753821246062e-18,1.702075794467935e-17,2.0102363953960433e-16,1.013044487854282e-16,2.54011289174665e-17,2.59954475545816e-12,2.59954475545816e-14,1.0926649348639598e-16,2.520937336435242e-16
0.9928257800020858,3.4765949916867284e-17,2.4583238940608744e-16,1.0347711444269925e-16,3.9999999999999995e-18,5.323682959362508e-21,2.0104767997991658e-18,1.701976770038871e-17,2.010119442606993e-16,1.0072260613517704e-16,2.54011289174665e-17,2.5697695100986624e-12,2.5697695100986624e-14,1.092345388922826e-16,2.518371725883595e-16
0.9985610206321676,3.466596693611854e-17,2.451254029691807e-16,1.0347711444269925e-16,3.9999999999999995e-18,5.323682959362508e-21,2.0046948935474806e-18,1.7018788741747362e-17,2.0100038227094052e-16,1.0014410530133865e-16,2.54011289174665e-17,2.540335311083662e-12,2.5403353110836623e-14,1.0920275855949584e-16,2.515832135241721e-16
1.0043293919340615,3.456627149523176e-17,2.4442044974613643e-16,1.0347711444269925e-16,3.9999999999999995e-18,5.323682959362508e-21,1.9989296154110307e-18,1.701782094076956e-17,2.0098895205875253e-16,9.956892709017265e-17,2.54011289174665e-17,2.5112382520605036e-12,2.5112382520605037e-14,1.0917115158534122e-16,2.513318319629171e-16
1.010131085293186,3.4466862767274444e-17,2.437175238896589e-16,1.0347711444269925e-16,3.9999999999999995e-18,5.323682959362508e-21,1.993180917569216e-18,1.701686417090666e-17,2.009776521295328e-16,9.899705241817744e-17,2.54011289174665e-17,2.4824744714199617e-12,2.482474471419962e-14,1.0913971707131004e-16,2.510830036071679e-16
1.0159662932005278,3.4367739927692336e-17,2.4301661956926915e-16,1.0347711444269925e-16,3.9999999999999995e-18,5.323682959362508e-21,1.987448752338967e-18,1.701591830703133e-17,2.0096648100546498e-16,9.842846231145817e-17,2.54011289174665e-17,2.4540401517837956e-12,2.4540401517837955e-14,1.0910845412306498e-16,2.508367043493458e-16
1.0218352092590381,3.426890215430242e-17,2.4231773097125533e-16,1.0347711444269925e-16,3.9999999999999995e-18,5.323682959362508e-21,1.9817330721743407e-18,1.7014983225421877e-17,2.009554372253343e-16,9.786313790509613e-17,2.54011289174665e-17,2.425931519498081e-12,2.425931519498081e-14,1.0907736185042536e-16,2.5059291027094095e-16
1.0277380281900466,3.417034862728629e-17,2.416208522986257e-16,1.0347711444269925e-16,3.9999999999999995e-18,5.323682959362508e-21,1.9760338296661366e-18,1.7014058803746777e-17,2.009445193443444e-16,9.730106044252384e-17,2.54011289174665e-17,2.398144844132432e-12,2.398144844132432e-14,1.0904643936735286e-16,2.503515976417241e-16
1.0336749458397305,3.407207852918314e-17,2.409259777710597e-16,1.0347711444269925e-16,3.9999999999999995e-18,5.323682959362508e-21,1.9703509775414917e-18,1.7013144921049342e-17,2.0093372593393653e-16,9.674221127490191e-17,2.54011289174665e-17,2.370676437984878e-12,2.3706764379848778e-14,1.0901568579193684e-16,2.5011274291895055e-16
1.039646159185605,3.3974091044883176e-17,2.4023310162486053e-16,1.0347711444269925e-16,3.9999999999999995e-18,5.323682959362508e-21,1.9646844686634992e-18,1.7012241457732605e-17,2.0092305558161071e-16,9.618657186050095e-17,2.54011289174665e-17,2.343522655592492e-12,2.343522655592492e-14,1.0898510024637995e-16,2.498763227465555e-16
1.0456518663430654,3.3876385361620704e-17,2.395422181129069e-16,1.0347711444269925e-16,3.9999999999999995e-18,5.323682959362508e-21,1.9590342560308096e-18,1.7011348295544248e-17,2.009125068907483e-16,9.563412376408577e-17,2.54011289174665e-17,2.3166798932475446e-12,2.3166798932475447e-14,1.0895468185698358e-16,2.4964231395434133e-16
1.0516922665719535,3.37789606689675e-17,2.38853321504606e-16,1.0347711444269925e-16,3.9999999999999995e-18,5.323682959362508e-21,1.9534002927772474e-18,1.7010465317561847e-17,2.009020784804371e-16,9.508484865630445e-17,2.54011289174665e-17,2.2901445885192747e-12,2.2901445885192747e-14,1.0892442975413335e-16,2.4941069355715745e-16
1.057767560283176,3.368181615882601e-17,2.3816640608584504e-16,1.0347711444269925e-16,3.9999999999999995e-18,5.323682959362508e-21,1.9477825321714146e-18,1.700959240817814e-17,2.008917689852976e-16,9.453872831307939e-17,2.54011289174665e-17,2.263913219781067e-12,2.263913219781067e-14,1.0889434307228467e-16,2.491814387540717e-16
1.063877949045346,3.35849510254227e-17,2.3748146615894484e-16,1.0347711444269925e-16,3.9999999999999995e-18,5.323682959362508e-21,1.9421809276163116e-18,1.7008729453086517e-17,2.0088157705531175e-16,9.399574461500346e-17,2.54011289174665e-17,2.237982305743117e-12,2.2379823057431168e-14,1.0886442094994819e-16,2.4895452692753523e-16
1.0700236355914792,3.348836446530133e-17,2.3679849604261177e-16,1.0347711444269925e-16,3.9999999999999995e-18,5.323682959362508e-21,1.9365954326489438e-18,1.7007876339266645e-17,2.0087150135565322e-16,9.345587954673804e-17,2.54011289174665e-17,2.212348404990375e-12,2.212348404990375e-14,1.0883466252967542e-16,2.487299356425395e-16
1.076204823825711,3.3392055677316335e-17,2.3611749007189135e-16,1.0347711444269925e-16,3.9999999999999995e-18,5.323682959362508e-21,1.931026000939941e-18,1.7007032954970263e-17,2.008615405665191e-16,9.291911519641617e-17,2.54011289174665e-17,2.1870081155258575e-12,2.1870081155258574e-14,1.0880506695804415e-16,2.485076426457662e-16
1.0824217188300715,3.3296023862626116e-17,2.3543844259812026e-16,1.0347711444269925e-16,3.9999999999999995e-18,5.323682959362508e-21,1.925472586293168e-18,1.7006199189707104e-17,2.0085169338296436e-16,9.23854337550473e-17,2.54011289174665e-17,2.1619580743191123e-12,2.1619580743191122e-14,1.0877563338564407e-16,2.4828762586473076e-16
1.0886745268712799,3.3200268224686507e-17,2.347613479888809e-16,1.0347711444269925e-16,3.9999999999999995e-18,5.323682959362508e-21,1.9199351426453494e-18,1.7005374934230986e-17,2.008419585147371e-16,9.185481751592738e-17,2.54011289174665e-17,2.1371949568599358e-12,2.1371949568599358e-14,1.0874636096706227e-16,2.4806986340691885e-16
1.0949634554075978,3.310478796924406e-17,2.340862006279531e-16,1.0347711444269925e-16,3.9999999999999995e-18,5.323682959362508e-21,1.9144136240656768e-18,1.7004560080526037e-17,2.0083233468611602e-16,9.132724887405052e-17,2.54011289174665e-17,2.112715476717122e-12,2.112715476717122e-14,1.0871724886086883e-16,2.478543335589163e-16
1.1012887130957043,3.300958230432954e-17,2.334129949152688e-16,1.0347711444269925e-16,3.9999999999999995e-18,5.323682959362508e-21,1.9089079847554385e-18,1.700375452179309e-17,2.0082282063574957e-16,9.080271032552551e-17,2.54011289174665e-17,2.0885163851023346e-12,2.0885163851023346e-14,1.0868829622960231e-16,2.4764101478553296e-16
1.1076505097976217,3.2914650440251354e-17,2.3274172526686513e-16,1.0347711444269925e-16,3.9999999999999995e-18,5.323682959362508e-21,1.9034181790476332e-18,1.700295815243619e-17,2.0081341511649699e-16,9.028118446699488e-17,2.54011289174665e-17,2.0645944704389378e-12,2.0645944704389377e-14,1.0865950223975543e-16,2.4742988572892057e-16
1.1140490565876826,3.2819991589588896e-17,2.3207238611483766e-16,1.0347711444269925e-16,3.9999999999999995e-18,5.323682959362508e-21,1.897944161406591e-18,1.7002170868049258e-17,2.0080411689527047e-16,8.976265399505716e-17,2.54011289174665e-17,2.040946557935752e-12,2.040946557935752e-14,1.0863086606176056e-16,2.472209252076844e-16
1.1204845657595248,3.272560496718618e-17,2.314049719072951e-16,1.0347711444269925e-16,3.9999999999999995e-18,5.323682959362508e-21,1.8924858864276008e-18,1.7001392565402952e-17,2.007949247528798e-16,8.924710170569338e-17,2.54011289174665e-17,2.0175695091657464e-12,2.0175695091657466e-14,1.0860238686997537e-16,2.470141122159895e-16
1.1269572508331438,3.263148979014516e-17,2.3073947710831234e-16,1.0347711444269925e-16,3.9999999999999995e-18,5.323682959362508e-21,1.8870433088365263e-18,1.7000623142431537e-17,2.0078583748387792e-16,8.873451049369565e-17,2.54011289174665e-17,1.9944602216494897e-12,1.9944602216494898e-14,1.0857406384266836e-16,2.4680942592266125e-16
1.1334673265619677,3.25376452778194e-17,2.3007589619788546e-16,1.0347711444269925e-16,3.9999999999999995e-18,5.323682959362508e-21,1.881616383489439e-18,1.699986249822005e-17,2.0077685389640877e-16,8.822486335210027e-17,2.54011289174665e-17,1.9716156284434373e-12,1.9716156284434374e-14,1.0854589616200458e-16,2.4660684567028077e-16
1.1400150089399925,3.244407065180743e-17,2.2941422367188487e-16,1.0347711444269925e-16,3.9999999999999995e-18,5.323682959362508e-21,1.8762050653722353e-18,1.699911053299151e-17,2.0076797281205637e-16,8.771814337162271e-17,2.54011289174665e-17,1.949032697732869e-12,1.949032697732869e-14,1.0851788301403114e-16,2.4640635097427513e-16
1.1466005152089382,3.235076513594646e-17,2.2875445404201087e-16,1.0347711444269925e-16,3.9999999999999995e-18,5.323682959362508e-21,1.8708093096002705e-18,1.6998367148094253e-17,2.0075919306569541e-16,8.721433374009743e-17,2.54011289174665e-17,1.9267084324295584e-12,1.9267084324295585e-14,1.0849002358866297e-16,2.4620792152200253e-16
1.153224063865466,3.225772795630578e-17,2.2809658183574694e-16,1.0347711444269925e-16,3.9999999999999995e-18,5.323682959362508e-21,1.86542907141798e-18,1.699763224598949e-17,2.007505135053442e-16,8.671341774191932e-17,2.54011289174665e-17,1.9046398697739785e-12,1.9046398697739784e-14,1.0846231707966832e-16,2.4601153717183317e-16
1.159885874668419,3.216495834118049e-17,2.274406015963153e-16,1.0347711444269925e-16,3.9999999999999995e-18,5.323682959362508e-21,1.860064306198514e-18,1.6996905730238915e-17,2.0074193299201815e-16,8.621537875748971e-17,2.54011289174665e-17,1.8828240809421353e-12,1.8828240809421355e-14,1.0843476268465456e-16,2.4581717795222495e-16
1.166586168646122,3.207245552108496e-17,2.2678650788263104e-16,1.0347711444269925e-16,3.9999999999999995e-18,5.323682959362508e-21,1.8547149694433625e-18,1.6996187505492464e-17,2.0073345039958552e-16,8.572020026266443e-17,2.54011289174665e-17,1.8612581706568363e-12,1.8612581706568363e-14,1.0840735960505381e-16,2.4562482406079537e-16
1.173325168103706,3.198021872874657e-17,2.261342952692573e-16,1.0347711444269925e-16,3.9999999999999995e-18,5.323682959362508e-21,1.84938101678199e-18,1.6995477477476246e-17,2.0072506461462462e-16,8.522786582820608e-17,2.54011289174665e-17,1.8399392768034746e-12,1.8399392768034745e-14,1.0838010704610856e-16,2.4543445586338905e-16
1.1801030966304933,3.188824719909924e-17,2.2548395834636003e-16,1.0347711444269925e-16,3.9999999999999995e-18,5.323682959362508e-21,1.8440624039714623e-18,1.6994775552980558e-17,2.0071677453628244e-16,8.473835911923837e-17,2.54011289174665e-17,1.818864570050156e-12,1.818864570050156e-14,1.083530042168575e-16,2.452460538931411e-16
1.186920179107406,3.179654016927719e-17,2.248354917196635e-16,1.0347711444269925e-16,3.9999999999999995e-18,5.323682959362508e-21,1.838759086896088e-18,1.6994081639848066e-17,2.007085790761348e-16,8.425166389470482e-17,2.54011289174665e-17,1.798031253472233e-12,1.798031253472233e-14,1.0832605033012113e-16,2.4505959884953724e-16
1.1937766417144369,3.1705096878608493e-17,2.241888900104051e-16,1.0347711444269925e-16,3.9999999999999995e-18,5.323682959362508e-21,1.8334710215670433e-18,1.6993395646962062e-17,2.0070047715804805e-16,8.376776400682916e-17,2.54011289174665e-17,1.7774365621810835e-12,1.7774365621810836e-14,1.0829924460248755e-16,2.4487507159746966e-16
1.2006727119381448,3.1613916568608897e-17,2.2354414785529104e-16,1.0347711444269925e-16,3.9999999999999995e-18,5.323682959362508e-21,1.8281981641220135e-18,1.6992717484234914e-17,2.0069246771804223e-16,8.328664340058034e-17,2.54011289174665e-17,1.7570777629571962e-12,1.7570777629571962e-14,1.0827258625429819e-16,2.446924531662899e-16
1.207608618579211,3.1522998482975404e-17,2.2290125990645155e-16,1.0347711444269925e-16,3.9999999999999995e-18,5.323682959362508e-21,1.8229404708248253e-18,1.6992047062596594e-17,2.0068454970415594e-16,8.280828611313914e-17,2.54011289174665e-17,1.7369521538874056e-12,1.7369521538874056e-14,1.0824607450963358e-16,2.445117247488585e-16
1.2145845917600209,3.1432341867580113e-17,2.2226022083139727e-16,1.0347711444269925e-16,3.9999999999999995e-18,5.323682959362508e-21,1.8176978980650884e-18,1.6991384293983332e-17,2.0067672207631211e-16,8.233267627336913e-17,2.54011289174665e-17,1.7170570640063354e-12,1.7170570640063354e-14,1.0821970859629916e-16,2.4433286770059105e-16
1.2216008629323094,3.134194597046385e-17,2.2162102531297376e-16,1.0347711444269925e-16,3.9999999999999995e-18,5.323682959362508e-21,1.8124704023578274e-18,1.6990729091326433e-17,2.0066898380618605e-16,8.185979810128961e-17,2.54011289174665e-17,1.6973898529418947e-12,1.6973898529418947e-14,1.0819348774581098e-16,2.4415586353850246e-16
1.2286576648848295,3.125181004183007e-17,2.2098366804931883e-16,1.0347711444269925e-16,3.9999999999999995e-18,5.323682959362508e-21,1.807257940343129e-18,1.699008136854115e-17,2.0066133387707398e-16,8.138963590755255e-17,2.54011289174665e-17,1.6779479105648893e-12,1.6779479105648892e-14,1.0816741119338167e-16,2.439806939402472e-16
1.235755231751087,3.116193333403847e-17,2.203481437538172e-16,1.0347711444269925e-16,3.9999999999999995e-18,5.323682959362508e-21,1.802060468785774e-18,1.698944104051574e-17,2.006537712837638e-16,8.09221740929215e-17,2.54011289174665e-17,1.658728656642589e-12,1.6587286566425892e-14,1.0814147817790608e-16,2.438073407431579e-16
1.242893799017097,3.1072315101598956e-17,2.197144471550579e-16,1.0347711444269925e-16,3.9999999999999995e-18,5.323682959362508e-21,1.7968779445748874e-18,1.6988808023100617e-17,2.0064629503240687e-16,8.045739714775455e-17,2.54011289174665e-17,1.6397295404963247e-12,1.6397295404963247e-14,1.0811568794194731e-16,2.436357859432816e-16
1.2500736035292084,3.098295460116532e-17,2.1908257299678943e-16,1.0347711444269925e-16,3.9999999999999995e-18,5.323682959362508e-21,1.791710324723571e-18,1.6988182233097587e-17,2.0063890414039106e-16,7.999528965148929e-17,2.54011289174665e-17,1.620948040662945e-12,1.620948040662945e-14,1.080900397317225e-16,2.43466011694413e-16
1.2572948835019515,3.089385109152919e-17,2.1845251603787712e-16,1.0347711444269925e-16,3.9999999999999995e-18,5.323682959362508e-21,1.7865575663685575e-18,1.698756358824926e-17,2.0063159763621552e-16,7.953583627213161e-17,2.54011289174665e-17,1.6023816645602075e-12,1.6023816645602075e-14,1.0806453279708869e-16,2.43298000307127e-16
1.2645578785259517,3.080500383361376e-17,2.1782427105225883e-16,1.0347711444269925e-16,3.9999999999999995e-18,5.323682959362508e-21,1.7814196267698447e-18,1.698695200722854e-17,2.0062437455936677e-16,7.907902176574654e-17,2.54011289174665e-17,1.5840279481559528e-12,1.584027948155953e-14,1.0803916639152875e-16,2.4313173424780816e-16
1.2718628295758687,3.0716412090467793e-17,2.1719783282890232e-16,1.0347711444269925e-16,3.9999999999999995e-18,5.323682959362508e-21,1.7762964633103494e-18,1.6986347409628228e-17,2.0061723396019569e-16,7.8624830975953e-17,2.54011289174665e-17,1.5658844556411138e-12,1.565884455641114e-14,1.0801393977213734e-16,2.4296719613767927e-16
1.2792099790184013,3.0628075127259386e-17,2.1657319617176142e-16,1.0347711444269925e-16,3.9999999999999995e-18,5.323682959362508e-21,1.7711880334955482e-18,1.6985749715950765e-17,2.0061017489979636e-16,7.817324883342042e-17,2.54011289174665e-17,1.547948779106425e-12,1.5479487791064252e-14,1.079888521996068e-16,2.4280436875182776e-16
1.2865995706203193,3.053999221126998e-17,2.159503558997335e-16,1.0347711444269925e-16,3.9999999999999995e-18,5.323682959362508e-21,1.766094294953129e-18,1.6985158847598046e-17,2.0060319644988607e-16,7.772426035536927e-17,2.54011289174665e-17,1.5302185382228806e-12,1.5302185382228806e-14,1.0796390293821314e-16,2.426432350182318e-16
1.2940318495565613,3.0452162611888185e-17,2.1532930684661582e-16,1.0347711444269925e-16,3.9999999999999995e-18,5.323682959362508e-21,1.7610152054326352e-18,1.698457472686139e-17,2.0059629769268647e-16,7.727785064507338e-17,2.54011289174665e-17,1.512691379925806e-12,1.5126913799258062e-14,1.0793909125580202e-16,2.4248377801678397e-16
1.3015070624183582,3.036458560060381e-17,2.1471004386106351e-16,1.0347711444269925e-16,3.9999999999999995e-18,5.323682959362508e-21,1.7559507228051222e-18,1.6983997276911586e-17,2.0058947772080635e-16,7.683400489136636e-17,2.54011289174665e-17,1.495364978102596e-12,1.495364978102596e-14,1.0791441642377478e-16,2.4232598097831494e-16
1.3090254572214268,3.0277260451001735e-17,2.1409256180654593e-16,1.0347711444269925e-16,3.9999999999999995e-18,5.323682959362508e-21,1.750900805062797e-18,1.6983426421789062e-17,2.0058273563712516e-16,7.639270836814949e-17,2.54011289174665e-17,1.4782370332839796e-12,1.4782370332839797e-14,1.0788987771707442e-16,2.4216982728361534e-16
1.316587283414186,3.019018643875598e-17,2.13476855561305e-16,1.0347711444269925e-16,3.9999999999999995e-18,5.323682959362508e-21,1.745865410318683e-18,1.698286208639415e-17,2.0057607055467851e-16,7.59539464339038e-17,2.54011289174665e-17,1.4613052723388726e-12,1.4613052723388725e-14,1.0786547441417167e-16,2.4201530046245797e-16
1.3241927918860452,3.010336284162359e-17,2.1286292001831174e-16,1.0347711444269925e-16,3.9999999999999995e-18,5.323682959362508e-21,1.7408444968062614e-18,1.698230419647748e-17,2.0056948159654417e-16,7.551770453120364e-17,2.54011289174665e-17,1.4445674481726733e-12,1.4445674481726735e-14,1.0784120579705107e-16,2.418623841926183e-16
1.331842234975717,3.0016788939438744e-17,2.1225075008522494e-16,1.0347711444269925e-16,3.9999999999999995e-18,5.323682959362508e-21,1.7358380228791314e-18,1.698175267863045e-17,2.0056296789573008e-16,7.508396818623435e-17,2.54011289174665e-17,1.4280213394290661e-12,1.4280213394290663e-14,1.0781707115119706e-16,2.417110622988956e-16
1.3395358664796004,2.993046401410671e-17,2.1164034068434787e-16,1.0347711444269925e-16,3.9999999999999995e-18,5.323682959362508e-21,1.7308459470106605e-18,1.698120746027582e-17,2.0055652859506277e-16,7.465272300831138e-17,2.54011289174665e-17,1.4116647501951902e-12,1.4116647501951902e-14,1.0779306976558008e-16,2.4156131875213316e-16
1.3472739416601907,2.9844387349597943e-17,2.110316867525872e-16,1.0347711444269925e-16,3.9999999999999995e-18,5.323682959362508e-21,1.7258682277936455e-18,1.6980668469658402e-17,2.005501628470777e-16,7.422395468940348e-17,2.54011289174665e-17,1.395495509710233e-12,1.395495509710233e-14,1.0776920093264272e-16,2.414131376682384e-16
1.3550567172545591,2.975855823194207e-17,2.1042478324140994e-16,1.0347711444269925e-16,3.9999999999999995e-18,5.323682959362508e-21,1.7209048239399616e-18,1.6980135635835865e-17,2.0054386981391052e-16,7.379764900365727e-17,2.54011289174665e-17,1.379511472077311e-12,1.3795114720773111e-14,1.0774546394828584e-16,2.412665033072035e-16
1.3628844514828602,2.9672975949222094e-17,2.0981962511680273e-16,1.0347711444269925e-16,3.9999999999999995e-18,5.323682959362508e-21,1.7159556942802282e-18,1.69796088886696e-17,2.005376486671893e-16,7.337379180692607e-17,2.54011289174665e-17,1.3637105159787108e-12,1.3637105159787108e-14,1.0772185811185485e-16,2.411214000721256e-16
1.3707574040569108,2.9587639791568315e-17,2.0921620735922887e-16,1.0347711444269925e-16,3.9999999999999995e-18,5.323682959362508e-21,1.711020797763459e-18,1.6979088158815738e-17,2.0053149858792843e-16,7.295236903629975e-17,2.54011289174665e-17,1.3480905443943239e-12,1.3480905443943239e-14,1.0769838272612581e-16,2.409778125082275e-16
1.3786758361887947,2.9502549051152645e-17,2.0861452496358778e-16,1.0347711444269925e-16,3.9999999999999995e-18,5.323682959362508e-21,1.7061000934567302e-18,1.6978573377716243e-17,2.0052541876642323e-16,7.253336670963898e-17,2.54011289174665e-17,1.3326494843233713e-12,1.3326494843233713e-14,1.0767503709729171e-16,2.408357253018793e-16
1.3866400105995413,2.941770302218252e-17,2.0801457293917254e-16,1.0347711444269925e-16,3.9999999999999995e-18,5.323682959362508e-21,1.7011935405448322e-18,1.6978064477590083e-17,2.0051940840214595e-16,7.211677092511056e-17,2.54011289174665e-17,1.3173852865092622e-12,1.3173852865092622e-14,1.0765182053494871e-16,2.406951232796195e-16
1.39465019152783,2.933310100089526e-17,2.0741634630962947e-16,1.0347711444269925e-16,3.9999999999999995e-18,5.323682959362508e-21,1.6963010983299388e-18,1.6977561391424526e-17,2.0051346670364284e-16,7.17025678607269e-17,2.54011289174665e-17,1.302295925167649e-12,1.302295925167649e-14,1.0762873235208245e-16,2.4055599140717816e-16
1.40270664473877,2.924874228555205e-17,2.0681984011291576e-16,1.0347711444269925e-16,3.9999999999999995e-18,5.323682959362508e-21,1.6914227262312635e-18,1.6977064052966535e-17,2.0050759288843242e-16,7.129074377388673e-17,2.54011289174665e-17,1.2873793977175522e-12,1.2873793977175523e-14,1.0760577186505433e-16,2.404183147884997e-16
1.4108096375327053,2.916462617643225e-17,2.0622504940125936e-16,1.0347711444269925e-16,3.9999999999999995e-18,5.323682959362508e-21,1.686558383784728e-18,1.6976572396714224e-17,2.005017861829048e-16,7.088128500091977e-17,2.54011289174665e-17,1.2726337245156128e-12,1.2726337245156129e-14,1.0758293839358783e-16,2.4028207866476757e-16
1.4189594387540954,2.908075197582749e-17,2.0563196924111706e-16,1.0347711444269925e-16,3.9999999999999995e-18,5.323682959362508e-21,1.6817080306426222e-18,1.6976086357908434e-17,2.0049604582222193e-16,7.047417795663285e-17,2.54011289174665e-17,1.2580569485933417e-12,1.2580569485933417e-14,1.0756023126075489e-16,2.4014726841342916e-16
1.4271563188004233,2.899711898803598e-17,2.050405947131344e-16,1.0347711444269925e-16,3.9999999999999995e-18,5.323682959362508e-21,1.6768716265732732e-18,1.6975605872524405e-17,2.0049037105021958e-16,7.006940913385972e-17,2.54011289174665e-17,1.2436471353974214e-12,1.2436471353974215e-14,1.0753764979296226e-16,2.40013869547223e-16
1.4354005496311788,2.891372651935664e-17,2.0445092091210394e-16,1.0347711444269925e-16,3.9999999999999995e-18,5.323682959362508e-21,1.6720491314607078e-18,1.6975130877263514e-17,2.0048476111930945e-16,6.966696510301229e-17,2.54011289174665e-17,1.2294023725329429e-12,1.229402372532943e-14,1.0751519331993793e-16,2.3988186771320615e-16
1.4436924047768698,2.8830573878083456e-17,2.0386294294692553e-16,1.0347711444269925e-16,3.9999999999999995e-18,5.323682959362508e-21,1.6672405053043246e-18,1.6974661309545144e-17,2.0047921529038315e-16,6.926683251163569e-17,2.54011289174665e-17,1.2153207695096228e-12,1.2153207695096228e-14,1.0749286117471757e-16,2.3975124869178376e-16
1.4520321593481094,2.8747660374499624e-17,2.0327665594056488e-16,1.0347711444269925e-16,3.9999999999999995e-18,5.323682959362508e-21,1.6624457082185562e-18,1.69741971074986e-17,2.0047373283271695e-16,6.886899808396464e-17,2.54011289174665e-17,1.2014004574908864e-12,1.2014004574908864e-14,1.0747065269363098e-16,2.3962199839574014e-16
1.4604200900447313,2.8664985320871937e-17,2.026920550300139e-16,1.0347711444269925e-16,3.9999999999999995e-18,5.323682959362508e-21,1.6576647004325453e-18,1.6973738209955124e-17,2.0046831302387736e-16,6.847344862048365e-17,2.54011289174665e-17,1.1876395890458656e-12,1.1876395890458656e-14,1.0744856721628857e-16,2.3949410286927124e-16
1.4688564751649835,2.8582548031444983e-17,2.0210913536624953e-16,1.0347711444269925e-16,3.9999999999999995e-18,5.323682959362508e-21,1.652897442289807e-18,1.6973284556440047e-17,2.004629551496283e-16,6.80801709974883e-17,2.54011289174665e-17,1.1740363379041991e-12,1.1740363379041991e-14,1.0742660408556782e-16,2.3936754828701914e-16
1.4773415946147481,2.850034782243557e-17,2.0152789211419444e-16,1.0347711444269925e-16,3.9999999999999995e-18,5.323682959362508e-21,1.648143894247908e-18,1.6972836087164937e-17,2.004576585038387e-16,6.768915216665065e-17,2.54011289174665e-17,1.160588898713678e-12,1.160588898713678e-14,1.0740476264759997e-16,2.3924232095310845e-16
1.4858757299168417,2.841838401202691e-17,2.0094832045267592e-16,1.0347711444269925e-16,3.9999999999999995e-18,5.323682959362508e-21,1.6434040168781315e-18,1.697239274301992e-17,2.0045242238839133e-16,6.730037915458556e-17,2.54011289174665e-17,1.1472954868006277e-12,1.1472954868006277e-14,1.0738304225175642e-16,2.391184073001844e-16
1.4944591642203426,2.8336655920363124e-17,2.0037041557438692e-16,1.0347711444269925e-16,3.9999999999999995e-18,5.323682959362508e-21,1.6386777708651559e-18,1.6971954465566037e-17,2.0044724611309298e-16,6.691383906242087e-17,2.54011289174665e-17,1.1341543379330788e-12,1.1341543379330787e-14,1.0736144225063544e-16,2.389957938884538e-16
1.5030921823099983,2.8255162869543454e-17,1.9979417268584523e-16,1.0347711444269925e-16,3.9999999999999995e-18,5.323682959362508e-21,1.6339651170067232e-18,1.697152119702769e-17,2.004421289955851e-16,6.652951906536892e-17,2.54011289174665e-17,1.1211637080866045e-12,1.1211637080866045e-14,1.0733996200004872e-16,2.388744674047272e-16
1.5117750706156614,2.817390418361677e-17,1.9921958700735458e-16,1.0347711444269925e-16,3.9999999999999995e-18,5.323682959362508e-21,1.62926601621332e-18,1.69710928802852e-17,2.004370703612557e-16,6.614740641230154e-17,2.54011289174665e-17,1.1083218732128833e-12,1.1083218732128834e-14,1.0731860085900811e-16,2.3875441466146436e-16
1.5205081172218058,2.8092879188575833e-17,1.9864665377296406e-16,1.0347711444269925e-16,3.9999999999999995e-18,5.323682959362508e-21,1.6245804295078462e-18,1.6970669458867403e-17,2.0043206954315224e-16,6.576748842532644e-17,2.54011289174665e-17,1.0956271290108734e-12,1.0956271290108734e-14,1.0729735818971218e-16,2.3863562259582137e-16
1.5292916118770712,2.8012087212351853e-17,1.9807536823042968e-16,1.0347711444269925e-16,3.9999999999999995e-18,5.323682959362508e-21,1.6199083180252997e-18,1.6970250876944374e-17,2.004271258818954e-16,6.53897524993672e-17,2.54011289174665e-17,1.0830777907006471e-12,1.0830777907006472e-14,1.0727623335753304e-16,2.385180782687009e-16
1.5381258460038907,2.793152758480876e-17,1.9750572564117385e-16,1.0347711444269925e-16,3.9999999999999995e-18,5.323682959362508e-21,1.6152496430124456e-18,1.696983707932018e-17,2.0042223872559375e-16,6.50141861017444e-17,2.54011289174665e-17,1.0706721927997736e-12,1.0706721927997736e-14,1.0725522573100301e-16,2.3840176886380444e-16
1.547011112708146,2.7851199637737784e-17,1.9693772128024704e-16,1.0347711444269925e-16,3.9999999999999995e-18,5.323682959362508e-21,1.6106043658275026e-18,1.6969428011425772e-17,2.0041740742975959e-16,6.464077677176044e-17,2.54011289174665e-17,1.0584086889023056e-12,1.0584086889023056e-14,1.0723433468180144e-16,2.3828668168668794e-16
1.5559477067889054,2.7771102704851786e-17,1.9637135043628769e-16,1.0347711444269925e-16,3.9999999999999995e-18,5.323682959362508e-21,1.6059724479398153e-18,1.696902361931192e-17,2.0041263135722558e-16,6.426951212028551e-17,2.54011289174665e-17,1.0462856514602588e-12,1.0462856514602589e-14,1.0721355958474145e-16,2.3817280416381984e-16
1.564935924748191,2.7691236121779857e-17,1.958066084114841e-16,1.0347711444269925e-16,3.9999999999999995e-18,5.323682959362508e-21,1.6013538509295423e-18,1.69686238496422e-17,2.0040790987806194e-16,6.390037982934712e-17,2.54011289174665e-17,1.03430147156763e-12,1.03430147156763e-14,1.0719289981775679e-16,2.3806012384164167e-16
1.5739760648008312,2.7611599226061683e-17,1.9524349052153444e-16,1.0347711444269925e-16,3.9999999999999995e-18,5.323682959362508e-21,1.596748536487329e-18,1.6968228649686133e-17,2.0040324236949548e-16,6.353336765172083e-17,2.54011289174665e-17,1.0224545587468535e-12,1.0224545587468536e-14,1.071723547618887e-16,2.3794862838563235e-16
1.5830684268843394,2.7532191357142174e-17,1.9468199209560885e-16,1.0347711444269925e-16,3.9999999999999995e-18,5.323682959362508e-21,1.592156466413998e-18,1.6967837967312334e-17,2.0039862821582855e-16,6.316846341052452e-17,2.54011289174665e-17,1.0107433407377377e-12,1.0107433407377377e-14,1.0715192380127279e-16,2.3783830557937524e-16
1.5922133126688802,2.7453011856365862e-17,1.941221084763099e-16,1.0347711444269925e-16,3.9999999999999995e-18,5.323682959362508e-21,1.5875776026202255e-18,1.6967451750981773e-17,2.0039406680835942e-16,6.280565499881371e-17,2.54011289174665e-17,9.991662632887887e-13,9.991662632887888e-15,1.0713160632312596e-16,2.37729143323628e-16
1.6014110255672667,2.737406006697154e-17,1.9356383501963453e-16,1.0347711444269925e-16,3.9999999999999995e-18,5.323682959362508e-21,1.5830119071262301e-18,1.6967069949741073e-17,2.0038955754530331e-16,6.24449303791805e-17,2.54011289174665e-17,9.87721789950949e-13,9.877217899509491e-15,1.0711140171773332e-16,2.3762112963539593e-16
1.6106618707450313,2.7295335334086778e-17,1.9300716709493538e-16,1.0347711444269925e-16,3.9999999999999995e-18,5.323682959362508e-21,1.5784593420614564e-18,1.6966692513215937e-17,2.0038509983171475e-16,6.208627758335385e-17,2.54011289174665e-17,9.764084018736868e-13,9.764084018736869e-15,1.0709130937843521e-16,2.3751425264700892e-16
1.6199661551305566,2.7216837004722436e-17,1.9245210008488197e-16,1.0347711444269925e-16,3.9999999999999995e-18,5.323682959362508e-21,1.5739198696642578e-18,1.6966319391604608e-17,2.003806930794101e-16,6.172968471180238e-17,2.54011289174665e-17,9.6522459760341e-13,9.652245976034101e-15,1.0707132870161417e-16,2.3740850060520114e-16
1.6293241874252469,2.7138564427767357e-17,1.9189862938542317e-16,1.0347711444269925e-16,3.9999999999999995e-18,5.323682959362508e-21,1.5693934522815897e-18,1.6965950535671407e-17,2.003763367068913e-16,6.137513993334e-17,2.54011289174665e-17,9.541688928842203e-13,9.541688928842203e-15,1.0705145908668203e-16,2.3730386187019453e-16
1.6387362781137829,2.706051695398286e-17,1.9134675040574818e-16,1.0347711444269925e-16,3.9999999999999995e-18,5.323682959362508e-21,1.5648800523686899e-18,1.6965585896740338e-17,2.0037203013927082e-16,6.102263148473282e-17,2.54011289174665e-17,9.432398204609129e-13,9.432398204609129e-15,1.0703169993606694e-16,2.3720032491478584e-16
1.6482027394744114,2.6982693935997438e-17,1.9079645856824924e-16,1.0347711444269925e-16,3.9999999999999995e-18,5.323682959362508e-21,1.5603796324887736e-18,1.6965225426688807e-17,2.0036777280819669e-16,6.06721476703094e-17,2.54011289174665e-17,9.324359298842641e-13,9.324359298842641e-15,1.0701205065520047e-16,2.3709787832343706e-16
1.6577238855893177,2.6905094728301317e-17,1.9024774930848292e-16,1.0347711444269925e-16,3.9999999999999995e-18,5.323682959362508e-21,1.5558921553127177e-18,1.696486907794134e-17,2.003635641517788e-16,6.032367686157228e-17,2.54011289174665e-17,9.217557873185222e-13,9.217557873185222e-15,1.0699251065250476e-16,2.3699651079136952e-16
1.6673000323550344,2.6827718687241173e-17,1.8970061807513296e-16,1.0347711444269925e-16,3.9999999999999995e-18,5.323682959362508e-21,1.5514175836187554e-18,1.6964516803463436e-17,2.0035940361451625e-16,5.997720749681245e-17,2.54011289174665e-17,9.111979753511313e-13,9.111979753511313e-15,1.0697307933937972e-16,2.36896211123662e-16
1.6769314974929352,2.675056517101472e-17,1.8915506032997187e-16,1.0347711444269925e-16,3.9999999999999995e-18,5.323682959362508e-21,1.5469558802921636e-18,1.6964168556755438e-17,2.0035529064722497e-16,5.963272808072549e-17,2.54011289174665e-17,9.007610928046026e-13,9.007610928046025e-15,1.0695375613019013e-16,2.367969682343523e-16
1.686618600559763,2.6673633539665465e-17,1.8861107154782384e-16,1.0347711444269925e-16,3.9999999999999995e-18,5.323682959362508e-21,1.5425070083249592e-18,1.6963824291846512e-17,2.0035122470696647e-16,5.929022718403055e-17,2.54011289174665e-17,8.904437545505746e-13,8.904437545505747e-15,1.06934540442253e-16,2.366987711455425e-16
1.696361662958245,2.6596923155077312e-17,1.8806864721652674e-16,1.0347711444269925e-16,3.9999999999999995e-18,5.323682959362508e-21,1.5380709308155877e-18,1.6963483963288668e-17,2.0034720525697726e-16,5.894969344309065e-17,2.54011289174665e-17,8.802445913259714e-13,8.802445913259714e-15,1.0691543169582474e-16,2.3660160898650843e-16
1.7061610079477447,2.6520433380969364e-17,1.8752778283689517e-16,1.0347711444269925e-16,3.9999999999999995e-18,5.323682959362508e-21,1.5336476109686215e-18,1.6963147526150865e-17,2.0034323176659932e-16,5.861111555953618e-17,2.54011289174665e-17,8.701622495512936e-13,8.701622495512935e-15,1.0689642931408846e-16,2.3650547099281335e-16
1.7160169606549989,2.6444163582890547e-17,1.8698847392268255e-16,1.0347711444269925e-16,3.9999999999999995e-18,5.323682959362508e-21,1.5292370120944504e-18,1.6962814936013148e-17,2.0033930371121094e-16,5.827448229988956e-17,2.54011289174665e-17,8.601953911509656e-13,8.601953911509657e-15,1.0687753272314136e-16,2.364103465054249e-16
1.7259298480848917,2.636811312821445e-17,1.8645071600054465e-16,1.0347711444269925e-16,3.9999999999999995e-18,5.323682959362508e-21,1.5248390976089815e-18,1.696248614896089e-17,2.0033542057215845e-16,5.793978249519293e-17,2.54011289174665e-17,8.503426933757684e-13,8.503426933757684e-15,1.0685874135198202e-16,2.3631622496983633e-16
1.7358999991313184,2.6292281386133964e-17,1.8591450461000166e-16,1.0347711444269925e-16,3.9999999999999995e-18,5.323682959362508e-21,1.5204538310333314e-18,1.6962161121579104e-17,2.0033158183668912e-16,5.760700504063722e-17,2.54011289174665e-17,8.406028486272748e-13,8.406028486272748e-15,1.0684005463249784e-16,2.362230959351927e-16
1.7459277445880836,2.6216667727656176e-17,1.8537983530340197e-16,1.0347711444269925e-16,3.9999999999999995e-18,5.323682959362508e-21,1.516081175993528e-18,1.6961839810946755e-17,2.0032778699788421e-16,5.727613889519407e-17,2.54011289174665e-17,8.309745642843272e-13,8.309745642843272e-15,1.0682147199945246e-16,2.3613094905341994e-16
1.7560134171598893,2.614127152559703e-17,1.8484670364588462e-16,1.0347711444269925e-16,3.9999999999999995e-18,5.323682959362508e-21,1.5117210962202053e-18,1.6961522174631197e-17,2.00324035554593e-16,5.694717308124916e-17,2.54011289174665e-17,8.214565625314742e-13,8.214565625314743e-15,1.0680299289047319e-16,2.360397740783588e-16
1.7661573514733608,2.606609215457622e-17,1.8431510521534313e-16,1.0347711444269925e-16,3.9999999999999995e-18,5.323682959362508e-21,1.507373555548305e-18,1.696120817068266e-17,2.0032032701136776e-16,5.662009668423835e-17,2.54011289174665e-17,8.120475801893976e-13,8.120475801893977e-15,1.0678461674603855e-16,2.359495608649033e-16
1.776359884088163,2.5991128991011935e-17,1.8378503560238807e-16,1.0347711444269925e-16,3.9999999999999995e-18,5.323682959362508e-21,1.503038517916774e-18,1.6960897757628784e-17,2.0031666087839916e-16,5.629489885228509e-17,2.54011289174665e-17,8.027463685472587e-13,8.027463685472587e-15,1.0676634300946576e-16,2.358602993681427e-16
1.7866213535081519,2.5916381413115748e-17,1.8325649041031144e-16,1.0347711444269925e-16,3.9999999999999995e-18,5.323682959362508e-21,1.4987159473682686e-18,1.6960590894469207e-17,2.003130366714526e-16,5.597156879584096e-17,2.54011289174665e-17,7.935516931969866e-13,7.935516931969866e-15,1.0674817112689832e-16,2.357719796425089e-16
1.7969421001926207,2.5841848800887384e-17,1.8272946525504922e-16,1.0347711444269925e-16,3.9999999999999995e-18,5.323682959362508e-21,1.494405808048852e-18,1.6960287540670244e-17,2.00309453911805e-16,5.565009578732706e-17,2.54011289174665e-17,7.84462333869444e-13,7.84462333869444e-15,1.067301005472936e-16,2.356845918409269e-16
1.807322466567581,2.5767530536109666e-17,1.822039557651458e-16,1.0347711444269925e-16,3.9999999999999995e-18,5.323682959362508e-21,1.4901080642077025e-18,1.6959987656159618e-17,2.003059121261828e-16,5.533046916077868e-17,2.54011289174665e-17,7.754770842724892e-13,7.754770842724892e-15,1.0671213072241047e-16,2.3559812621397106e-16
1.8177627970371386,2.5693426002343295e-17,1.816799575817171e-16,1.0347711444269925e-16,3.9999999999999995e-18,5.323682959362508e-21,1.4858226801968103e-18,1.695969120132121e-17,2.0030241084669987e-16,5.501267831149088e-17,2.54011289174665e-17,7.665947519308731e-13,7.665947519308732e-15,1.0669426110679697e-16,2.355125731090245e-16
1.8282634379949054,2.561953458492183e-17,1.8115746635841506e-16,1.0347711444269925e-16,3.9999999999999995e-18,5.323682959362508e-21,1.4815496204706883e-18,1.6959398136989915e-17,2.0029894961079677e-16,5.469671269566714e-17,2.54011289174665e-17,7.578141580279913e-13,7.578141580279913e-15,1.0667649115777797e-16,2.354279229694442e-16
1.8388247378355072,2.5545855670946486e-17,1.8063647776139082e-16,1.0347711444269925e-16,3.9999999999999995e-18,5.323682959362508e-21,1.477288849586072e-18,1.6959108424446542e-17,2.0029552796118052e-16,5.438256183006906e-17,2.54011289174665e-17,7.491341372494257e-13,7.491341372494256e-15,1.0665882033544298e-16,2.353441663337297e-16
1.849447046966128,2.5472388649281166e-17,1.8011698746925955e-16,1.0347711444269925e-16,3.9999999999999995e-18,5.323682959362508e-21,1.4730403322016294e-18,1.695882202541276e-17,2.0029214544576504e-16,5.4070215291669e-17,2.54011289174665e-17,7.405535376283026e-13,7.405535376283026e-15,1.0664124810263384e-16,2.3526129383469715e-16
1.8601307178181505,2.5399132910547275e-17,1.795989911730639e-16,1.0347711444269925e-16,3.9999999999999995e-18,5.323682959362508e-21,1.4688040330776642e-18,1.6958538902046117e-17,2.0028880161761203e-16,5.375966271730382e-17,2.54011289174665e-17,7.320712203923974e-13,7.320712203923974e-15,1.0662377392493254e-16,2.3517929619865707e-16
1.8708761048588352,2.5326087847118777e-17,1.7908248457623897e-16,1.0347711444269925e-16,3.9999999999999995e-18,5.323682959362508e-21,1.4645799170758288e-18,1.695825901693509e-17,2.0028549603487267e-16,5.3450893803331457e-17,2.54011289174665e-17,7.236860598130144e-13,7.236860598130144e-15,1.0660639727064907e-16,2.350981642445976e-16
1.8816835646030947,2.525325285311705e-17,1.7856746339457593e-16,1.0347711444269925e-16,3.9999999999999995e-18,5.323682959362508e-21,1.4603679491588254e-18,1.6957982333094217e-17,2.0028222826073039e-16,5.3143898305288693e-17,2.54011289174665e-17,7.153969430555742e-13,7.153969430555743e-15,1.0658911761080933e-16,2.350178888833719e-16
1.8925534556253083,2.5180627324405955e-17,1.7805392335618721e-16,1.0347711444269925e-16,3.9999999999999995e-18,5.323682959362508e-21,1.4561680943901238e-18,1.695770881395928e-17,2.0027899786334342e-16,5.283866603755165e-17,2.54011289174665e-17,7.072027700319367e-13,7.0720277003193675e-15,1.0657193441914291e-16,2.3493846111689043e-16
1.9034861385712336,2.510821065858674e-17,1.7754186020147035e-16,1.0347711444269925e-16,3.9999999999999995e-18,5.323682959362508e-21,1.4519803179336633e-18,1.695743842338251e-17,2.0027580441578863e-16,5.253518687299741e-17,2.54011289174665e-17,6.991024532543904e-13,6.991024532543904e-15,1.0655484717207118e-16,2.348598720373177e-16
1.9144819761699576,2.503600225499313e-17,1.770312696830734e-16,1.0347711444269925e-16,3.9999999999999995e-18,5.323682959362508e-21,1.4478045850535717e-18,1.695717112562791e-17,2.0027264749600599e-16,5.2233450742668435e-17,2.54011289174665e-17,6.910949176913387e-13,6.910949176913387e-15,1.0653785534869519e-16,2.3478211282627435e-16
1.9255413332459455,2.496400151468625e-17,1.7652214756585893e-16,1.0347711444269925e-16,3.9999999999999995e-18,5.323682959362508e-21,1.4436408611138693e-18,1.6956906885366537e-17,2.0026952668674314e-16,5.1933447635438113e-17,2.54011289174665e-17,6.831791006246163e-13,6.831791006246163e-15,1.0652095843078363e-16,2.3470517475404303e-16
1.9366645767311306,2.489220784044975e-17,1.7601448962686966e-16,1.0347711444269925e-16,3.9999999999999995e-18,5.323682959362508e-21,1.4394891115781894e-18,1.6956645667671926e-17,2.0026644157550117e-16,5.1635167597679013e-17,2.54011289174665e-17,6.753539515084614e-13,6.753539515084614e-15,1.0650415590276103e-16,2.346290491787799e-16
1.9478520756771038,2.482062063678477e-17,1.7550829165529275e-16,1.0347711444269925e-16,3.9999999999999995e-18,5.323682959362508e-21,1.435349302009485e-18,1.6956387438015543e-17,2.0026339175448072e-16,5.133860073293216e-17,2.54011289174665e-17,6.676184318300825e-13,6.676184318300825e-15,1.0648744725169565e-16,2.345537275457308e-16
1.959104201267343,2.474923930990507e-17,1.7500354945242548e-16,1.0347711444269925e-16,3.9999999999999995e-18,5.323682959362508e-21,1.4312213980697487e-18,1.6956132162262234e-17,2.0026037682052872e-16,5.104373720157921e-17,2.54011289174665e-17,6.599715149718422e-13,6.5997151497184216e-15,1.0647083196728777e-16,2.344792013864518e-16
1.9704213268295425,2.4678063267732047e-17,1.745002588316398e-16,1.0347711444269925e-16,3.9999999999999995e-18,5.323682959362508e-21,1.427105365519723e-18,1.6955879806665798e-17,2.0025739637508565e-16,5.0750567220515476e-17,2.54011289174665e-17,6.524121860750003e-13,6.524121860750004e-15,1.0645430954185774e-16,2.344054623180348e-16
1.981803827847986,2.4607091919889878e-17,1.7399841561834833e-16,1.0347711444269925e-16,3.9999999999999995e-18,5.323682959362508e-21,1.423001170218621e-18,1.6955630337864562e-17,2.0025445002413356e-16,5.0459081062825805e-17,2.54011289174665e-17,6.449394419050367e-13,6.449394419050367e-15,1.0643787947033418e-16,2.343325020423384e-16
1.9932520819760178,2.4536324677700554e-17,1.734980156499689e-16,1.0347711444269925e-16,3.9999999999999995e-18,5.323682959362508e-21,1.4189087781238378e-18,1.695538372287703e-17,2.0025153737814448e-16,5.016926905746143e-17,2.54011289174665e-17,6.375522907184983e-13,6.375522907184983e-15,1.0642154125024226e-16,2.3426031234522285e-16
2.004766469048559,2.446576095417909e-17,1.729990547758909e-16,1.0347711444269925e-16,3.9999999999999995e-18,5.323682959362508e-21,1.4148281552906756e-18,1.695513992909758e-17,2.0024865805202977e-16,4.98811215889195e-17,2.54011289174665e-17,,,1.0640529438169189e-16,2.341888850957907e-16
2.0163473710947257,2.4395400164028543e-17,1.7250152885743996e-16,1.0347711444269925e-16,3.9999999999999995e-18,5.323682959362508e-21,1.410759267872053e-18,1.695489892429218e-17,2.0024581166508943e-16,4.9594629096923653e-17,2.54011289174665e-17,,,1.0638913836736606e-16,2.341182122456317e-16
2.0279951723504857,2.4325241723635285e-17,1.7200543376784452e-16,1.0347711444269925e-16,3.9999999999999995e-18,5.323682959362508e-21,1.4067020821182327e-18,1.6954660676594186e-17,2.0024299784096257e-16,4.930978207610724e-17,2.54011289174665e-17,,,1.0637307271250917e-16,2.3404828582807295e-16
2.039710259271425,2.425528505106404e-17,1.7151076539220075e-16,1.0347711444269925e-16,3.9999999999999995e-18,5.323682959362508e-21,1.4026565643765356e-18,1.6954425154500188e-17,2.0024021620757808e-16,4.9026571075697547e-17,2.54011289174665e-17,,,1.0635709692491539e-16,2.3397909795743374e-16
2.051493020545555,2.418552956605315e-17,1.7101751962743918e-16,1.0347711444269925e-16,3.9999999999999995e-18,5.323682959362508e-21,1.398622681091066e-18,1.6954192326865865e-17,2.0023746639710615e-16,4.874498669920258e-17,2.54011289174665e-17,,,1.0634121051491707e-16,2.3391064082828583e-16
2.0633438471062204,2.411597469000969e-17,1.7052569238229e-16,1.0347711444269925e-16,3.9999999999999995e-18,5.323682959362508e-21,1.394600398802428e-18,1.6953962162901938e-17,2.0023474804590997e-16,4.846501960409899e-17,2.54011289174665e-17,,,1.0632541299537315e-16,2.338429067147178e-16
2.075263132145057,2.404661984600475e-17,1.700352795772497e-16,1.0347711444269925e-16,3.9999999999999995e-18,5.323682959362508e-21,1.3905896841474554e-18,1.6953734632170115e-17,2.0023206079449806e-16,4.818666050152246e-17,2.54011289174665e-17,,,1.0630970388165769e-16,2.337758879696051e-16
2.0872512711250546,2.3977464458768546e-17,1.695462771445467e-16,1.0347711444269925e-16,3.9999999999999995e-18,5.323682959362508e-21,1.3865905038589267e-18,1.695350970457913e-17,2.0022940428747764e-16,4.790990015595906e-17,2.54011289174665e-17,,,1.062940826916484e-16,2.3370957702388476e-16
2.099308661793656,2.3908507954685763e-17,1.6905868102810816e-16,1.0347711444269925e-16,3.9999999999999995e-18,5.323682959362508e-21,1.3826028247652963e-18,1.695328735038079e-17,2.0022677817350771e-16,4.763472938493936e-17,2.54011289174665e-17,,,1.0627854894571505e-16,2.33643966385835e-16
2.111435704195976,2.3839749761790688e-17,1.6857248718352576e-16,1.0347711444269925e-16,3.9999999999999995e-18,5.323682959362508e-21,1.3786266137904137e-18,1.695306754016609e-17,2.0022418210525328e-16,4.7361139058733256e-17,2.54011289174665e-17,,,1.0626310216670825e-16,2.335790486403599e-16
2.123632800688054,2.3771189309762563e-17,1.6808769157802274e-16,1.0347711444269925e-16,3.9999999999999995e-18,5.323682959362508e-21,1.3746618379532544e-18,1.695285024486137e-17,2.0022161573933987e-16,4.70891201000475e-17,2.54011289174665e-17,,,1.0624774187994796e-16,2.335148164482789e-16
2.1359003559502217,2.3702826029920766e-17,1.6760429019041987e-16,1.0347711444269925e-16,3.9999999999999995e-18,5.323682959362508e-21,1.370708464367641e-18,1.6952635435724492e-17,2.0021907873630848e-16,4.681866348372412e-17,2.54011289174665e-17,,,1.0623246761321214e-16,2.3345126254562145e-16
2.1482387770005134,2.363465935522018e-17,1.6712227901110266e-16,1.0347711444269925e-16,3.9999999999999995e-18,5.323682959362508e-21,1.366766460241975e-18,1.6952423084341072e-17,2.0021657076057115e-16,4.65497602364414e-17,2.54011289174665e-17,,,1.0621727889672553e-16,2.3338837974292643e-16
2.1606484732081848,2.3566688720246402e-17,1.666416540419875e-16,1.0347711444269925e-16,3.9999999999999995e-18,5.323682959362508e-21,1.3628357928789613e-18,1.6952213162620803e-17,2.0021409148036726e-16,4.6282401436415754e-17,2.54011289174665e-17,,,1.0620217526314829e-16,2.3332616092454684e-16
2.173129856307282,2.349891356121114e-17,1.661624112964892e-16,1.0347711444269925e-16,3.9999999999999995e-18,5.323682959362508e-21,1.3589164296753406e-18,1.69520056427937e-17,2.0021164056771953e-16,4.6016578213106075e-17,2.54011289174665e-17,,,1.0618715624756485e-16,2.332645990479586e-16
2.185683340410314,2.3431333315947458e-17,1.6568454679948718e-16,1.0347711444269925e-16,3.9999999999999995e-18,5.323682959362508e-21,1.3550083381216144e-18,1.6951800497406543e-17,2.0020921769839166e-16,4.575228174691911e-17,2.54011289174665e-17,,,1.0617222138747266e-16,2.3320368714307574e-16
2.1983093420219824,2.3363947423905177e-17,1.652080565872932e-16,1.0347711444269925e-16,3.9999999999999995e-18,5.323682959362508e-21,1.3511114858017805e-18,1.6951597699319216e-17,2.002068225518454e-16,4.548950326891712e-17,2.54011289174665e-17,,,1.0615737022277108e-16,2.3314341831156935e-16
2.2110082800530098,2.3296755326146168e-17,1.6473293670761775e-16,1.0347711444269925e-16,3.9999999999999995e-18,5.323682959362508e-21,1.3472258403930587e-18,1.6951397221701192e-17,2.0020445481119885e-16,4.5228234060526653e-17,2.54011289174665e-17,,,1.061426022957502e-16,2.3308378572619167e-16
2.2237805758340263,2.3229756465339787e-17,1.6425918321953808e-16,1.0347711444269925e-16,3.9999999999999995e-18,5.323682959362508e-21,1.3433513696656287e-18,1.6951199038027997e-17,2.0020211416318463e-16,4.496846545324964e-17,2.54011289174665e-17,,,1.0612791715107987e-16,2.330247826301056e-16
2.2366266531295644,2.3162950285758163e-17,1.6378679219346476e-16,1.0347711444269925e-16,3.9999999999999995e-18,5.323682959362508e-21,1.3394880414823562e-18,1.6951003122077724e-17,2.001998002981091e-16,4.471018882837535e-17,2.54011289174665e-17,,,1.061133143357985e-16,2.3296640233621894e-16
2.2495469381521023,2.309633623327168e-17,1.6331575971110968e-16,1.0347711444269925e-16,3.9999999999999995e-18,5.323682959362508e-21,1.3356358237985327e-18,1.695080944792763e-17,2.0019751290981162e-16,4.445339561669486e-17,2.54011289174665e-17,,,1.0609879339930222e-16,2.329086382265233e-16
2.2625418595762206,2.3029913755344297e-17,1.62846081865453e-16,1.0347711444269925e-16,3.9999999999999995e-18,5.323682959362508e-21,1.331794684661604e-18,1.695061798995069e-17,2.0019525169562427e-16,4.419807729821637e-17,2.54011289174665e-17,,,1.0608435389333374e-16,2.3285148375143805e-16
2.275611848552809,2.2963682301029044e-17,1.6237775476071137e-16,1.0347711444269925e-16,3.9999999999999995e-18,5.323682959362508e-21,1.3279645922109109e-18,1.6950428722812282e-17,2.0019301635633264e-16,4.394422540188288e-17,2.54011289174665e-17,,,1.0606999537197157e-16,2.3279493242915983e-16
2.288757338723389,2.289764132096337e-17,1.6191077451230495e-16,1.0347711444269925e-16,3.9999999999999995e-18,5.323682959362508e-21,1.3241455146774182e-18,1.695024162146683e-17,2.0019080659613583e-16,4.3691831505290763e-17,2.54011289174665e-17,,,1.0605571739161904e-16,2.3273897784501556e-16
2.3019787662344817,2.283179026736468e-17,1.614451372468258e-16,1.0347711444269925e-16,3.9999999999999995e-18,5.323682959362508e-21,1.320337420383459e-18,1.6950056661154543e-17,2.0018862212260846e-16,4.344088723441071e-17,2.54011289174665e-17,,,1.0604151951099345e-16,2.326836136508222e-16
2.3152765697520996,2.2766128594025684e-17,1.6098083910200522e-16,1.0347711444269925e-16,3.9999999999999995e-18,5.323682959362508e-21,1.3165402777424636e-18,1.694987381739814e-17,2.001864626466616e-16,4.319138426330949e-17,2.54011289174665e-17,,,1.0602740129111526e-16,2.326288335642495e-16
2.328651190476282,2.2700655756309965e-17,1.6051787622668212e-16,1.0347711444269925e-16,3.9999999999999995e-18,5.323682959362508e-21,1.3127540552587051e-18,1.6949693065999678e-17,2.0018432788250538e-16,4.294331431387406e-17,2.54011289174665e-17,,,1.0601336229529731e-16,2.325746313681892e-16
2.342103072155742,2.2635371211147418e-17,1.6005624478077096e-16,1.0347711444269925e-16,3.9999999999999995e-18,5.323682959362508e-21,1.3089787215270337e-18,1.6949514383037314e-17,2.0018221754761113e-16,4.2696669155536774e-17,2.54011289174665e-17,,,1.0599940208913406e-16,2.3252100091012845e-16
2.3556326611025953,2.257027441702971e-17,1.595959409352296e-16,1.0347711444269925e-16,3.9999999999999995e-18,5.323682959362508e-21,1.3052142452326165e-18,1.6949337744862242e-17,2.0018013136267446e-16,4.245144060500215e-17,2.54011289174665e-17,,,1.0598552024049088e-16,2.3246793610152744e-16
2.369240406207152,2.250536483400588e-17,1.5913696087202816e-16,1.0347711444269925e-16,3.9999999999999995e-18,5.323682959362508e-21,1.3014605951506798e-18,1.6949163128095536e-17,2.0017806905157867e-16,4.2207620525975705e-17,2.54011289174665e-17,,,1.059717163194934e-16,2.3241543091720357e-16
2.382926758952829,2.2440641923677746e-17,1.5867930078411665e-16,1.0347711444269925e-16,3.9999999999999995e-18,5.323682959362508e-21,1.2977177401462472e-18,1.694899050962509e-17,2.0017603034135826e-16,4.19652008288936e-17,2.54011289174665e-17,,,1.0595798989851686e-16,2.3236347939471847e-16
2.3966921734311115,2.2376105149195554e-17,1.5822295687539398e-16,1.0347711444269925e-16,3.9999999999999995e-18,5.323682959362508e-21,1.2939856491738856e-18,1.694881986660259e-17,2.0017401496216327e-16,4.1724173470654644e-17,2.54011289174665e-17,,,1.0594434055217548e-16,2.3231207563377144e-16
2.410537106356637,2.2311753975253418e-17,1.5776792536067598e-16,1.0347711444269925e-16,3.9999999999999995e-18,5.323682959362508e-21,1.2902642912774418e-18,1.694865117644053e-17,2.0017202264722391e-16,4.148453045435306e-17,2.54011289174665e-17,,,1.0593076785731195e-16,2.3226121379559683e-16
2.424462017082328,2.224758786808499e-17,1.573142024656646e-16,1.0347711444269925e-16,3.9999999999999995e-18,5.323682959362508e-21,1.2865536355897925e-18,1.69484844168092e-17,2.0017005313281532e-16,4.124626382901353e-17,2.54011289174665e-17,,,1.059172713929869e-16,2.3221088810236646e-16
2.4384673676146558,2.2183606295458906e-17,1.568617844269158e-16,1.0347711444269925e-16,3.9999999999999995e-18,5.323682959362508e-21,1.2828536513325813e-18,1.6948319565633807e-17,2.0016810615822301e-16,4.1009365689327e-17,2.54011289174665e-17,,,1.0590385074046836e-16,2.321610928365968e-16
2.452553622628945,2.211980872667451e-17,1.5641066749180917e-16,1.0347711444269925e-16,3.9999999999999995e-18,5.323682959362508e-21,1.2791643078159701e-18,1.694815660109154e-17,2.0016618146570877e-16,4.0773828175388825e-17,2.54011289174665e-17,,,1.0589050548322141e-16,2.321118223405611e-16
2.466721249484813,2.2056194632557326e-17,1.5596084791851617e-16,1.0347711444269925e-16,3.9999999999999995e-18,5.323682959362508e-21,1.2754855744383791e-18,1.6947995501608704e-17,2.0016427880047655e-16,4.053964347243755e-17,2.54011289174665e-17,,,1.0587723520689765e-16,2.3206307101570575e-16
2.480970718241657,2.1992763485454765e-17,1.5551232197596955e-16,1.0347711444269925e-16,3.9999999999999995e-18,5.323682959362508e-21,1.2718174206862369e-18,1.6947836245857908e-17,2.0016239791063917e-16,4.030680381059604e-17,2.54011289174665e-17,,,1.0586403949932493e-16,2.3201483332207206e-16
2.4953025016742676,2.1929514759231668e-17,1.550650859438319e-16,1.0347711444269925e-16,3.9999999999999995e-18,5.323682959362508e-21,1.2681598161337235e-18,1.694767881275524e-17,2.0016053854718515e-16,4.00753014646133e-17,2.54011289174665e-17,,,1.0585091795049695e-16,2.3196710377772233e-16
2.5097170752884965,2.1866447929266026e-17,1.5461913611246547e-16,1.0347711444269925e-16,3.9999999999999995e-18,5.323682959362508e-21,1.264512730442523e-18,1.6947523181457517e-17,2.0015870046394603e-16,3.9845128753608544e-17,2.54011289174665e-17,,,1.0583787015256297e-16,2.319198769581705e-16
2.5242149173370523,2.1803562472444538e-17,1.541744687829006e-16,1.0347711444269925e-16,3.9999999999999995e-18,5.323682959362508e-21,1.260876133361566e-18,1.6947369331359514e-17,2.0015688341756396e-16,3.961627804081598e-17,2.54011289174665e-17,,,1.0582489569981758e-16,2.3187314749581794e-16
2.5387965088353486,2.1740857867158366e-17,1.537310802668058e-16,1.0347711444269925e-16,3.9999999999999995e-18,5.323682959362508e-21,1.257249994726785e-18,1.6947217242091296e-17,2.0015508716745973e-16,3.9388741733331806e-17,2.54011289174665e-17,,,1.0581199418869044e-16,2.318269100793935e-16
2.5534623335774818,2.167833359329871e-17,1.5328896688645654e-16,1.0347711444269925e-16,3.9999999999999995e-18,5.323682959362508e-21,1.253634284460858e-18,1.694706689351551e-17,2.0015331147580118e-16,3.916251228186195e-17,2.54011289174665e-17,,,1.057991652177361e-16,2.3178115945339846e-16
2.5682128781522646,2.16159891322526e-17,1.5284812497470527e-16,1.0347711444269925e-16,3.9999999999999995e-18,5.323682959362508e-21,1.2500289725729645e-18,1.694691826572474e-17,2.0015155610747182e-16,3.8937582180471873e-17,2.54011289174665e-17,,,1.0578640838762387e-16,2.3173589041755566e-16
2.58304863195939,2.1553823966898482e-17,1.524085508749505e-16,1.0347711444269925e-16,3.9999999999999995e-18,5.323682959362508e-21,1.246434029158532e-18,1.6946771339038902e-17,2.0014982083004005e-16,3.8713943966337285e-17,2.54011289174665e-17,,,1.057737233011277e-16,2.3169109782626397e-16
2.5979700872256473,2.1491837581602038e-17,1.519702409411069e-16,1.0347711444269925e-16,3.9999999999999995e-18,5.323682959362508e-21,1.2428494243989926e-18,1.694662609400265e-17,2.0014810541372863e-16,3.8491590219496813e-17,2.54011289174665e-17,,,1.0576110956311606e-16,2.316467765880569e-16
2.6129777390212747,2.143002946221181e-17,1.5153319153757474e-16,1.0347711444269925e-16,3.9999999999999995e-18,5.323682959362508e-21,1.2392751285615306e-18,1.694648251138283e-17,2.001464096313842e-16,3.8270513562605516e-17,2.54011289174665e-17,,,1.0574856678054196e-16,2.316029216650653e-16
2.628072085276365,2.1368399096055026e-17,1.5109739903921002e-16,1.0347711444269925e-16,3.9999999999999995e-18,5.323682959362508e-21,1.2357111119988414e-18,1.6946340572165905e-17,2.0014473325844755e-16,3.8050706660690447e-17,2.54011289174665e-17,,,1.0573609456243295e-16,2.315595280724857e-16
2.643253626797405,2.1306945971933264e-17,1.5066285983129403e-16,1.0347711444269925e-16,3.9999999999999995e-18,5.323682959362508e-21,1.2321573451488796e-18,1.6946200257555514e-17,2.001430760729243e-16,3.7832162220906924e-17,2.54011289174665e-17,,,1.0572369251988109e-16,2.3151659087805236e-16
2.6585228672838728,2.1245669580118285e-17,1.5022957030950389e-16,1.0347711444269925e-16,3.9999999999999995e-18,5.323682959362508e-21,1.2286137985346206e-18,1.694606154896997e-17,2.0014143785535536e-16,3.761487299229695e-17,2.54011289174665e-17,,,1.057113602660331e-16,2.3147410520151387e-16
2.6738803133449696,2.1184569412347732e-17,1.4979752687988195e-16,1.0347711444269925e-16,3.9999999999999995e-18,5.323682959362508e-21,1.2250804427638084e-18,1.6945924428039806e-17,2.0013981838878818e-16,3.7398831765548263e-17,2.54011289174665e-17,,,1.0569909741608041e-16,2.3143206621411474e-16
2.6893264745164056,2.112364496182101e-17,1.4936672595880686e-16,1.0347711444269925e-16,3.9999999999999995e-18,5.323682959362508e-21,1.2215572485287197e-18,1.694578887660536e-17,2.0013821745874823e-16,3.718403137275551e-17,2.54011289174665e-17,,,1.0568690358724937e-16,2.313904691380807e-16
2.7048618632773307,2.1062895723194962e-17,1.4893716397296286e-16,1.0347711444269925e-16,3.9999999999999995e-18,5.323682959362508e-21,1.2180441866059137e-18,1.694565487671443e-17,2.0013663485321086e-16,3.6970464687182054e-17,2.54011289174665e-17,,,1.0567477839879136e-16,2.3134930924610923e-16
2.7204869950673127,2.1002321192579795e-17,1.485088373593111e-16,1.0347711444269925e-16,3.9999999999999995e-18,5.323682959362508e-21,1.2145412278559952e-18,1.6945522410619824e-17,2.0013507036257308e-16,3.675812462302387e-17,2.54011289174665e-17,,,1.056627214719731e-16,2.313085818608638e-16
2.736202388303462,2.0941920867534805e-17,1.4808174256505927e-16,1.0347711444269925e-16,3.9999999999999995e-18,5.323682959362508e-21,1.2110483432233689e-18,1.6945391460777117e-17,2.0013352377962633e-16,3.654700413517415e-17,2.54011289174665e-17,,,1.056507324300668e-16,2.3126828235447293e-16
2.7520085643976087,2.0881694247064295e-17,1.4765587604763282e-16,1.0347711444269925e-16,3.9999999999999995e-18,5.323682959362508e-21,1.2075655037360024e-18,1.6945262009842284e-17,2.0013199489952904e-16,3.633709621898984e-17,2.54011289174665e-17,,,1.0563881089834056e-16,2.3122840614803357e-16
2.7679060477736277,2.082164083161332e-17,1.4723123427464484e-16,1.0347711444269925e-16,3.9999999999999995e-18,5.323682959362508e-21,1.2040926805051806e-18,1.6945134040669428e-17,2.001304835197797e-16,3.612839391005892e-17,2.54011289174665e-17,,,1.0562695650404864e-16,2.311889487111186e-16
2.7838953658848116,2.076176012306366e-17,1.4680781372386764e-16,1.0347711444269925e-16,3.9999999999999995e-18,5.323682959362508e-21,1.2006298447252723e-18,1.6945007536308533e-17,2.0012898944019008e-16,3.59208902839697e-17,2.54011289174665e-17,,,1.0561516887642189e-16,2.3114990556128887e-16
2.799977049231396,2.070205162472957e-17,1.4638561088320263e-16,1.0347711444269925e-16,3.9999999999999995e-18,5.323682959362508e-21,1.1971769676734852e-18,1.6944882480003226e-17,2.0012751246285914e-16,3.5714578456080694e-17,2.54011289174665e-17,,,1.0560344764665803e-16,2.311112722636095e-16
2.8161516313781365,2.0642514841353772e-17,1.45964622250652e-16,1.0347711444269925e-16,3.9999999999999995e-18,5.323682959362508e-21,1.193734020709633e-18,1.6944758855188563e-17,2.001260523921465e-16,3.550945158129256e-17,2.54011289174665e-17,,,1.055917924479123e-16,2.310730444301701e-16
2.832419648972036,2.058314927910324e-17,1.45544844334289e-16,1.0347711444269925e-16,3.9999999999999995e-18,5.323682959362508e-21,1.1903009752758932e-18,1.6944636645488862e-17,2.0012460903464736e-16,3.5305502853820685e-17,2.54011289174665e-17,,,1.055802029152877e-16,2.3103521771961013e-16
2.8487816417601257,2.0523954445565203e-17,1.4512627365222943e-16,1.0347711444269925e-16,3.9999999999999995e-18,5.323682959362508e-21,1.1868778028965745e-18,1.6944515834715533e-17,2.0012318219916632e-16,3.5102725506969635e-17,2.54011289174665e-17,,,1.0556867868582571e-16,2.309977878366474e-16
2.865238152607396,2.0464929849742974e-17,1.4470890673260248e-16,1.0347711444269925e-16,3.9999999999999995e-18,5.323682959362508e-21,1.1834644751778762e-18,1.6944396406864964e-17,2.001217716966927e-16,3.490111281290841e-17,2.54011289174665e-17,,,1.0555721939849674e-16,2.3096075053161146e-16
2.881789727514785,2.0406075002051953e-17,1.4429274011352226e-16,1.0347711444269925e-16,3.9999999999999995e-18,5.323682959362508e-21,1.1800609638076577e-18,1.6944278346116385e-17,2.0012037734037532e-16,3.470065808244747e-17,2.54011289174665e-17,,,1.0554582469419076e-16,2.309241015999809e-16
2.8984369156373178,2.0347389414315498e-17,1.4387777034305861e-16,1.0347711444269925e-16,3.9999999999999995e-18,5.323682959362508e-21,1.176667240555198e-18,1.6944161636829806e-17,2.0011899894549817e-16,3.450135466481653e-17,2.54011289174665e-17,,,1.0553449421570786e-16,2.3088783688192495e-16
2.9151802693023026,2.028887259976094e-17,1.43463993979209e-16,1.0347711444269925e-16,3.9999999999999995e-18,5.323682959362508e-21,1.1732832772709672e-18,1.6944046263543952e-17,2.0011763632945584e-16,3.430319594744419e-17,2.54011289174665e-17,,,1.0552322760774903e-16,2.308519522618492e-16
2.932020344027679,2.0230524073015484e-17,1.4305140758986942e-16,1.0347711444269925e-16,3.9999999999999995e-18,5.323682959362508e-21,1.169909045886388e-18,1.6943932210974222e-17,2.001162893117296e-16,3.410617535573825e-17,2.54011289174665e-17,,,1.0551202451690678e-16,2.308164436679451e-16
2.948957698540427,2.0172343350102242e-17,1.4264000775280654e-16,1.0347711444269925e-16,3.9999999999999995e-18,5.323682959362508e-21,1.1665445184136074e-18,1.694381946401067e-17,2.001149577138634e-16,3.391028635286784e-17,2.54011289174665e-17,,,1.0550088459165587e-16,2.3078130707174377e-16
2.9659928947951273,2.0114329948436155e-17,1.4222979105562863e-16,1.0347711444269925e-16,3.9999999999999995e-18,5.323682959362508e-21,1.1631896669452598e-18,1.6943708007716033e-17,2.0011364135944074e-16,3.37155224395463e-17,2.54011289174665e-17,,,1.0548980748234416e-16,2.3074653848767445e-16
2.9831264979925827,2.0056483386820064e-17,1.41820754095758e-16,1.0347711444269925e-16,3.9999999999999995e-18,5.323682959362508e-21,1.1598444636542409e-18,1.6943597827323732e-17,2.0011234007406093e-16,3.352187715381577e-17,2.54011289174665e-17,,,1.0547879284118333e-16,2.3071213397262554e-16
3.000359076598594,1.999880318544064e-17,1.4141289348040204e-16,1.0347711444269925e-16,3.9999999999999995e-18,5.323682959362508e-21,1.1565088807934714e-18,1.694348890823596e-17,2.0011105368531663e-16,3.332934407083255e-17,2.54011289174665e-17,,,1.0546784032223978e-16,2.3067808962551105e-16
3.017691202362798,1.994128886586448e-17,1.4100620582652573e-16,1.0347711444269925e-16,3.9999999999999995e-18,5.323682959362508e-21,1.1531828906956716e-18,1.6943381236021726e-17,2.0010978202277068e-16,3.3137916802654226e-17,2.54011289174665e-17,,,1.0545694958142553e-16,2.3064440158684034e-16
3.0351234503376596,1.9883939951034068e-17,1.4060068776082296e-16,1.0347711444269925e-16,3.9999999999999995e-18,5.323682959362508e-21,1.1498664657731277e-18,1.6943274796414974e-17,2.0010852491793375e-16,3.294758899802739e-17,2.54011289174665e-17,,,1.054461202764891e-16,2.3061106603829174e-16
3.0526563988975277,1.9826755965263884e-17,1.4019633591968926e-16,1.0347711444269925e-16,3.9999999999999995e-18,5.323682959362508e-21,1.146559578517468e-18,1.6943169575312707e-17,2.001072822042424e-16,3.2758354342177256e-17,2.54011289174665e-17,,,1.0543535206700647e-16,2.3057807920229063e-16
3.07029062975785,1.9769736434236394e-17,1.397931469491931e-16,1.0347711444269925e-16,3.9999999999999995e-18,5.323682959362508e-21,1.1432622014994284e-18,1.6943065558773087e-17,2.0010605371703674e-16,3.2570206556597833e-17,2.54011289174665e-17,,,1.0542464461437207e-16,2.3054543734159067e-16
3.088026727994447,1.9712880884998185e-17,1.3939111750504886e-16,1.0347711444269925e-16,3.9999999999999995e-18,5.323682959362508e-21,1.139974307368631e-18,1.694296273301365e-17,2.0010483929353882e-16,3.2383139398843904e-17,2.54011289174665e-17,,,1.0541399758178988e-16,2.305131367588595e-16
3.1058652820629518,1.965618884595596e-17,1.3899024425258838e-16,1.0347711444269925e-16,3.9999999999999995e-18,5.323682959362508e-21,1.1366958688533524e-18,1.6942861084409465e-17,2.0010363877283146e-16,3.219714666232363e-17,2.54011289174665e-17,,,1.054034106342644e-16,2.3048117379626816e-16
3.1238068838183044,1.959965984687272e-17,1.3859052386673392e-16,1.0347711444269925e-16,3.9999999999999995e-18,5.323682959362508e-21,1.1334268587603022e-18,1.694276059949132e-17,2.0010245199583654e-16,3.201222217609291e-17,2.54011289174665e-17,,,1.0539288343859177e-16,2.30449544835084e-16
3.141852128534418,1.9543293418863775e-17,1.3819195303197003e-16,1.0347711444269925e-16,3.9999999999999995e-18,5.323682959362508e-21,1.130167249974392e-18,1.6942661264943968e-17,2.0010127880529442e-16,3.1828359804650347e-17,2.54011289174665e-17,,,1.0538241566335097e-16,2.3041824629526767e-16
3.1600016149239014,1.9487089094392926e-17,1.3779452844231655e-16,1.0347711444269925e-16,3.9999999999999995e-18,5.323682959362508e-21,1.1269170154585157e-18,1.6942563067604374e-17,2.0010011904574303e-16,3.164555344773398e-17,2.54011289174665e-17,,,1.0537200697889495e-16,2.3038727463507406e-16
3.1782559451579506,1.9431046407268523e-17,1.3739824680130074e-16,1.0347711444269925e-16,3.9999999999999995e-18,5.323682959362508e-21,1.1236761282533209e-18,1.694246599445996e-17,2.0009897256349736e-16,3.146379704011858e-17,2.54011289174665e-17,,,1.0536165705734178e-16,2.303566263506564e-16
3.1966157248863007,1.9375164892639666e-17,1.3700310482193034e-16,1.0347711444269925e-16,3.9999999999999995e-18,5.323682959362508e-21,1.1204445614769893e-18,1.6942370032646906e-17,2.0009783920662923e-16,3.128308455141472e-17,2.54011289174665e-17,,,1.0535136557256604e-16,2.303262979756747e-16
3.215081563257347,1.931944408699228e-17,1.366090992266659e-16,1.0347711444269925e-16,3.9999999999999995e-18,5.323682959362508e-21,1.1172222883250098e-18,1.6942275169448427e-17,2.0009671882494715e-16,3.110340998586841e-17,2.54011289174665e-17,,,1.0534113220018996e-16,2.302962860809072e-16
3.2336540729383287,1.9263883528145342e-17,1.3621622674739407e-16,1.0347711444269925e-16,3.9999999999999995e-18,5.323682959362508e-21,1.11400928206996e-18,1.6942181392293136e-17,2.0009561126997673e-16,3.092476738216246e-17,2.54011289174665e-17,,,1.0533095661757481e-16,2.302665872738665e-16
3.2523338701356845,1.920848275524697e-17,1.358244841253999e-16,1.0347711444269925e-16,3.9999999999999995e-18,5.323682959362508e-21,1.1108055160612802e-18,1.6942088688753355e-17,2.0009451639494083e-16,3.074715081321835e-17,2.54011289174665e-17,,,1.0532083850381223e-16,2.3023719819841794e-16
3.271121574615468,1.915324130877068e-17,1.354338681113405e-16,1.0347711444269925e-16,3.9999999999999995e-18,5.323682959362508e-21,1.1076109637250577e-18,1.6941997046543463e-17,2.0009343405474026e-16,3.0570554385999965e-17,2.54011289174665e-17,,,1.0531077753971565e-16,2.302081155344028e-16
3.2900178097239405,1.909815873051149e-17,1.350443754652174e-16,1.0347711444269925e-16,3.9999999999999995e-18,5.323682959362508e-21,1.1044255985638e-18,1.694190645351833e-17,2.000923641059349e-16,3.039497224131769e-17,2.54011289174665e-17,,,1.0530077340781163e-16,2.301793359972647e-16
3.3090232024082225,1.9043234563582217e-17,1.346560029563503e-16,1.0347711444269925e-16,3.9999999999999995e-18,5.323682959362508e-21,1.1012493941562215e-18,1.6941816897671647e-17,2.0009130640672428e-16,3.022039855363436e-17,2.54011289174665e-17,,,1.0529082579233144e-16,2.3015085633767893e-16
3.328138383237124,1.8988468352409583e-17,1.3426874736334963e-16,1.0347711444269925e-16,3.9999999999999995e-18,5.323682959362508e-21,1.098082324157019e-18,1.694172836713439e-17,2.000902608169293e-16,3.0046827530871684e-17,2.54011289174665e-17,,,1.0528093437920247e-16,2.301226733411865e-16
3.347363986422041,1.8933859642730518e-17,1.3388260547409053e-16,1.0347711444269925e-16,3.9999999999999995e-18,5.323682959362508e-21,1.0949243622966573e-18,1.6941640850173235e-17,2.0008922719797356e-16,2.987425341421829e-17,2.54011289174665e-17,,,1.0527109885603976e-16,2.300947838278306e-16
3.36670064983801,1.887940798158837e-17,1.3349757408568565e-16,1.0347711444269925e-16,3.9999999999999995e-18,5.323682959362508e-21,1.091775482381148e-18,1.6941554335189002e-17,2.0008820541286494e-16,2.9702670477938554e-17,2.54011289174665e-17,,,1.0526131891213762e-16,2.300671846517969e-16
3.3861490150448774,1.88251129173291e-17,1.3311365000445878e-16,1.0347711444269925e-16,3.9999999999999995e-18,5.323682959362508e-21,1.088635658291834e-18,1.694146881071515e-17,2.0008719532617784e-16,2.9532073029182587e-17,2.54011289174665e-17,,,1.0525159423846115e-16,2.30039872701058e-16
3.4057097273085666,1.8770973999597626e-17,1.3273083004591852e-16,1.0347711444269925e-16,3.9999999999999995e-18,5.323682959362508e-21,1.0855048639851737e-18,1.6941384265416217e-17,2.0008619680403492e-16,2.936245540779751e-17,2.54011289174665e-17,,,1.0524192452763797e-16,2.3001284489701987e-16
3.42538343562251,1.8716990779333988e-17,1.3234911103473145e-16,1.0347711444269925e-16,3.9999999999999995e-18,5.323682959362508e-21,1.0823830734925217e-18,1.694130068808638e-17,2.0008520971408978e-16,2.919381198613946e-17,2.54011289174665e-17,,,1.0523230947394983e-16,2.2998609819417297e-16
3.4451707927291584,1.8663162808769712e-17,1.3196848980469638e-16,1.0347711444269925e-16,3.9999999999999995e-18,5.323682959362508e-21,1.0792702609199174e-18,1.6941218067647942e-17,2.0008423392550914e-16,2.9026137168887085e-17,2.54011289174665e-17,,,1.0522274877332431e-16,2.2995962957974625e-16
3.4650724551416614,1.8609489641424023e-17,1.315889631987174e-16,1.0347711444269925e-16,3.9999999999999995e-18,5.323682959362508e-21,1.0761664004478672e-18,1.6941136393149867e-17,2.0008326930895604e-16,2.885942539285567e-17,2.54011289174665e-17,,,1.0521324212332659e-16,2.2993343607336427e-16
3.485089083165624,1.855597083210021e-17,1.3121052806877842e-16,1.0347711444269925e-16,3.9999999999999995e-18,5.323682959362508e-21,1.0730714663311324e-18,1.6941055653766354e-17,2.0008231573657216e-16,2.8693671126812814e-17,2.54011289174665e-17,,,1.0520378922315122e-16,2.299075147267081e-16
3.505221340921042,1.8502605936881858e-17,1.3083318127591634e-16,1.0347711444269925e-16,3.9999999999999995e-18,5.323682959362508e-21,1.0699854328985135e-18,1.6940975838795376e-17,2.000813730819614e-16,2.852886887129464e-17,2.54011289174665e-17,,,1.0519438977361394e-16,2.2988186262317906e-16
3.5254698963643087,1.8449394513129246e-17,1.3045691969019573e-16,1.0347711444269925e-16,3.9999999999999995e-18,5.323682959362508e-21,1.06690827455264e-18,1.694089693765731e-17,2.0008044122017303e-16,2.8365013158423633e-17,2.54011289174665e-17,,,1.0518504347714346e-16,2.2985647687756636e-16
3.5458354213104037,1.83963361194756e-17,1.3008174019068214e-16,1.0347711444269925e-16,3.9999999999999995e-18,5.323682959362508e-21,1.063839965769755e-18,1.6940818939893498e-17,2.0007952002768512e-16,2.820209855172688e-17,2.54011289174665e-17,,,1.0517575003777344e-16,2.298313546357171e-16
3.566318591455156,1.8343430315823497e-17,1.2970763966541687e-16,1.0347711444269925e-16,3.9999999999999995e-18,5.323682959362508e-21,1.0607804810995066e-18,1.6940741835164903e-17,2.0007860938238844e-16,2.8040119645956044e-17,2.54011289174665e-17,,,1.0516650916113433e-16,2.2980649307421015e-16
3.586920086397689,1.8290676663341158e-17,1.2933461501139066e-16,1.0347711444269925e-16,3.9999999999999995e-18,5.323682959362508e-21,1.0577297951647332e-18,1.694066561325071e-17,2.000777091635701e-16,2.7879071066907735e-17,2.54011289174665e-17,,,1.0515732055444533e-16,2.2978188940003323e-16
3.6076405896629424,1.823807472445886e-17,1.2896266313451836e-16,1.0347711444269925e-16,3.9999999999999995e-18,5.323682959362508e-21,1.0546878826612582e-18,1.6940590264046988e-17,2.0007681925189768e-16,2.771894747124543e-17,2.54011289174665e-17,,,1.0514818392650642e-16,2.297575408502627e-16
3.6284807887243766,1.8185624062865263e-17,1.285917809496128e-16,1.0347711444269925e-16,3.9999999999999995e-18,5.323682959362508e-21,1.0516547183576737e-18,1.6940515777565376e-17,2.0007593952940355e-16,2.7559743546322004e-17,2.54011289174665e-17,,,1.0513909898769031e-16,2.2973344469174674e-16
3.649441375026755,1.813332424350382e-17,1.2822196538035974e-16,1.0347711444269925e-16,3.9999999999999995e-18,5.323682959362508e-21,1.0486302770951369e-18,1.6940442143931722e-17,2.0007506987946924e-16,2.7401454010003623e-17,2.54011289174665e-17,,,1.0513006544993454e-16,2.2970959822079193e-16
3.6705230440091126,1.808117483256915e-17,1.2785321335929185e-16,1.0347711444269925e-16,3.9999999999999995e-18,5.323682959362508e-21,1.045614533787157e-18,1.6940369353384822e-17,2.0007421018680988e-16,2.7244073610494337e-17,2.54011289174665e-17,,,1.0512108302673355e-16,2.296859987628522e-16
3.691726495127802,1.802917539750346e-17,1.2748552182776367e-16,1.0347711444269925e-16,3.9999999999999995e-18,5.323682959362508e-21,1.0426074634193918e-18,1.6940297396275095e-17,2.0007336033745914e-16,2.708759712616201e-17,2.54011289174665e-17,,,1.051121514331308e-16,2.296626436722216e-16
3.713052431879728,1.7977325506992928e-17,1.2711888773592587e-16,1.0347711444269925e-16,3.9999999999999995e-18,5.323682959362508e-21,1.0396090410494344e-18,1.694022626306334e-17,2.0007252021875431e-16,2.6932019365364878e-17,2.54011289174665e-17,,,1.051032703857109e-16,2.296395303317298e-16
3.734501561825661,1.7925624730964163e-17,1.2675330804270042e-16,1.0347711444269925e-16,3.9999999999999995e-18,5.323682959362508e-21,1.0366192418066121e-18,1.6940155944319438e-17,2.0007168971932108e-16,2.6777335166279503e-17,2.54011289174665e-17,,,1.0509443960259187e-16,2.296166561524405e-16
3.7560745966137397,1.787407264058059e-17,1.2638877971575475e-16,1.0347711444269925e-16,3.9999999999999995e-18,5.323682959362508e-21,1.0336380408917756e-18,1.694008643072115e-17,2.00070868729059e-16,2.6623539396729296e-17,2.54011289174665e-17,,,1.0508565880341726e-16,2.295940185733527e-16
3.777772252003055,1.782266880823895e-17,1.2602529973147725e-16,1.0347711444269925e-16,3.9999999999999995e-18,5.323682959362508e-21,1.0306654135770969e-18,1.6940017713052845e-17,2.00070057139127e-16,2.6470626954014468e-17,2.54011289174665e-17,,,1.050769277093485e-16,2.2957161506110557e-16
3.799595247887426,1.7771412807565695e-17,1.2566286507495163e-16,1.0347711444269925e-16,3.9999999999999995e-18,5.323682959362508e-21,1.0277013352058606e-18,1.6939949782204308e-17,2.0006925484192882e-16,2.63185927647425e-17,2.54011289174665e-17,,,1.0506824604305712e-16,2.295494431096855e-16
3.8215443083192575,1.7720304213413506e-17,1.253014727399324e-16,1.0347711444269925e-16,3.9999999999999995e-18,5.323682959362508e-21,1.024745781192263e-18,1.6939882629169524e-17,2.0006846173109892e-16,2.616743178466004e-17,2.54011289174665e-17,,,1.050596135287171e-16,2.2952750024013657e-16
3.843620161533589,1.7669342601857714e-17,1.2494111972881944e-16,1.0347711444269925e-16,3.9999999999999995e-18,5.323682959362508e-21,1.0217987270212049e-18,1.6939816245045488e-17,2.000676777014885e-16,2.6017138998485323e-17,2.54011289174665e-17,,,1.0505102989199725e-16,2.295057840002737e-16
3.8658235399722303,1.7618527550192835e-17,1.2458180305263364e-16,1.0347711444269925e-16,3.9999999999999995e-18,5.323682959362508e-21,1.0188601482480915e-18,1.6939750621031037e-17,2.0006690264915127e-16,2.5867709419741992e-17,2.54011289174665e-17,,,1.0504249486005357e-16,2.2948429196439855e-16
3.888155180308089,1.7567858636929012e-17,1.2422351973099163e-16,1.0347711444269925e-16,3.9999999999999995e-18,5.323682959362508e-21,1.0159300204986258e-18,1.6939685748425688e-17,2.0006613647133023e-16,2.5719138090593446e-17,2.54011289174665e-17,,,1.0503400816152166e-16,2.2946302173301883e-16
3.9106158234695867,1.751733544178858e-17,1.238662667920815e-16,1.0347711444269925e-16,3.9999999999999995e-18,5.323682959362508e-21,1.0130083194686106e-18,1.6939621618628456e-17,2.0006537906644355e-16,2.5571420081678524e-17,2.54011289174665e-17,,,1.050255695265092e-16,2.2944197093256935e-16
3.9332062146652667,1.7466957545702508e-17,1.2351004127263777e-16,1.0347711444269925e-16,3.9999999999999995e-18,5.323682959362508e-21,1.0100950209237432e-18,1.6939558223136765e-17,2.0006463033407154e-16,2.5424550491947813e-17,2.54011289174665e-17,,,1.0501717868658847e-16,2.2942113721513723e-16
3.9559271034084933,1.741672453080699e-17,1.2315484021791714e-16,1.0347711444269925e-16,3.9999999999999995e-18,5.323682959362508e-21,1.0071901006994175e-18,1.6939495553545308e-17,2.0006389017494325e-16,2.5278524448501164e-17,2.54011289174665e-17,,,1.0500883537478878e-16,2.2940051825818876e-16
3.978779243542347,1.7366635980439928e-17,1.228006606816736e-16,1.0347711444269925e-16,3.9999999999999995e-18,5.323682959362508e-21,1.0042935347005206e-18,1.69394336015449e-17,2.0006315849092305e-16,2.513333710642589e-17,2.54011289174665e-17,,,1.0500053932558912e-16,2.293801117642991e-16
4.001763393264605,1.731669147913752e-17,1.2244749972613447e-16,1.0347711444269925e-16,3.9999999999999995e-18,5.323682959362508e-21,1.0014052989012359e-18,1.693937235892143e-17,2.0006243518499836e-16,2.4988983648636164e-17,2.54011289174665e-17,,,1.0499229027491072e-16,2.293599154608861e-16
4.024880315152932,1.7266890612630763e-17,1.2209535442197553e-16,1.0347711444269925e-16,3.9999999999999995e-18,5.323682959362508e-21,9.985253693448411e-19,1.693931181755475e-17,2.0006172016126607e-16,2.484545928571303e-17,2.54011289174665e-17,,,1.0498408796010962e-16,2.293399270999442e-16
4.048130776190144,1.7217232967842078e-17,1.217442218482972e-16,1.0347711444269925e-16,3.9999999999999995e-18,5.323682959362508e-21,9.95653722143512e-19,1.6939251969417606e-17,2.000610133249202e-16,2.4702759255745677e-17,2.54011289174665e-17,,,1.0497593211996941e-16,2.293201444577838e-16
4.07151554778969,1.716771813288182e-17,1.213940990925999e-16,1.0347711444269925e-16,3.9999999999999995e-18,5.323682959362508e-21,9.927903334781215e-19,1.6939192806574562e-17,2.000603145822395e-16,2.4560878824173264e-17,2.54011289174665e-17,,,1.0496782249469386e-16,2.293005653347715e-16
4.095035405821217,1.7118345697044916e-17,1.2104498325076016e-16,1.0347711444269925e-16,3.9999999999999995e-18,5.323682959362508e-21,9.899351795980459e-19,1.6939134321180984e-17,2.000596238405748e-16,2.441981328362802e-17,2.54011289174665e-17,,,1.0495975882589963e-16,2.2928118755507337e-16
4.11869113063634,1.7069115250807418e-17,1.2069687142700642e-16,1.0347711444269925e-16,3.9999999999999995e-18,5.323682959362508e-21,9.87088236820963e-19,1.6939076505481973e-17,2.0005894100833693e-16,2.4279557953778862e-17,2.54011289174665e-17,,,1.0495174085660906e-16,2.2926200896640105e-16
4.142483507094503,1.702002638582314e-17,1.203497607338951e-16,1.0347711444269925e-16,3.9999999999999995e-18,5.323682959362508e-21,9.842494815326605e-19,1.693901935181135e-17,2.0005826599498445e-16,2.4140108181176327e-17,2.54011289174665e-17,,,1.0494376833124296e-16,2.292430274397604e-16
4.16641332458905,1.6971078694920232e-17,1.200036482922864e-16,1.0347711444269925e-16,3.9999999999999995e-18,5.323682959362508e-21,9.814188901868365e-19,1.6938962852590638e-17,2.0005759871101186e-16,2.4001459339097952e-17,2.54011289174665e-17,,,1.0493584099561337e-16,2.292242408692024e-16
4.190481377073388,1.692227177209785e-17,1.1965853123132086e-16,1.0347711444269925e-16,3.9999999999999995e-18,5.323682959362508e-21,9.785964393049067e-19,1.693890700032808e-17,2.0005693906793762e-16,2.3863606827394976e-17,2.54011289174665e-17,,,1.0492795859691647e-16,2.292056471715768e-16
4.214688463087352,1.6873605212522738e-17,1.1931440668839503e-16,1.0347711444269925e-16,3.9999999999999995e-18,5.323682959362508e-21,9.757821054758075e-19,1.6938851787617607e-17,2.0005628697829248e-16,2.3726546072339546e-17,2.54011289174665e-17,,,1.049201208837254e-16,2.291872442862886e-16
4.239035385783679,1.6825078612525918e-17,1.1897127180913828e-16,1.0347711444269925e-16,3.9999999999999995e-18,5.323682959362508e-21,9.729758653558043e-19,1.69387972071379e-17,2.0005564235560797e-16,2.3590272526473095e-17,2.54011289174665e-17,,,1.0491232760598324e-16,2.291690301750562e-16
4.263522952954679,1.6776691569599298e-17,1.1862912374738848e-16,1.0347711444269925e-16,3.9999999999999995e-18,5.323682959362508e-21,9.701776956682946e-19,1.6938743251651402e-17,2.0005500511440495e-16,2.3454781668455344e-17,2.54011289174665e-17,,,1.0490457851499591e-16,2.291510028216729e-16
4.288151977059005,1.6728443682392373e-17,1.182879596651691e-16,1.0347711444269925e-16,3.9999999999999995e-18,5.323682959362508e-21,9.673875732036187e-19,1.6938689914003363e-17,2.0005437517018224e-16,2.3320069002914444e-17,2.54011289174665e-17,,,1.0489687336342514e-16,2.2913316023177015e-16
4.312923275248646,1.668033455070886e-17,1.1794777673266497e-16,1.0347711444269925e-16,3.9999999999999995e-18,5.323682959362508e-21,9.646054748188637e-19,1.6938637187120887e-17,2.0005375243940543e-16,2.3186130060297647e-17,2.54011289174665e-17,,,1.0488921190528152e-16,2.2911550043258384e-16
4.337837669396,1.6632363775503415e-17,1.1760857212819954e-16,1.0347711444269925e-16,3.9999999999999995e-18,5.323682959362508e-21,9.618313774376748e-19,1.6938585064012016e-17,2.0005313683949598e-16,2.3052960396723187e-17,2.54011289174665e-17,,,1.0488159389591747e-16,2.2909802147272223e-16
4.362895986121184,1.658453095887828e-17,1.1727034303821065e-16,1.0347711444269925e-16,3.9999999999999995e-18,5.323682959362508e-21,9.590652580500601e-19,1.6938533537764785e-17,2.0005252828882019e-16,2.292055559383267e-17,2.54011289174665e-17,,,1.0487401909202045e-16,2.2908072142193715e-16
4.3880990568194145,1.653683570408003e-17,1.1693308665722804e-16,1.0347711444269925e-16,3.9999999999999995e-18,5.323682959362508e-21,9.56307093712204e-19,1.6938482601546314e-17,2.0005192670667827e-16,2.2788911258644666e-17,2.54011289174665e-17,,,1.0486648725160585e-16,2.290635983708968e-16
4.413447717688637,1.6489277615496233e-17,1.1659680018784932e-16,1.0347711444269925e-16,3.9999999999999995e-18,5.323682959362508e-21,9.535568615462732e-19,1.6938432248601914e-17,2.00051332013294e-16,2.2658023023408764e-17,2.54011289174665e-17,,,1.0485899813401033e-16,2.290466504309612e-16
4.438942809757229,1.644185629865223e-17,1.162614808407174e-16,1.0347711444269925e-16,3.9999999999999995e-18,5.323682959362508e-21,9.508145387402297e-19,1.6938382472254165e-17,2.0005074412980374e-16,2.2527886545460837e-17,2.54011289174665e-17,,,1.0485155149988487e-16,2.2902987573396005e-16
4.464585178911942,1.6394571360207785e-17,1.1592712583449687e-16,1.0347711444269925e-16,3.9999999999999995e-18,5.323682959362508e-21,9.480801025476386e-19,1.6938333265902075e-17,2.0005016297824647e-16,2.2398497507078782e-17,2.54011289174665e-17,,,1.0484414711118796e-16,2.2901327243197273e-16
4.490375675925928,1.6347422407953903e-17,1.1559373239585124e-16,1.0347711444269925e-16,3.9999999999999995e-18,5.323682959362508e-21,9.453535302874836e-19,1.693828462302018e-17,2.000495884815532e-16,2.226985161533945e-17,2.54011289174665e-17,,,1.0483678473117893e-16,2.289968386971108e-16
4.516315156487006,1.6300409050809505e-17,1.1526129775941975e-16,1.0347711444269925e-16,3.9999999999999995e-18,5.323682959362508e-21,9.426347993439742e-19,1.6938236537157662e-17,2.0004902056353656e-16,2.2141944601976032e-17,2.54011289174665e-17,,,1.0482946412441108e-16,2.289805727213019e-16
4.542404481226015,1.6253530898818244e-17,1.149298191677946e-16,1.0347711444269925e-16,3.9999999999999995e-18,5.323682959362508e-21,9.39923887166362e-19,1.6938189001937552e-17,2.0004845914888135e-16,2.2014772223236616e-17,2.54011289174665e-17,,,1.0482218505672507e-16,2.289644727160774e-16
4.568644515745403,1.620678756314522e-17,1.1459929387149787e-16,1.0347711444269925e-16,3.9999999999999995e-18,5.323682959362508e-21,9.37220771268751e-19,1.693814201105582e-17,2.000479041631338e-16,2.188833025974322e-17,2.54011289174665e-17,,,1.0481494729524218e-16,2.2894853691236047e-16
4.595036130647912,1.616017865607381e-17,1.14269719128959e-16,1.0347711444269925e-16,3.9999999999999995e-18,5.323682959362508e-21,9.345254292299129e-19,1.6938095558280596e-17,2.0004735553269255e-16,2.176261451635196e-17,2.54011289174665e-17,,,1.0480775060835768e-16,2.2893276356025844e-16
4.621580201565501,1.6113703791002383e-17,1.1394109220649161e-16,1.0347711444269925e-16,3.9999999999999995e-18,5.323682959362508e-21,9.318378386930995e-19,1.693804963745131e-17,2.0004681318479807e-16,2.1637620822013708e-17,2.54011289174665e-17,,,1.0480059476573423e-16,2.2891715092885487e-16
4.648277609188357,1.6067362582441162e-17,1.1361341037827144e-16,1.0347711444269925e-16,3.9999999999999995e-18,5.323682959362508e-21,9.291579773658592e-19,1.6938004242477894e-17,2.0004627704752363e-16,2.151334502963586e-17,2.54011289174665e-17,,,1.0479347953829527e-16,2.289016973060058e-16
4.675129239294155,1.602115464600897e-17,1.1328667092631306e-16,1.0347711444269925e-16,3.9999999999999995e-18,5.323682959362508e-21,9.264858230198495e-19,1.693795936733996e-17,2.0004574704976552e-16,2.1389783015944574e-17,2.54011289174665e-17,,,1.0478640469821842e-16,2.2888640099813714e-16
4.70213598277741,1.5975079598430105e-17,1.1296087114044796e-16,1.0347711444269925e-16,3.9999999999999995e-18,5.323682959362508e-21,9.23821353490656e-19,1.693791500608603e-17,2.000452231212338e-16,2.126693068134814e-17,2.54011289174665e-17,,,1.0477937001892909e-16,2.288712603300446e-16
4.72929873567907,1.592913705753107e-17,1.1263600831830149e-16,1.0347711444269925e-16,3.9999999999999995e-18,5.323682959362508e-21,9.211645466776048e-19,1.6937871152832732e-17,2.0004470519244277e-16,2.1144783949800803e-17,2.54011289174665e-17,,,1.047723752750938e-16,2.2885627364469507e-16
4.75661839921621,1.5883326642237506e-17,1.1231207976527098e-16,1.0347711444269925e-16,3.9999999999999995e-18,5.323682959362508e-21,9.185153805435827e-19,1.6937827801764007e-17,2.000441931947021e-16,2.1023338768667648e-17,2.54011289174665e-17,,,1.0476542024261387e-16,2.2884143930303096e-16
4.784095879811972,1.5837647972570944e-17,1.1198908279450292e-16,1.0347711444269925e-16,3.9999999999999995e-18,5.323682959362508e-21,9.15873833114851e-19,1.6937784947130365e-17,2.0004368706010727e-16,2.0902591108590042e-17,2.54011289174665e-17,,,1.047585046986189e-16,2.2882675568377566e-16
4.811732089125601,1.5792100669645716e-17,1.1166701472687103e-16,1.0347711444269925e-16,3.9999999999999995e-18,5.323682959362508e-21,9.132398824808668e-19,1.6937742583248107e-17,2.0004318672153102e-16,2.0782536963352053e-17,2.54011289174665e-17,,,1.0475162842146035e-16,2.2881222118324187e-16
4.83952794408271,1.5746684355665783e-17,1.1134587289095395e-16,1.0347711444269925e-16,3.9999999999999995e-18,5.323682959362508e-21,9.106135067940988e-19,1.6937700704498584e-17,2.0004269211261432e-16,2.0663172349747455e-17,2.54011289174665e-17,,,1.0474479119070526e-16,2.2879783421514137e-16
4.867484366905717,1.5701398653921582e-17,1.1102565462301279e-16,1.0347711444269925e-16,3.9999999999999995e-18,5.323682959362508e-21,9.07994684269846e-19,1.693765930532745e-17,2.0004220316775756e-16,2.0544493307447536e-17,2.54011289174665e-17,,,1.0473799278712977e-16,2.287835932103969e-16
4.895602285144404,1.565624318878696e-17,1.1070635726696957e-16,1.0347711444269925e-16,3.9999999999999995e-18,5.323682959362508e-21,9.05383393186059e-19,1.693761838024392e-17,2.000417198221118e-16,2.042649589886984e-17,2.54011289174665e-17,,,1.047312329927129e-16,2.2876949661695616e-16
4.923882631706742,1.561121758571599e-17,1.1038797817438459e-16,1.0347711444269925e-16,3.9999999999999995e-18,5.323682959362508e-21,9.027796118831576e-19,1.6937577923820035e-17,2.0004124201157023e-16,2.030917620904735e-17,2.54011289174665e-17,,,1.0472451159063023e-16,2.287555428996077e-16
4.952326344889788,1.5566321471239926e-17,1.1007051470443507e-16,1.0347711444269925e-16,3.9999999999999995e-18,5.323682959362508e-21,9.001833187638528e-19,1.6937537930689985e-17,2.0004076967275984e-16,2.0192530345498762e-17,2.54011289174665e-17,,,1.0471782836524764e-16,2.287417305397985e-16
4.98093436841087,1.5521554472964046e-17,1.0975396422389266e-16,1.0347711444269925e-16,3.9999999999999995e-18,5.323682959362508e-21,8.975944922929662e-19,1.693749839554935e-17,2.0004030274303287e-16,2.007655443809918e-17,2.54011289174665e-17,,,1.0471118310211506e-16,2.287280580354541e-16
5.009707651438851,1.5476916219564626e-17,1.0943832410710212e-16,1.0347711444269925e-16,3.9999999999999995e-18,5.323682959362508e-21,8.950131109972534e-19,1.6937459313154423e-17,2.0003984116045844e-16,1.9961244638951885e-17,2.54011289174665e-17,,,1.0470457558796034e-16,2.2871452390079954e-16
5.038647148625661,1.54324063407858e-17,1.0912359173595913e-16,1.0347711444269925e-16,3.9999999999999995e-18,5.323682959362508e-21,8.924391534652231e-19,1.6937420678321506e-17,2.000393848638146e-16,1.9846597122260474e-17,2.54011289174665e-17,,,1.0469800561068297e-16,2.2870112666618343e-16
5.067753820137936,1.5388024467436533e-17,1.0880976449988884e-16,1.0347711444269925e-16,3.9999999999999995e-18,5.323682959362508e-21,8.898725983469627e-19,1.6937382485926232e-17,2.0003893379257996e-16,1.973260808420212e-17,2.54011289174665e-17,,,1.0469147295934803e-16,2.28687864877903e-16
5.097028631688907,1.534377023138753e-17,1.0849683979582404e-16,1.0347711444269925e-16,3.9999999999999995e-18,5.323682959362508e-21,8.873134243539579e-19,1.6937344730902888e-17,2.000384878869259e-16,1.961927374280118e-17,2.54011289174665e-17,,,1.0468497742418007e-16,2.286747370980312e-16
5.126472554570408,1.5299643265568215e-17,1.0818481502818379e-16,1.0347711444269925e-16,3.9999999999999995e-18,5.323682959362508e-21,8.847616102589193e-19,1.6937307408243723e-17,2.0003804708770845e-16,1.95065903378039e-17,2.54011289174665e-17,,,1.0467851879655693e-16,2.286617419042459e-16
5.156086565685137,1.5255643203963632e-17,1.0787368760885154e-16,1.0347711444269925e-16,3.9999999999999995e-18,5.323682959362508e-21,8.822171348956034e-19,1.6937270512998323e-17,2.000376113364607e-16,1.9394554130553482e-17,2.54011289174665e-17,,,1.0467209686900382e-16,2.2864887788966064e-16
5.185871647579031,1.5211769681611486e-17,1.0756345495715412e-16,1.0347711444269925e-16,3.9999999999999995e-18,5.323682959362508e-21,8.7967997715864e-19,1.6937234040272916e-17,2.000371805753848e-16,1.9283161403866204e-17,2.54011289174665e-17,,,1.0466571143518717e-16,2.286361436626569e-16
5.215828788473904,1.5168022334599032e-17,1.0725411449983982e-16,1.0347711444269925e-16,3.9999999999999995e-18,5.323682959362508e-21,8.771501160033539e-19,1.6937197985229748e-17,2.000367547473444e-16,1.9172408461907917e-17,2.54011289174665e-17,,,1.0465936228990874e-16,2.2862353784671877e-16
5.245958982300194,1.5124400800060126e-17,1.069456636710576e-16,1.0347711444269925e-16,3.9999999999999995e-18,5.323682959362508e-21,8.746275304455936e-19,1.6937162343086433e-17,2.000363337958572e-16,1.9062291630071615e-17,2.54011289174665e-17,,,1.0465304922909956e-16,2.286110590802691e-16
5.276263228729983,1.5080904716172167e-17,1.0663809991233525e-16,1.0347711444269925e-16,3.9999999999999995e-18,5.323682959362508e-21,8.721121995615543e-19,1.6937127109115323e-17,2.000359176650873e-16,1.8952807254855328e-17,2.54011289174665e-17,,,1.0464677204981404e-16,2.2859870601650683e-16
5.30674253321012,1.5037533722153133e-17,1.0633142067255866e-16,1.0347711444269925e-16,3.9999999999999995e-18,5.323682959362508e-21,8.69604102487607e-19,1.693709227864289e-17,2.0003550629983798e-16,1.884395170374106e-17,2.54011289174665e-17,,,1.0464053055022404e-16,2.285864773232474e-16
5.337397906995625,1.4994287458258556e-17,1.0602562340795026e-16,1.0347711444269925e-16,3.9999999999999995e-18,5.323682959362508e-21,8.671032184201229e-19,1.6937057847049082e-17,2.0003509964554417e-16,1.8735721365074154e-17,2.54011289174665e-17,,,1.0463432452961297e-16,2.2857437168276297e-16
5.368230367183197,1.4951165565778564e-17,1.0572070558204828e-16,1.0347711444269925e-16,3.9999999999999995e-18,5.323682959362508e-21,8.646095266153034e-19,1.6937023809766747e-17,2.0003469764826546e-16,1.8628112647943558e-17,2.54011289174665e-17,,,1.0462815378836998e-16,2.285623877916262e-16
5.399240936745002,1.490816768703488e-17,1.0541666466568531e-16,1.0347711444269925e-16,3.9999999999999995e-18,5.323682959362508e-21,8.621230063890054e-19,1.693699016228099e-17,2.000343002546788e-16,1.8521121982062576e-17,2.54011289174665e-17,,,1.0462201812798407e-16,2.2855052436055437e-16
5.430430644562572,1.486529346537789e-17,1.0511349813696779e-16,1.0347711444269925e-16,3.9999999999999995e-18,5.323682959362508e-21,8.596436371165725e-19,1.693695690012861e-17,2.0003390741207137e-16,1.8414745817650553e-17,2.54011289174665e-17,,,1.0461591735103833e-16,2.285387801142557e-16
5.461800525460982,1.4822542545183643e-17,1.0481120348125459e-16,1.0347711444269925e-16,3.9999999999999995e-18,5.323682959362508e-21,8.571713982326608e-19,1.693692401889748e-17,2.0003351906833397e-16,1.8308980625314926e-17,2.54011289174665e-17,,,1.0460985126120416e-16,2.285271537912774e-16
5.4933516202431445,1.477991457185094e-17,1.0450977819113668e-16,1.0347711444269925e-16,3.9999999999999995e-18,5.323682959362508e-21,8.54706269231072e-19,1.693689151422599e-17,2.0003313517195363e-16,1.820382289593431e-17,2.54011289174665e-17,,,1.0460381966323548e-16,2.28515644143855e-16
5.525084975724383,1.473740919179836e-17,1.0420921976641576e-16,1.0347711444269925e-16,3.9999999999999995e-18,5.323682959362508e-21,8.522482296645794e-19,1.6936859381802433e-17,2.0003275567200703e-16,1.80992691405419e-17,2.54011289174665e-17,,,1.0459782236296309e-16,2.2850424993776345e-16
5.557001644767119,1.469502605246136e-17,1.0390952571408412e-16,1.0347711444269925e-16,3.9999999999999995e-18,5.323682959362508e-21,8.49797259144762e-19,1.6936827617364478e-17,2.0003238051815398e-16,1.799531589020985e-17,2.54011289174665e-17,,,1.045918591672889e-16,2.284929699521701e-16
5.589102686315852,1.4652764802289316e-17,1.0361069354830339e-16,1.0347711444269925e-16,3.9999999999999995e-18,5.323682959362508e-21,8.473533373418321e-19,1.6936796216698568e-17,2.0003200966063017e-16,1.7891959695934058e-17,2.54011289174665e-17,,,1.0458592988418034e-16,2.2848180297948823e-16
5.621389165432244,1.4610625090742645e-17,1.0331272079038439e-16,1.0347711444269925e-16,3.9999999999999995e-18,5.323682959362508e-21,8.449164439844694e-19,1.693676517563939e-17,2.0003164305024117e-16,1.7789197128519876e-17,2.54011289174665e-17,,,1.0458003432266465e-16,2.284707478252338e-16
5.653862153330504,1.4568606568289845e-17,1.0301560496876626e-16,1.0347711444269925e-16,3.9999999999999995e-18,5.323682959362508e-21,8.424865588596505e-19,1.6936734490069304e-17,2.000312806383556e-16,1.7687024778468164e-17,2.54011289174665e-17,,,1.0457417229282331e-16,2.28459803307882e-16
5.6865227274128864,1.4526708886404663e-17,1.0271934361899617e-16,1.0347711444269925e-16,3.9999999999999995e-18,5.323682959362508e-21,8.400636618124838e-19,1.693670415591779e-17,2.0003092237689865e-16,1.758543925586235e-17,2.54011289174665e-17,,,1.0456834360578648e-16,2.284489682587265e-16
5.7193719713054785,1.4484931697563137e-17,1.0242393428370864e-16,1.0347711444269925e-16,3.9999999999999995e-18,5.323682959362508e-21,8.376477327460393e-19,1.6936674169160954e-17,2.000305682183461e-16,1.7484437190255773e-17,2.54011289174665e-17,,,1.0456254807372737e-16,2.2843824152174e-16
5.7524109748941115,1.4443274655240777e-17,1.0212937451260548e-16,1.0347711444269925e-16,3.9999999999999995e-18,5.323682959362508e-21,8.352387516211851e-19,1.693664452582093e-17,2.0003021811571735e-16,1.7384015230560047e-17,2.54011289174665e-17,,,1.0455678550985678e-16,2.284276219534354e-16
5.7856408343605645,1.4401737413909624e-17,1.0183566186243506e-16,1.0347711444269925e-16,3.9999999999999995e-18,5.323682959362508e-21,8.328366984564181e-19,1.693661522196541e-17,2.0002987202256988e-16,1.7284170044933685e-17,2.54011289174665e-17,,,1.045510557284176e-16,2.284171084227298e-16
5.81906265221889,1.4360319629035446e-17,1.0154279389697251e-16,1.0347711444269925e-16,3.9999999999999995e-18,5.323682959362508e-21,8.304415533277011e-19,1.693658625370709e-17,2.0002952989299277e-16,1.7184898320671733e-17,2.54011289174665e-17,,,1.0454535854467924e-16,2.284066998108093e-16
5.8526775373520366,1.431902095707484e-17,1.0125076818699907e-16,1.0347711444269925e-16,3.9999999999999995e-18,5.323682959362508e-21,8.280532963682952e-19,1.693655761720317e-17,2.0002919168160048e-16,1.7086196764095708e-17,2.54011289174665e-17,,,1.0453969377493233e-16,2.283963950109947e-16
5.886486605048599,1.4277841055472406e-17,1.009595823102823e-16,1.0347711444269925e-16,3.9999999999999995e-18,5.323682959362508e-21,8.256719077685969e-19,1.693652930865483e-17,2.0002885734352717e-16,1.6988062100444448e-17,2.54011289174665e-17,,,1.0453406123648315e-16,2.2838619292860957e-16
5.920490977039862,1.423677958265787e-17,1.0066923385155567e-16,1.0347711444269925e-16,3.9999999999999995e-18,5.323682959362508e-21,8.232973677759717e-19,1.693650132430675e-17,2.000285268344206e-16,1.6890491073765336e-17,2.54011289174665e-17,,,1.0452846074764835e-16,2.2837609248084945e-16
5.954691781536976,1.4195836198043315e-17,1.0037972040249884e-16,1.0347711444269925e-16,3.9999999999999995e-18,5.323682959362508e-21,8.209296566945931e-19,1.6936473660446582e-17,2.0002820011043614e-16,1.6793480446806404e-17,2.54011289174665e-17,,,1.0452289212774947e-16,2.2836609259665214e-16
5.989090153268432,1.4155010562020276e-17,1.000910395617174e-16,1.0347711444269925e-16,3.9999999999999995e-18,5.323682959362508e-21,8.185687548852758e-19,1.6936446313404498e-17,2.000278771282312e-16,1.6697027000908796e-17,2.54011289174665e-17,,,1.0451735519710773e-16,2.283561922165696e-16
6.023687233517667,1.4114302335956996e-17,9.98031889347232e-17,1.0347711444269925e-16,3.9999999999999995e-18,5.323682959362508e-21,8.162146427653164e-19,1.6936419279552657e-17,2.0002755784495922e-16,1.6601127535900094e-17,2.54011289174665e-17,,,1.0451184977703858e-16,2.2834639029264123e-16
6.058484170160976,1.407371118219556e-17,9.951616613391424e-17,1.0347711444269925e-16,3.9999999999999995e-18,5.323682959362508e-21,8.138673008083272e-19,1.6936392555304773e-17,2.0002724221826441e-16,1.650577886998803e-17,2.54011289174665e-17,,,1.0450637568984647e-16,2.283366857882687e-16
6.093482117705544,1.4033236764049148e-17,9.922996877855516e-17,1.0347711444269925e-16,3.9999999999999995e-18,5.323682959362508e-21,8.115267095440782e-19,1.693636613711558e-17,2.0002693020627535e-16,1.641097783965505e-17,2.54011289174665e-17,,,1.0450093275881961e-16,2.283270776780915e-16
6.1286822373278085,1.3992878745799177e-17,9.894459449475711e-17,1.0347711444269925e-16,3.9999999999999995e-18,5.323682959362508e-21,8.091928495583321e-19,1.6936340021480436e-17,2.0002662176760047e-16,1.6316721299553196e-17,2.54011289174665e-17,,,1.0449552080822467e-16,2.2831756494786475e-16
6.164085696911929,1.3952636792692592e-17,9.866004091545853e-17,1.0347711444269925e-16,3.9999999999999995e-18,5.323682959362508e-21,8.068657014926856e-19,1.6936314204934792e-17,2.0002631686132173e-16,1.6223006122399918e-17,2.54011289174665e-17,,,1.044901396633016e-16,2.2830814659433743e-16
6.199693671088588,1.3912510570939016e-17,9.837630568040504e-17,1.0347711444269925e-16,3.9999999999999995e-18,5.323682959362508e-21,8.045452460444075e-19,1.6936288684053777e-17,2.0002601544698979e-16,1.6129829198874153e-17,2.54011289174665e-17,,,1.0448478915025846e-16,2.282988216251326e-16
6.235507341273912,1.3872499747708042e-17,9.809338643613027e-17,1.0347711444269925e-16,3.9999999999999995e-18,5.323682959362508e-21,8.022314639662796e-19,1.693626345545172e-17,2.0002571748461808e-16,1.603718743751331e-17,2.54011289174665e-17,,,1.0447946909626616e-16,2.282895890586284e-16
6.271527895708722,1.3832603991126425e-17,9.781128083593598e-17,1.0347711444269925e-16,3.9999999999999995e-18,5.323682959362508e-21,7.999243360664359e-19,1.6936238515781715e-17,2.0002542293467794e-16,1.594507776461056e-17,2.54011289174665e-17,,,1.0447417932945348e-16,2.2828044792384057e-16
6.307756529497903,1.3792822970275375e-17,9.752998653987296e-17,1.0347711444269925e-16,3.9999999999999995e-18,5.323682959362508e-21,7.97623843208205e-19,1.6936213861735166e-17,2.0002513175809329e-16,1.5853497124113002e-17,2.54011289174665e-17,,,1.0446891967890178e-16,2.282713972603066e-16
6.34419444465011,1.3753156355187753e-17,9.724950121472122e-17,1.0347711444269925e-16,3.9999999999999995e-18,5.323682959362508e-21,7.95329966309949e-19,1.6936189490041354e-17,2.0002484391623529e-16,1.576244247752011e-17,2.54011289174665e-17,,,1.0446368997464008e-16,2.282624361179701e-16
6.380842850117597,1.3713603816845409e-17,9.69698225339711e-17,1.0347711444269925e-16,3.9999999999999995e-18,5.323682959362508e-21,7.930426863449085e-19,1.693616539746702e-17,2.0002455937091743e-16,1.5671910803783083e-17,2.54011289174665e-17,,,1.0445849004763985e-16,2.282535635570677e-16
6.417702961836376,1.3674165027176375e-17,9.669094817780345e-17,1.0347711444269925e-16,3.9999999999999995e-18,5.323682959362508e-21,7.907619843410412e-19,1.6936141580815895e-17,2.0002427808439034e-16,1.5581899099204458e-17,2.54011289174665e-17,,,1.0445331972981007e-16,2.2824477864801618e-16
6.454776002766515,1.363483965905221e-17,9.641287583307091e-17,1.0347711444269925e-16,3.9999999999999995e-18,5.323682959362508e-21,7.884878413808675e-19,1.6936118036928318e-17,2.0002400001933677e-16,1.5492404377338586e-17,2.54011289174665e-17,,,1.0444817885399219e-16,2.282360804713012e-16
6.492063202932757,1.3595627386285235e-17,9.613560319327828e-17,1.0347711444269925e-16,3.9999999999999995e-18,5.323682959362508e-21,7.862202386013113e-19,1.6936094762680803e-17,2.000237251388668e-16,1.540342366889243e-17,2.54011289174665e-17,,,1.0444306725395509e-16,2.282274681173674e-16
6.529565799465287,1.3556527883625875e-17,9.585912795856371e-17,1.0347711444269925e-16,3.9999999999999995e-18,5.323682959362508e-21,7.839591571935459e-19,1.6936071754985616e-17,2.0002345340651274e-16,1.5314954021627155e-17,2.54011289174665e-17,,,1.0443798476439022e-16,2.282189406865093e-16
6.567285036640823,1.3517540826759906e-17,9.558344783567938e-17,1.0347711444269925e-16,3.9999999999999995e-18,5.323682959362508e-21,7.817045784028351e-19,1.6936049010790377e-17,2.0002318478622452e-16,1.5226992500260073e-17,2.54011289174665e-17,,,1.0443293122090656e-16,2.2821049728876373e-16
6.605222165923853,1.3478665892305825e-17,9.530856053797277e-17,1.0347711444269925e-16,3.9999999999999995e-18,5.323682959362508e-21,7.794564835283809e-19,1.693602652707765e-17,2.0002291924236464e-16,1.5139536186367365e-17,2.54011289174665e-17,,,1.0442790646002573e-16,2.2820213704380307e-16
6.643378446008203,1.3439902757812114e-17,9.503446378536728e-17,1.0347711444269925e-16,3.9999999999999995e-18,5.323682959362508e-21,7.772148539231652e-19,1.693600430086455e-17,2.000226567397038e-16,1.505258217828714e-17,2.54011289174665e-17,,,1.044229103191772e-16,2.2819385908083023e-16
6.681755142858751,1.3401251101754614e-17,9.47611553043438e-17,1.0347711444269925e-16,3.9999999999999995e-18,5.323682959362508e-21,7.749796709937978e-19,1.6935982329202336e-17,2.0002239724341577e-16,1.4966127591023274e-17,2.54011289174665e-17,,,1.0441794263669322e-16,2.2818566253847374e-16
6.72035352975348,1.3362710603533804e-17,9.448863282792136e-17,1.0347711444269925e-16,3.9999999999999995e-18,5.323682959362508e-21,7.7275091620036e-19,1.6935960609176027e-17,2.000221407190734e-16,1.4880169556149564e-17,2.54011289174665e-17,,,1.0441300325180418e-16,2.2817754656468553e-16
6.75917488732567,1.3324280943472202e-17,9.421689409563884e-17,1.0347711444269925e-16,3.9999999999999995e-18,5.323682959362508e-21,7.705285710562529e-19,1.693593913790402e-17,2.000218871326433e-16,1.4794705221714706e-17,2.54011289174665e-17,,,1.0440809200463369e-16,2.2816951031663793e-16
6.798220503606441,1.3285961802811654e-17,9.39459368535357e-17,1.0347711444269925e-16,3.9999999999999995e-18,5.323682959362508e-21,7.683126171280418e-19,1.6935917912537706e-17,2.0002163645048207e-16,1.4709731752147525e-17,2.54011289174665e-17,,,1.0440320873619377e-16,2.281615529606235e-16
6.837491674067436,1.3247752863710746e-17,9.367575885413373e-17,1.0347711444269925e-16,3.9999999999999995e-18,5.323682959362508e-21,7.661030360353058e-19,1.6935896930261068e-17,2.0002138863933124e-16,1.4625246328163022e-17,2.54011289174665e-17,,,1.0439835328838014e-16,2.2815367367195483e-16
6.876989701663853,1.3209653809242113e-17,9.340635785641807e-17,1.0347711444269925e-16,3.9999999999999995e-18,5.323682959362508e-21,7.638998094504827e-19,1.6935876188290367e-17,2.0002114366631326e-16,1.4541246146668723e-17,2.54011289174665e-17,,,1.0439352550396745e-16,2.2814587163486603e-16
6.916715896877626,1.3171664323389867e-17,9.313773162581893e-17,1.0347711444269925e-16,3.9999999999999995e-18,5.323682959362508e-21,7.617029190987197e-19,1.6935855683873704e-17,2.0002090149892696e-16,1.4457728420671786e-17,2.54011289174665e-17,,,1.0438872522660451e-16,2.2813814604241484e-16
6.956671577760956,1.3133784091046913e-17,9.28698779341927e-17,1.0347711444269925e-16,3.9999999999999995e-18,5.323682959362508e-21,7.595123467577189e-19,1.6935835414290703e-17,2.0002066210504328e-16,1.4374690379186418e-17,2.54011289174665e-17,,,1.043839523008097e-16,2.2813049609638613e-16
6.996858069979989,1.3096012798012398e-17,9.260279455980379e-17,1.0347711444269925e-16,3.9999999999999995e-18,5.323682959362508e-21,7.57328074257589e-19,1.6935815376852126e-17,2.0002042545290106e-16,1.4292129267142043e-17,2.54011289174665e-17,,,1.0437920657196615e-16,2.281229210071966e-16
7.037276706858831,1.305835013098907e-17,9.233647928730612e-17,1.0347711444269925e-16,3.9999999999999995e-18,5.323682959362508e-21,7.551500834806929e-19,1.693579556889953e-17,2.000201915111027e-16,1.4210042345291856e-17,2.54011289174665e-17,,,1.0437448788631722e-16,2.2811541999379973e-16
7.0779288294238,1.3020795777580663e-17,9.207092990772451e-17,1.0347711444269925e-16,3.9999999999999995e-18,5.323682959362508e-21,7.529783563614972e-19,1.6935775987804902e-17,2.000199602486101e-16,1.4128426890121867e-17,2.54011289174665e-17,,,1.0436979609096177e-16,2.281079922835928e-16
7.1188157864478665,1.2983349426289358e-17,9.180614421843677e-17,1.0347711444269925e-16,3.9999999999999995e-18,5.323682959362508e-21,7.508128748864241e-19,1.6935756630970335e-17,2.000197316347407e-16,1.4047280193760682e-17,2.54011289174665e-17,,,1.0436513103384964e-16,2.281006371123242e-16
7.159938934495471,1.2946010766513141e-17,9.154212002315496e-17,1.0347711444269925e-16,3.9999999999999995e-18,5.323682959362508e-21,7.486536210936992e-19,1.6935737495827648e-17,2.000195056391629e-16,1.3966599563889515e-17,2.54011289174665e-17,,,1.0436049256377698e-16,2.280933537240018e-16
7.2012996379674625,1.2908779488543284e-17,9.127885513190769e-17,1.0347711444269925e-16,3.9999999999999995e-18,5.323682959362508e-21,7.465005770732062e-19,1.6935718579838076e-17,2.000192822318927e-16,1.3886382323652983e-17,2.54011289174665e-17,,,1.0435588053038177e-16,2.28086141370803e-16
7.242899269146437,1.2871655283561714e-17,9.101634736102141e-17,1.0347711444269925e-16,3.9999999999999995e-18,5.323682959362508e-21,7.443537249663341e-19,1.6935699880491916e-17,2.0001906138328923e-16,1.380662581157018e-17,2.54011289174665e-17,,,1.0435129478413922e-16,2.2807899931298447e-16
7.2847392082422004,1.2834637843638516e-17,9.075459453310282e-17,1.0347711444269925e-16,3.9999999999999995e-18,5.323682959362508e-21,7.422130469658334e-19,1.6935681395308205e-17,2.0001884306405108e-16,1.3727327381446491e-17,2.54011289174665e-17,,,1.0434673517635727e-16,2.280719268187945e-16
7.326820843437625,1.2797726861729317e-17,9.049359447702033e-17,1.0347711444269925e-16,3.9999999999999995e-18,5.323682959362508e-21,7.400785253156642e-19,1.6935663121834383e-17,2.0001862724521232e-16,1.3648484402285675e-17,2.54011289174665e-17,,,1.0434220155917214e-16,2.2806492316438487e-16
7.369145570934647,1.2760922031672799e-17,9.023334502788651e-17,1.0347711444269925e-16,3.9999999999999995e-18,5.323682959362508e-21,7.379501423108529e-19,1.6935645057645967e-17,2.0001841389813857e-16,1.3570094258202687e-17,2.54011289174665e-17,,,1.0433769378554381e-16,2.2805798763372427e-16
7.411714795000648,1.27242230481881e-17,8.997384402703969e-17,1.0347711444269925e-16,3.9999999999999995e-18,5.323682959362508e-21,7.358278802973417e-19,1.6935627200346245e-17,2.000182029945234e-16,1.3492154348336774e-17,2.54011289174665e-17,,,1.0433321170925162e-16,2.28051119518513e-16
7.454529928014992,1.2687629606872343e-17,8.971508932202644e-17,1.0347711444269925e-16,3.9999999999999995e-18,5.323682959362508e-21,7.337117216718457e-19,1.6935609547565935e-17,2.0001799450638455e-16,1.3414662086765303e-17,2.54011289174665e-17,,,1.0432875518488976e-16,2.2804431811809807e-16
7.497592390515938,1.2651141404198047e-17,8.94570787665834e-17,1.0347711444269925e-16,3.9999999999999995e-18,5.323682959362508e-21,7.316016488817031e-19,1.6935592096962895e-17,2.0001778840606005e-16,1.3337614902417844e-17,2.54011289174665e-17,,,1.0432432406786296e-16,2.280375827393893e-16
7.5409036112477175,1.2614758137510671e-17,8.919981022061979e-17,1.0347711444269925e-16,3.9999999999999995e-18,5.323682959362508e-21,7.294976444247334e-19,1.693557484622178e-17,2.0001758466620466e-16,1.3261010238990975e-17,2.54011289174665e-17,,,1.043199182143821e-16,2.280309126967765e-16
7.584465027207995,1.2578479505026051e-17,8.894328155019929e-17,1.0347711444269925e-16,3.9999999999999995e-18,5.323682959362508e-21,7.273996908490889e-19,1.6935557793053792e-17,2.000173832597863e-16,1.3184845554863368e-17,2.54011289174665e-17,,,1.0431553748145976e-16,2.2802430731204765e-16
7.628278083695488,1.2542305205827941e-17,8.868749062752274e-17,1.0347711444269925e-16,3.9999999999999995e-18,5.323682959362508e-21,7.253077707531128e-19,1.6935540935196294e-17,2.000171841600823e-16,1.3109118323011557e-17,2.54011289174665e-17,,,1.0431118172690604e-16,2.2801776591430765e-16
7.672344234357974,1.2506234939865477e-17,8.843243533091013e-17,1.0347711444269925e-16,3.9999999999999995e-18,5.323682959362508e-21,7.232218667851922e-19,1.6935524270412592e-17,2.0001698734067607e-16,1.3033826030926004e-17,2.54011289174665e-17,,,1.0430685080932407e-16,2.2801128783989817e-16
7.716664941240468,1.2470268407950727e-17,8.817811354478331e-17,1.0347711444269925e-16,3.9999999999999995e-18,5.323682959362508e-21,7.211419616436169e-19,1.693550779649159e-17,2.0001679277545354e-16,1.2958966180527827e-17,2.54011289174665e-17,,,1.0430254458810585e-16,2.280048724323185e-16
7.761241674833785,1.2434405311756169e-17,8.792452315964813e-17,1.0347711444269925e-16,3.9999999999999995e-18,5.323682959362508e-21,7.190680380764331e-19,1.693549151124751e-17,2.0001660043859948e-16,1.2884536288085835e-17,2.54011289174665e-17,,,1.0429826292342796e-16,2.2799851904214673e-16
7.806075914123269,1.2398645353812263e-17,8.767166207207732e-17,1.0347711444269925e-16,3.9999999999999995e-18,5.323682959362508e-21,7.170000788813031e-19,1.6935475412519593e-17,2.0001641030459443e-16,1.2810533884134201e-17,2.54011289174665e-17,,,1.0429400567624722e-16,2.2799222702696254e-16
7.85116914663793,1.2362988237504928e-17,8.741952818469258e-17,1.0347711444269925e-16,3.9999999999999995e-18,5.323682959362508e-21,7.149380669053594e-19,1.6935459498171837e-17,2.00016222348211e-16,1.2736956513390434e-17,2.54011289174665e-17,,,1.0428977270829658e-16,2.2798599575127027e-16
7.896522868499725,1.2327433667073145e-17,8.716811940614768e-17,1.0347711444269925e-16,3.9999999999999995e-18,5.323682959362508e-21,7.128819850450664e-19,1.6935443766092684e-17,2.0001603654451064e-16,1.2663801734674036e-17,2.54011289174665e-17,,,1.0428556388208084e-16,2.279798245864229e-16
7.942138584473271,1.2291981347606435e-17,8.691743365111067e-17,1.0347711444269925e-16,3.9999999999999995e-18,5.323682959362508e-21,7.108318162460741e-19,1.6935428214194763e-17,2.0001585286884052e-16,1.2591067120825378e-17,2.54011289174665e-17,,,1.0428137906087252e-16,2.2797371291054733e-16
7.988017808015702,1.2256630985042484e-17,8.666746884024694e-17,1.0347711444269925e-16,3.9999999999999995e-18,5.323682959362508e-21,7.087875435030811e-19,1.6935412840414602e-17,2.000156712968299e-16,1.2518750258625291e-17,2.54011289174665e-17,,,1.0427721810870762e-16,2.279676601084697e-16
8.034162061326944,1.2221382286164638e-17,8.641822290020167e-17,1.0347711444269925e-16,3.9999999999999995e-18,5.323682959362508e-21,7.067491498596894e-19,1.693539764271236e-17,2.0001549180438738e-16,1.24468487487149e-17,2.54011289174665e-17,,,1.0427308089038156e-16,2.2796166557164244e-16
8.080572875400163,1.2186234958599528e-17,8.616969376358292e-17,1.0347711444269925e-16,3.9999999999999995e-18,5.323682959362508e-21,7.047166184082673e-19,1.6935382619071537e-17,2.00015314367697e-16,1.2375360205516102e-17,2.54011289174665e-17,,,1.0426896727144501e-16,2.27955728698071e-16
8.12725179007262,1.2151188710814588e-17,8.592187936894418e-17,1.0347711444269925e-16,3.9999999999999995e-18,5.323682959362508e-21,7.02689932289806e-19,1.693536776749874e-17,2.0001513896321585e-16,1.2304282257152324e-17,2.54011289174665e-17,,,1.042648771181998e-16,2.279498488922427e-16
8.174200354076692,1.21162432521157e-17,8.56747776607676e-17,1.0347711444269925e-16,3.9999999999999995e-18,5.323682959362508e-21,7.006690746937832e-19,1.6935353086023405e-17,2.000149655676705e-16,1.2233612545369938e-17,2.54011289174665e-17,,,1.0426081029769486e-16,2.27944025565055e-16
8.221420125091331,1.2081398292644721e-17,8.54283865894466e-17,1.0347711444269925e-16,3.9999999999999995e-18,5.323682959362508e-21,6.986540288580197e-19,1.693533857269751e-17,2.0001479415805395e-16,1.2163348725459899e-17,2.54011289174665e-17,,,1.0425676667772215e-16,2.279382581337458e-16
8.268912669793675,1.204665354337713e-17,8.51827041112692e-17,1.0347711444269925e-16,3.9999999999999995e-18,5.323682959362508e-21,6.9664477806854425e-19,1.6935324225595363e-17,2.000146247116227e-16,1.2093488466180065e-17,2.54011289174665e-17,,,1.042527461268126e-16,2.279325460218236e-16
8.316679563911089,1.2012008716119588e-17,8.493772818840075e-17,1.0347711444269925e-16,3.9999999999999995e-18,5.323682959362508e-21,6.946413056594516e-19,1.6935310042813306e-17,2.000144572058937e-16,1.2024029449677745e-17,2.54011289174665e-17,,,1.042487485142321e-16,2.2792688865899893e-16
8.364722392273388,1.1977463523507588e-17,8.469345678886734e-17,1.0347711444269925e-16,3.9999999999999995e-18,5.323682959362508e-21,6.926435950127674e-19,1.6935296022469487e-17,2.0001429161864125e-16,1.1954969371412902e-17,2.54011289174665e-17,,,1.0424477370997757e-16,2.2792128548111614e-16
8.413042748865477,1.1943017679003032e-17,8.444988788653867e-17,1.0347711444269925e-16,3.9999999999999995e-18,5.323682959362508e-21,6.90651629558307e-19,1.69352821627036e-17,2.0001412792789427e-16,1.1886305940081581e-17,2.54011289174665e-17,,,1.042408215847729e-16,2.2791573593008643e-16
8.46164223688018,1.1908670896891893e-17,8.420701946111143e-17,1.0347711444269925e-16,3.9999999999999995e-18,5.323682959362508e-21,6.886653927735413e-19,1.6935268461676638e-17,2.0001396611193322e-16,1.1818036877539996e-17,2.54011289174665e-17,,,1.0423689201006502e-16,2.27910239453821e-16
8.510522468771489,1.1874422892281802e-17,8.396484949809239e-17,1.0347711444269925e-16,3.9999999999999995e-18,5.323682959362508e-21,6.866848681834568e-19,1.6935254917570662e-17,2.000138061492872e-16,1.1750159918728843e-17,2.54011289174665e-17,,,1.0423298485801999e-16,2.279047955061657e-16
8.559685066307999,1.1840273381099737e-17,8.372337598878194e-17,1.0347711444269925e-16,3.9999999999999995e-18,5.323682959362508e-21,6.8471003936042165e-19,1.6935241528588535e-17,2.0001364801873127e-16,1.1682672811598246e-17,2.54011289174665e-17,,,1.0422910000151903e-16,2.278994035468356e-16
8.609131660626783,1.1806222080089605e-17,8.348259693025707e-17,1.0347711444269925e-16,3.9999999999999995e-18,5.323682959362508e-21,6.827408899240466e-19,1.6935228292953716e-17,2.0001349169928346e-16,1.1615573317032945e-17,2.54011289174665e-17,,,1.0422523731415474e-16,2.2789406304135077e-16
8.658863892287446,1.1772268706809964e-17,8.324251032535513e-17,1.0347711444269925e-16,3.9999999999999995e-18,5.323682959362508e-21,6.807774035410518e-19,1.6935215208909996e-17,2.0001333717020214e-16,1.1548859208778094e-17,2.54011289174665e-17,,,1.0422139667022706e-16,2.278887734609728e-16
8.708883411326617,1.1738412979631604e-17,8.300311418265694e-17,1.0347711444269925e-16,3.9999999999999995e-18,5.323682959362508e-21,6.788195639251293e-19,1.693520227472128e-17,2.0001318441098316e-16,1.1482528273365309e-17,2.54011289174665e-17,,,1.0421757794473954e-16,2.278835342826416e-16
8.759191877312636,1.170465461773528e-17,8.276440651647053e-17,1.0347711444269925e-16,3.9999999999999995e-18,5.323682959362508e-21,6.768673548368094e-19,1.6935189488671348e-17,2.0001303340135705e-16,1.1416578310039316e-17,2.54011289174665e-17,,,1.0421378101339549e-16,2.2787834498891327e-16
8.809790959400674,1.1670993341109327e-17,8.252638534681446e-17,1.0347711444269925e-16,3.9999999999999995e-18,5.323682959362508e-21,6.749207600833242e-19,1.6935176849063637e-17,2.0001288412128665e-16,1.1351007130684852e-17,2.54011289174665e-17,,,1.042100057525941e-16,2.2787320506789865e-16
8.86068233638805,1.1637428870547385e-17,8.228904869940161e-17,1.0347711444269925e-16,3.9999999999999995e-18,5.323682959362508e-21,6.729797635184761e-19,1.693516435422101e-17,2.000127365509641e-16,1.1285812559754149e-17,2.54011289174665e-17,,,1.0420625203942672e-16,2.2786811401320225e-16
8.911867696770004,1.1603960927646038e-17,8.205239460562253e-17,1.0347711444269925e-16,3.9999999999999995e-18,5.323682959362508e-21,6.710443490425e-19,1.6935152002485535e-17,2.0001259067080834e-16,1.1220992434194658e-17,2.54011289174665e-17,,,1.0420251975167306e-16,2.27863071323862e-16
8.963348738795638,1.157058923480255e-17,8.18164211025295e-17,1.0347711444269925e-16,3.9999999999999995e-18,5.323682959362508e-21,6.691145006019343e-19,1.6935139792218266e-17,2.0001244646146267e-16,1.1156544603377388e-17,2.54011289174665e-17,,,1.0419880876779737e-16,2.2785807650429e-16
9.01512717052434,1.1537313515212517e-17,8.158112623281974e-17,1.0347711444269925e-16,3.9999999999999995e-18,5.323682959362508e-21,6.67190202189483e-19,1.6935127721799032e-17,2.0001230390379203e-16,1.109246692902545e-17,2.54011289174665e-17,,,1.0419511896694481e-16,2.2785312906421333e-16
9.06720470988238,1.1504133492867611e-17,8.13465080448197e-17,1.0347711444269925e-16,3.9999999999999995e-18,5.323682959362508e-21,6.652714378438873e-19,1.69351157896262e-17,2.0001216297888033e-16,1.1028757285143196e-17,2.54011289174665e-17,,,1.0419145022893766e-16,2.2784822851861587e-16
9.119583084719986,1.1471048892553258e-17,8.111256459246845e-17,1.0347711444269925e-16,3.9999999999999995e-18,5.323682959362508e-21,6.633581916497897e-19,1.693510399411648e-17,2.000120236680282e-16,1.0965413557945612e-17,2.54011289174665e-17,,,1.0418780243427166e-16,2.278433743876806e-16
9.172264032868586,1.143805943984639e-17,8.087929393530186e-17,1.0347711444269925e-16,3.9999999999999995e-18,5.323682959362508e-21,6.614504477376048e-19,1.693509233370473e-17,2.0001188595275038e-16,1.090243364578826e-17,2.54011289174665e-17,,,1.0418417546411229e-16,2.2783856619673294e-16
9.225249302198554,1.1405164861113126e-17,8.06466941384362e-17,1.0347711444269925e-16,3.9999999999999995e-18,5.323682959362508e-21,6.595481902833849e-19,1.6935080806843716e-17,2.000117498147734e-16,1.0839815459097467e-17,2.54011289174665e-17,,,1.0418056920029112e-16,2.2783380347618397e-16
9.278540650677117,1.1372364883506548e-17,8.041476327255242e-17,1.0347711444269925e-16,3.9999999999999995e-18,5.323682959362508e-21,6.576514035086918e-19,1.693506941200392e-17,2.0001161523603275e-16,1.0777556920301074e-17,2.54011289174665e-17,,,1.0417698352530222e-16,2.2782908576147497e-16
9.332139846426767,1.133965923496439e-17,8.018349941387978e-17,1.0347711444269925e-16,3.9999999999999995e-18,5.323682959362508e-21,6.557600716804625e-19,1.693505814767334e-17,2.0001148219867116e-16,1.071565596375943e-17,2.54011289174665e-17,,,1.0417341832229846e-16,2.2782441259302225e-16
9.386048667783832,1.1307047644206836e-17,7.99529006441803e-17,1.0347711444269925e-16,3.9999999999999995e-18,5.323682959362508e-21,6.538741791108826e-19,1.69350470123573e-17,2.0001135068503557e-16,1.0654110535696945e-17,2.54011289174665e-17,,,1.0416987347508799e-16,2.278197835161626e-16
9.440268903357575,1.127452984073421e-17,7.972296505073245e-17,1.0347711444269925e-16,3.9999999999999995e-18,5.323682959362508e-21,6.519937101572521e-19,1.693503600457823e-17,2.000112206776752e-16,1.0592918594133847e-17,2.54011289174665e-17,,,1.0416634886813056e-16,2.278151980810993e-16
9.494802352089447,1.124210555482479e-17,7.949369072631564e-17,1.0347711444269925e-16,3.9999999999999995e-18,5.323682959362508e-21,6.501186492218593e-19,1.693502512287548e-17,2.0001109215933902e-16,1.0532078108818534e-17,2.54011289174665e-17,,,1.04162844386534e-16,2.2781065584284905e-16
9.549650823312852,1.1209774517532523e-17,7.926507576919405e-17,1.0347711444269925e-16,3.9999999999999995e-18,5.323682959362508e-21,6.482489807518483e-19,1.693501436580513e-17,2.0001096511297368e-16,1.0471587061160123e-17,2.54011289174665e-17,,,1.0415935991605075e-16,2.278061563611889e-16
9.604816136813106,1.117753646068483e-17,7.903711828310125e-17,1.0347711444269925e-16,3.9999999999999995e-18,5.323682959362508e-21,6.463846892390929e-19,1.69350037319398e-17,2.0001083952172107e-16,1.0411443444161562e-17,2.54011289174665e-17,,,1.0415589534307415e-16,2.278016992006045e-16
9.660300122887884,1.114539111688035e-17,7.880981637722405e-17,1.0347711444269925e-16,3.9999999999999995e-18,5.323682959362508e-21,6.445257592200654e-19,1.693499321986844e-17,2.0001071536891594e-16,1.0351645262352951e-17,2.54011289174665e-17,,,1.0415245055463511e-16,2.2779728393023797e-16
9.716104622407874,1.111333821948676e-17,7.85831681661872e-17,1.0347711444269925e-16,3.9999999999999995e-18,5.323682959362508e-21,6.426721752757104e-19,1.6934982828196176e-17,2.0001059263808417e-16,1.029219053172543e-17,2.54011289174665e-17,,,1.0414902543839852e-16,2.2779291012383747e-16
9.772231486877935,1.1081377502638516e-17,7.835717177003744e-17,1.0347711444269925e-16,3.9999999999999995e-18,5.323682959362508e-21,6.408239220313148e-19,1.6934972555544094e-17,2.0001047131294016e-16,1.0233077279665254e-17,2.54011289174665e-17,,,1.0414561988265979e-16,2.277885773597064e-16
9.828682578498439,1.1049508701234702e-17,7.813182531422819e-17,1.0347711444269925e-16,3.9999999999999995e-18,5.323682959362508e-21,6.38980984156383e-19,1.6934962400549084e-17,2.000103513773848e-16,1.017430354488845e-17,2.54011289174665e-17,,,1.0414223377634138e-16,2.277842852206536e-16
9.885459770227147,1.101773155093677e-17,7.790712692960367e-17,1.0347711444269925e-16,3.9999999999999995e-18,5.323682959362508e-21,6.371433463645066e-19,1.6934952361863634e-17,2.000102328155034e-16,1.0115867377375632e-17,2.54011289174665e-17,,,1.0413886700898943e-16,2.277800332939441e-16
9.942564945841257,1.0986045788166416e-17,7.768307475238382e-17,1.0347711444269925e-16,3.9999999999999995e-18,5.323682959362508e-21,6.353109934132405e-19,1.6934942438155668e-17,2.0001011561156338e-16,1.005776683830742e-17,2.54011289174665e-17,,,1.0413551947077024e-16,2.2777582117124993e-16
10.0,1.0954451150103323e-17,7.745966692414834e-17,1.0347711444269925e-16,3.9999999999999995e-18,5.323682959362508e-21,6.33483910103974e-19,1.6934932628108365e-17,2.000099997500125e-16,1e-17,2.54011289174665e-17,,,1.0413219105246694e-16,2.277716484486025e-16
