frequency_Hz,requirement_m_per_rtHz,heritage_thermal_target_m_per_rtHz,heritage_thermal_conservative_m_per_rtHz,shot_m_per_rtHz,heritage_dust_m_per_rtHz,laser_frequency_m_per_rtHz,substrate_brownian_m_per_rtHz,rin_m_per_rtHz,pointing_m_per_rtHz,bench_thermoelastic_m_per_rtHz,readout_m_per_rtHz,actuator_control_m_per_rtHz,scattered_light_m_per_rtHz,lovbb_equivalent_m_per_rtHz,seismic_residual_m_per_rtHz,apollo_absolute_m_per_rtHz,heritage_physical_floor_m_per_rtHz,provisional_instrument_total_m_per_rtHz
0.0001,,3.4641016151377546e-15,2.449489742783178e-14,3.6584684660024536e-16,1.788854381999832e-18,3.549299424570803e-15,2.0032520169979108e-16,1.6934932628108367e-15,2.000099997500125e-14,1e-13,8.467042972488833e-17,1.0000499987500625e-14,1.0000499987500625e-15,,,,3.4891227123165797e-15,1.0260943763718676e-13
0.0001005773063001738,,3.4541454641395e-15,2.442449680897795e-14,3.6584684660024536e-16,1.788854381999832e-18,3.528928751302338e-15,1.9974944839389403e-16,1.6837737114818479e-15,1.9886207226687943e-14,9.94260073952957e-14,8.467042972488833e-17,9.94310361334397e-15,9.943103613343972e-16,,,,3.479205059311177e-15,1.0202081462114569e-13
0.00010115794542598982,,3.4442179280474207e-15,2.4354298528066116e-14,3.6584684660024536e-16,1.788854381999832e-18,3.50867501598483e-15,1.9917534985667528e-16,1.674109955285482e-15,1.9772073446715812e-14,9.885530946569393e-14,8.467042972488833e-17,9.886036723357906e-15,9.886036723357908e-16,,,,3.4693162252872164e-15,1.0143557031889685e-13
0.00010174193661806045,,3.4343189246196097e-15,2.4284302003558173e-14,3.6584684660024536e-16,1.788854381999832e-18,3.488537547471148e-15,1.986029013321754e-16,1.6645016739942775e-15,1.9658594853038854e-14,9.828788730000327e-14,8.467042972488833e-17,9.829297426519425e-15,9.829297426519427e-16,,,,3.459456128293188e-15,1.0085368533722574e-13
0.00010232929922807536,,3.4244483718505282e-15,2.4214506655587404e-14,3.6584684660024536e-16,1.788854381999832e-18,3.46851567846689e-15,1.98032098078104e-16,1.6549485492190433e-15,1.9545767685321925e-14,9.772372209558112e-14,8.467042972488833e-17,9.772883842660962e-15,9.772883842660963e-16,,,,3.449624686615385e-15,1.0027514039423539e-13
0.00010292005271944286,,3.4146061879703303e-15,2.4144911905953673e-14,3.6584684660024536e-16,1.788854381999832e-18,3.448608745508264e-15,1.9746293536580037e-16,1.6454502643983037e-15,1.943358820481614e-14,9.716279515771058e-14,8.467042972488833e-17,9.71679410240807e-15,9.71679410240807e-16,,,,3.4398218187772305e-15,9.969991631870754e-14
0.0001035142166679344,,3.4047922914441872e-15,2.4075517178118686e-14,3.6584684660024536e-16,1.788854381999832e-18,3.42881608894012e-15,1.9689540848019477e-16,1.6360065047878187e-15,1.9322052694235058e-14,9.660508789898134e-14,8.467042972488833e-17,9.661026347117529e-15,9.66102634711753e-16,,,,3.4300474435386003e-15,9.912799404946758e-14
0.00010411181076233397,,3.3950066009716042e-15,2.4006321897201127e-14,3.6584684660024536e-16,1.788854381999832e-18,3.409137052894068e-15,1.963295127197686e-16,1.6266169574501406e-15,1.921115745763136e-14,9.605058183867305e-14,8.467042972488833e-17,9.60557872881568e-15,9.605578728815682e-16,,,,3.420301479895141e-15,9.855935463475238e-14
0.00010471285480508996,,3.3852490354857546e-15,2.3937325489971964e-14,3.6584684660024536e-16,1.788854381999832e-18,3.3895709852667594e-15,1.9576524339651608e-16,1.6172813112442546e-15,1.91008988202745e-14,9.549925860214359e-14,8.467042972488833e-17,9.55044941013725e-15,9.55044941013725e-16,,,,3.4105838470776044e-15,9.799397923158282e-14
0.0001053173687129716,,3.3755195141528038e-15,2.3868527384849677e-14,3.6584684660024536e-16,1.788854381999832e-18,3.3701172376982756e-15,1.9520259583590512e-16,1.6079992568152642e-15,1.8991273128528875e-14,9.495109992021984e-14,8.467042972488833e-17,9.495636564264437e-15,9.495636564264439e-16,,,,3.4008944645511716e-15,9.743184910513909e-14
0.00010592537251772886,,3.365817956371242e-15,2.3799927011895525e-14,3.6584684660024536e-16,1.788854381999832e-18,3.350775165550639e-15,1.9464156537683866e-16,1.5987704865841404e-15,1.888227674973276e-14,9.440608762859238e-14,8.467042972488833e-17,9.44113837486638e-15,9.44113837486638e-16,,,,3.391233252014785e-15,9.687294562813993e-14
0.00010653688636675629,,3.3561442817712153e-15,2.3731523802808815e-14,3.6584684660024536e-16,1.788854381999832e-18,3.331544127886459e-15,1.9408214737161616e-16,1.5895946947375318e-15,1.8773906072077967e-14,9.386420366721358e-14,8.467042972488833e-17,9.386953036038982e-15,9.386953036038983e-16,,,,3.3816001294004806e-15,9.631725028022545e-14
0.00010715193052376059,,3.3464984102138607e-15,2.3663317190922217e-14,3.6584684660024536e-16,1.788854381999832e-18,3.3124234874476867e-15,1.9352433718589489e-16,1.5804715772176272e-15,1.8666157504490113e-14,9.332543007969915e-14,8.467042972488833e-17,9.333078752245056e-15,9.333078752245056e-16,,,,3.371995016872724e-15,9.576474464734339e-14
0.00010777052536943224,,3.33688026179064e-15,2.3595306611197033e-14,3.6584684660024536e-16,1.788854381999832e-18,3.293412610634499e-15,1.9296813019865164e-16,1.5714008317120817e-15,1.8559027476509647e-14,9.278974901273309e-14,8.467042972488833e-17,9.279513738254824e-15,9.279513738254823e-16,,,,3.3624178348277415e-15,9.521541042113884e-14
0.00010839269140212039,,3.3272897568226838e-15,2.3527491500218586e-14,3.6584684660024536e-16,1.788854381999832e-18,3.2745108674843126e-15,1.9241352180214471e-16,1.5623821576440036e-15,1.8452512438173574e-14,9.225714271547629e-14,8.467042972488833e-17,9.226256219086787e-15,9.226256219086787e-16,,,,3.3528685038928683e-15,9.466922939834788e-14
0.00010901844923851278,,3.3177268158601236e-15,2.3459871296191455e-14,3.6584684660024536e-16,1.788854381999832e-18,3.255717631650892e-15,1.9186050740187518e-16,1.5534152561619846e-15,1.8346608859897732e-14,9.172759353897794e-14,8.467042972488833e-17,9.173304429948865e-15,9.173304429948865e-16,,,,3.343346944925878e-15,9.412618348019388e-14
0.00010964781961431851,,3.308191359681437e-15,2.3392445438934893e-14,3.6584684660024536e-16,1.788854381999832e-18,3.237032280383607e-15,1.9130908241654923e-16,1.5444998301302044e-15,1.8241313232359898e-14,9.120108393559097e-14,8.467042972488833e-17,9.120656616179949e-15,9.12065661617995e-16,,,,3.3338530790143287e-15,9.358625467178815e-14
0.00011028082338495518,,3.298683309292794e-15,2.3325213369878164e-14,3.6584684660024536e-16,1.788854381999832e-18,3.218454194506794e-15,1.907592422780402e-16,1.5356355841185823e-15,1.813662206638349e-14,9.067759645839051e-14,8.467042972488833e-17,9.068311033191744e-15,9.068311033191744e-16,,,,3.3243868274749096e-15,9.304942508153346e-14
0.00011091748152624009,,3.2892025859273985e-15,2.3258174532055913e-14,3.6584684660024536e-16,1.788854381999832e-18,3.1999827583992343e-15,1.9021098243135057e-16,1.5268222243929863e-15,1.8032531892821926e-14,9.01571137605957e-14,8.467042972488833e-17,9.016265946410961e-15,9.016265946410963e-16,,,,3.3149481118527825e-15,9.251567692053118e-14
0.00011155781513508519,,3.2797491110448375e-15,2.3191328370103558e-14,3.6584684660024536e-16,1.788854381999832e-18,3.1816173599737596e-15,1.8966429833457426e-16,1.5180594589055016e-15,1.7929039262443684e-14,8.963961859499503e-14,8.467042972488833e-17,8.964519631221842e-15,8.964519631221843e-16,,,,3.3055368539209316e-15,9.198499250199204e-14
0.0001122018454301963,,3.270322806330432e-15,2.3124674330252687e-14,3.6584684660024536e-16,1.788854381999832e-18,3.1633573906569656e-15,1.8911918545885917e-16,1.5093469972847517e-15,1.7826140745818003e-14,8.912509381337459e-14,8.467042972488833e-17,8.913070372909001e-15,8.913070372909002e-16,,,,3.296152975679514e-15,9.145735424064964e-14
0.00011284959375277622,,3.2609235936945826e-15,2.3058211860326454e-14,3.6584684660024536e-16,1.788854381999832e-18,3.145202245369046e-15,1.8857563928836934e-16,1.5006845508262757e-15,1.7723832933201225e-14,8.861352236594993e-14,8.467042972488833e-17,8.861916466600612e-15,8.861916466600613e-16,,,,3.2867963993552067e-15,9.093274465217796e-14
0.00011350108156723155,,3.2515513952721344e-15,2.2991940409735067e-14,3.6584684660024536e-16,1.788854381999832e-18,3.1271513225037515e-15,1.8803365532024817e-16,1.4920718324829676e-15,1.7622112434423877e-14,8.810488730080138e-14,8.467042972488833e-17,8.811056217211937e-15,8.811056217211938e-16,,,,3.277467047400569e-15,9.041114635261229e-14
0.00011415633046188459,,3.2422061334217175e-15,2.2925859429471128e-14,3.6584684660024536e-16,1.788854381999832e-18,3.109204023908435e-15,1.8749322906458023e-16,1.4835085568555533e-15,1.7520975878778198e-14,8.75991717633117e-14,8.467042972488833e-17,8.760487939389099e-15,8.7604879393891e-16,,,,3.2681648424933848e-15,8.989254205777244e-14
0.0001148153621496883,,3.2328877307251122e-15,2.285996837210516e-14,3.6584684660024536e-16,1.788854381999832e-18,3.091359754864246e-15,1.8695435604435473e-16,1.474994440183142e-15,1.742041991490657e-14,8.709635899560806e-14,8.467042972488833e-17,8.710209957453286e-15,8.710209957453286e-16,,,,3.2588897075360297e-15,8.937691458269064e-14
0.00011547819846894582,,3.2235961099866068e-15,2.2794266691781052e-14,3.6584684660024536e-16,1.788854381999832e-18,3.07361792406642e-15,1.8641703179542821e-16,1.4665292003338212e-15,1.73204412106904e-14,8.659643233600655e-14,8.467042972488833e-17,8.6602206053452e-15,8.6602206053452e-16,,,,3.2496415656548257e-15,8.886424684104174e-14
0.00011614486138403426,,3.2143311942323568e-15,2.272875384421153e-14,3.6584684660024536e-16,1.788854381999832e-18,3.055977943604683e-15,1.8588125186648755e-16,1.458112556795307e-15,1.7221036453139723e-14,8.609937521846008e-14,8.467042972488833e-17,8.61051822656986e-15,8.610518226569861e-16,,,,3.2404203401994018e-15,8.835452184457719e-14
0.00011681537298613243,,3.2050929067097476e-15,2.266342928667365e-14,3.6584684660024536e-16,1.788854381999832e-18,3.0384392289437695e-15,1.8534701181901313e-16,1.4497442306656481e-15,1.7122202348283407e-14,8.56051711720095e-14,8.467042972488833e-17,8.561101174141704e-15,8.561101174141704e-16,,,,3.2312259547420573e-15,8.784772270256206e-14
0.0001174897554939529,,3.195881170886759e-15,2.259829247800431e-14,3.6584684660024536e-16,1.788854381999832e-18,3.021001198904054e-15,1.848143072272421e-16,1.4414239446439856e-15,1.7023935621060022e-14,8.511380382023768e-14,8.467042972488833e-17,8.51196781053001e-15,8.51196781053001e-16,,,,3.2220583330771263e-15,8.734383262121528e-14
0.0001181680312544783,,3.186695910451331e-15,2.2533342878595752e-14,3.6584684660024536e-16,1.788854381999832e-18,3.003663275642294e-15,1.8428313367813155e-16,1.4331514230213637e-15,1.6926233015209295e-14,8.462525688072696e-14,8.467042972488833e-17,8.463116507604649e-15,8.463116507604649e-16,,,,3.2129173992203426e-15,8.68428349031532e-14
0.00011885022274370189,,3.1775370493107293e-15,2.2468579950391098e-14,3.6584684660024536e-16,1.788854381999832e-18,2.986424884632473e-15,1.837534867713221e-16,1.4249263916715893e-15,1.6829091293164197e-14,8.413951416451949e-14,8.467042972488833e-17,8.414545646582099e-15,8.414545646582099e-16,,,,3.203803077408207e-15,8.63447129468362e-14
0.00011953635256737189,,3.1684045115909233e-15,2.2404003156879932e-14,3.6584684660024536e-16,1.788854381999832e-18,2.969285454646783e-15,1.8322536211910159e-16,1.4167485780421591e-15,1.673250723594373e-14,8.365655957558099e-14,8.467042972488833e-17,8.366253617971865e-15,8.366253617971865e-16,,,,3.1947152920973627e-15,8.584945024601883e-14
0.00012022644346174131,,3.159298221635946e-15,2.2339611963093777e-14,3.6584684660024536e-16,1.788854381999832e-18,2.9522444177366717e-15,1.8269875534636838e-16,1.4086177111452154e-15,1.6636477643046154e-14,8.31763771102671e-14,8.467042972488833e-17,8.318238821523077e-15,8.318238821523077e-16,,,,3.185653967963957e-15,8.535703038920248e-14
0.00012092051829432085,,3.1502181040072735e-15,2.2275405835601717e-14,3.6584684660024536e-16,1.788854381999832e-18,2.935301209214036e-15,1.8217366209059523e-16,1.4005335215485735e-15,1.6540999332343008e-14,8.269895085679318e-14,8.467042972488833e-17,8.270499666171502e-15,8.270499666171504e-16,,,,3.176619029903023e-15,8.486743705909172e-14
0.00012161860006463679,,3.1411640834832003e-15,2.2211384242505975e-14,3.6584684660024536e-16,1.788854381999832e-18,2.9184552676325067e-15,1.8165007800179338e-16,1.3924957413667917e-15,1.6446069139973626e-14,8.222426499470712e-14,8.467042972488833e-17,8.223034569986812e-15,8.223034569986813e-16,,,,3.1676104030278495e-15,8.438065403205369e-14
0.00012232071190499313,,3.1321360850582147e-15,2.2147546653437487e-14,3.6584684660024536e-16,1.788854381999832e-18,2.9017060347688447e-15,1.8112799874247618e-16,1.384504104252295e-15,1.6351683920240326e-14,8.175230379436502e-14,8.467042972488833e-17,8.175841960120163e-15,8.175841960120163e-16,,,,3.158628012669361e-15,8.389666517758034e-14
0.0001230268770812381,,3.1231340339423785e-15,2.2083892539551528e-14,3.6584684660024536e-16,1.788854381999832e-18,2.885052955604443e-15,1.8060741998762345e-16,1.3765583453865493e-15,1.625784054550415e-14,8.128305161640995e-14,8.467042972488833e-17,8.128920272752075e-15,8.128920272752075e-16,,,,3.1496717843754965e-15,8.341545445775397e-14
0.0001237371189935352,,3.1141578555607055e-15,2.2020421373523317e-14,3.6584684660024536e-16,1.788854381999832e-18,2.8684954783069333e-15,1.8008833742464543e-16,1.3686582014712843e-15,1.6164535906081226e-14,8.081649291125376e-14,8.467042972488833e-17,8.082267953040611e-15,8.082267953040612e-16,,,,3.1407416439105858e-15,8.293700592671585e-14
0.00012445146117713856,,3.105207475552544e-15,2.1957132629543643e-14,3.6584684660024536e-16,1.788854381999832e-18,2.852033054211902e-15,1.7957074675334714e-16,1.360803410719771e-15,1.607176691013972e-14,8.03526122185617e-14,8.467042972488833e-17,8.03588345506986e-15,8.035883455069861e-16,,,,3.131837517254735e-15,8.246130373013763e-14
0.00012516992730317254,,3.0962828197709666e-15,2.1894025783314553e-14,3.6584684660024536e-16,1.788854381999832e-18,2.8356651378047116e-15,1.7905464368589292e-16,1.3529937128481468e-15,1.5979530483597424e-14,7.989139416674042e-14,8.467042972488833e-17,7.989765241798712e-15,7.989765241798714e-16,,,,3.122959330603214e-15,8.198833210469639e-14
0.00012589254117941674,,3.0873838142821466e-15,2.1831100312044944e-14,3.6584684660024536e-16,1.788854381999832e-18,2.8193911867024167e-15,1.7854002394677061e-16,1.3452288490667874e-15,1.5887823570019814e-14,7.943282347242816e-14,8.467042972488833e-17,7.943911785009907e-15,7.943911785009909e-16,,,,3.114107010365834e-15,8.151807537755175e-14
0.00012661932675109443,,3.0785103853647507e-15,2.176835569444627e-14,3.6584684660024536e-16,1.788854381999832e-18,2.803210661635797e-15,1.780268832727562e-16,1.3375085620717347e-15,1.5796643130518827e-14,7.897688493998857e-14,8.467042972488833e-17,7.898321565259414e-15,7.898321565259414e-16,,,,3.1052804831663407e-15,8.10505179658268e-14
0.00012735030810166617,,3.0696624595093287e-15,2.170579141072822e-14,3.6584684660024536e-16,1.788854381999832e-18,2.7871230264314844e-15,1.7751521741287877e-16,1.329832596036168e-15,1.5705986143652136e-14,7.852356346100718e-14,8.467042972488833e-17,7.852993071826066e-15,7.852993071826067e-16,,,,3.0964796758418012e-15,8.058564437609184e-14
0.00012808550945362783,,3.0608399634177027e-15,2.1643406942594417e-14,3.6584684660024536e-16,1.788854381999832e-18,2.7711277479942006e-15,1.77005022128385e-16,1.32220069660193e-15,1.561584960532304e-14,7.80728440137907e-14,8.467042972488833e-17,7.80792480266152e-15,7.807924802661521e-16,,,,3.087704515441997e-15,8.012343920385075e-14
0.00012882495516931337,,3.0520428240023604e-15,2.1581201773238098e-14,3.6584684660024536e-16,1.788854381999832e-18,2.7552242962890838e-15,1.7649629319270405e-16,1.3146126108710931e-15,1.5526230528680914e-14,7.76247116628692e-14,8.467042972488833e-17,7.763115264340455e-15,7.763115264340457e-16,,,,3.0789549292288143e-15,7.966388713303067e-14
0.0001295686697517019,,3.0432709683858506e-15,2.1519175387337864e-14,3.6584684660024536e-16,1.788854381999832e-18,2.739412144324135e-15,1.7598902639141284e-16,1.3070680873975853e-15,1.5437125944022236e-14,7.717915155850128e-14,8.467042972488833e-17,7.718562972011118e-15,7.718562972011119e-16,,,,3.07023084467564e-15,7.920697293547442e-14
0.00013031667784523,,3.0345243239001763e-15,2.1457327271053383e-14,3.6584684660024536e-16,1.788854381999832e-18,2.7236907681327415e-15,1.754832175222006e-16,1.2995668761788506e-15,1.5348532898692152e-14,7.673614893618186e-14,8.467042972488833e-17,7.674266449346076e-15,7.674266449346077e-16,,,,3.0615321894667563e-15,7.875268147043577e-14
0.00013106900423660772,,3.025802818086201e-15,2.1395656912021178e-14,3.6584684660024536e-16,1.788854381999832e-18,2.7080596467563366e-15,1.749788623948349e-16,1.292108728647575e-15,1.5260448456986723e-14,7.62956891161533e-14,8.467042972488833e-17,7.630224228493361e-15,7.630224228493362e-16,,,,3.0528588914967443e-15,7.830099768407819e-14
0.00013182567385564074,,3.017106378693036e-15,2.1334163799350332e-14,3.6584684660024536e-16,1.788854381999832e-18,2.692518262227109e-15,1.7447595683112599e-16,1.284693397663438e-15,1.5172869700055515e-14,7.585775750291836e-14,8.467042972488833e-17,7.586434850027757e-15,7.586434850027758e-16,,,,3.044210878869873e-15,7.785190660897528e-14
0.00013258671177605595,,3.0084349336774508e-15,2.1272847423618267e-14,3.6584684660024536e-16,1.788854381999832e-18,2.677066099550858e-15,1.7397449666489276e-16,1.2773206375049309e-15,1.5085793725804967e-14,7.542233958475705e-14,8.467042972488833e-17,7.542896862902484e-15,7.542896862902484e-16,,,,3.03558807989951e-15,7.740539336361539e-14
0.0001333521432163324,,2.9997884112032752e-15,2.1211707276866554e-14,3.6584684660024536e-16,1.788854381999832e-18,2.6617026466899232e-15,1.734744777419282e-16,1.2699902038612123e-15,1.499921764880221e-14,7.49894209332456e-14,8.467042972488833e-17,7.499608824401105e-15,7.499608824401106e-16,,,,3.026990423107521e-15,7.696144315190829e-14
0.0001341219935405371,,2.991166739640801e-15,2.1150742852596666e-14,3.6584684660024536e-16,1.788854381999832e-18,2.6464273945462144e-15,1.729758959199647e-16,1.2627018538240114e-15,1.4913138600179424e-14,7.455898720277817e-14,8.467042972488833e-17,7.45656930008971e-15,7.456569300089712e-16,,,,3.0184178372236733e-15,7.652004126269476e-14
0.00013489628825916533,,2.9825698475661912e-15,2.108995364576581e-14,3.6584684660024536e-16,1.788854381999832e-18,2.631239836944346e-15,1.7247874706864008e-16,1.2554553458795806e-15,1.482755372753881e-14,7.413102413009177e-14,8.467042972488833e-17,7.413776863769403e-15,7.413776863769404e-16,,,,3.0098702511850447e-15,7.608117306925925e-14
0.00013567505302998611,,2.9739976637608875e-15,2.1029339152782732e-14,3.6584684660024536e-16,1.788854381999832e-18,2.6161394706148587e-15,1.719830270694631e-16,1.2482504399006903e-15,1.474246019485803e-14,7.370551753379349e-14,8.467042972488833e-17,7.371230097429014e-15,7.371230097429015e-16,,,,3.0013475941354303e-15,7.564482402884524e-14
0.0001364583136588924,,2.9654501172110202e-15,2.0968898871503543e-14,3.6584684660024536e-16,1.788854381999832e-18,2.6011257951775486e-15,1.7148873181577943e-16,1.2410868971386739e-15,1.4657855182396274e-14,7.328245331389044e-14,8.467042972488833e-17,7.328927591198136e-15,7.328927591198137e-16,,,,2.9928497954247524e-15,7.521097968217314e-14
0.00013724609610075625,,2.9569271371068193e-15,2.090863230122756e-14,3.6584684660024536e-16,1.788854381999832e-18,2.5861983131248796e-15,1.7099585721273763e-16,1.2339644802155139e-15,1.4573735886600772e-14,7.286181745132275e-14,8.467042972488833e-17,7.286867943300386e-15,7.286867943300387e-16,,,,2.9843767846084706e-15,7.477962565296131e-14
0.00013803842646028852,,2.948428652842032e-15,2.0848538942693176e-14,3.6584684660024536e-16,1.788854381999832e-18,2.5713565298055066e-15,1.7050439917725553e-16,1.2268829531159805e-15,1.4490099520013967e-14,7.2443596007499e-14,8.467042972488833e-17,7.245049760006982e-15,7.245049760006983e-16,,,,2.975928491447e-15,7.435074764744977e-14
0.00013883533099290457,,2.9399545940133306e-15,2.0788618298073695e-14,3.6584684660024536e-16,1.788854381999832e-18,2.5565999534078734e-15,1.7001435363798575e-16,1.219842081179805e-15,1.4406943311181046e-14,7.202777512383407e-14,8.467042972488833e-17,7.203471655590523e-15,7.203471655590524e-16,,,,2.9675048459051206e-15,7.39243314539262e-14
0.00013963683610559375,,2.9315048904197354e-15,2.0728869870973218e-14,3.6584684660024536e-16,1.788854381999832e-18,2.5419280949439236e-15,1.6952571653528257e-16,1.2128416310939072e-15,1.4324264504558197e-14,7.161434102129021e-14,8.467042972488833e-17,7.162132252279099e-15,7.1621322522791e-16,,,,2.9591057781513944e-15,7.350036294225534e-14
0.00014044296835779473,,2.9230794720620294e-15,2.0669293166422542e-14,3.6584684660024536e-16,1.788854381999832e-18,2.527340468232893e-15,1.6903848382116788e-16,1.2058813708846639e-15,1.4242060360421235e-14,7.120327999992027e-14,8.467042972488833e-17,7.121030180210618e-15,7.121030180210618e-16,,,,2.950731218557586e-15,7.30788280634106e-14
0.0001412537544622754,,2.9146782691421806e-15,2.060988769087505e-14,3.6584684660024536e-16,1.788854381999832e-18,2.5128365898851985e-15,1.68552651459298e-16,1.1989610699102206e-15,1.416032815477484e-14,7.07945784384138e-14,8.467042972488833e-17,7.08016407738742e-15,7.08016407738742e-16,,,,2.9423810976980807e-15,7.265971284900854e-14
0.00014206922128601817,,2.906301212062763e-15,2.055065295220262e-14,3.6584684660024536e-16,1.788854381999832e-18,2.4984159792864256e-15,1.6806821542493007e-16,1.192080498852851e-15,1.4079065179262301e-14,7.038822279364571e-14,8.467042972488833e-17,7.0395325896311505e-15,7.03953258963115e-16,,,,2.9340553463493066e-15,7.224300341084607e-14
0.0001428893958511102,,2.8979482314263804e-15,2.049158845969156e-14,3.6584684660024536e-16,1.788854381999832e-18,2.4840781585813956e-15,1.6758517170488861e-16,1.1852394297113558e-15,1.3998268741075758e-14,6.998419960022739e-14,8.467042972488833e-17,6.999134370537878e-15,6.999134370537879e-16,,,,2.9257538954891588e-15,7.182868594044015e-14
0.00014371430533563912,,2.8896192580350894e-15,2.0432693724038515e-14,3.6584684660024536e-16,1.788854381999832e-18,2.4698226526583326e-15,1.6710351629753235e-16,1.1784376357935078e-15,1.3917936162866949e-14,6.95824954700605e-14,8.467042972488833e-17,6.958968081433474e-15,6.958968081433474e-16,,,,2.9174766762964196e-15,7.141674670857014e-14
0.0001445439770745928,,2.8813142228898317e-15,2.0373968257346475e-14,3.6584684660024536e-16,1.788854381999832e-18,2.455648989133128e-15,1.6662324521272141e-16,1.171674891708544e-15,1.3838064782658563e-14,6.918309709189363e-14,8.467042972488833e-17,6.9190323913292814e-15,6.919032391329282e-16,,,,2.9092236201501937e-15,7.100717206482331e-14
0.00014537843856076622,,2.8730330571898557e-15,2.031541157312065e-14,3.6584684660024536e-16,1.788854381999832e-18,2.441556698333672e-15,1.6614435447178362e-16,1.16495097335969e-15,1.3758651953755938e-14,6.878599123088074e-14,8.467042972488833e-17,6.879325976877969e-15,6.87932597687797e-16,,,,2.9009946586293256e-15,7.05999484371418e-14
0.00014621771744567183,,2.8647756923321505e-15,2.0257023186264502e-14,3.6584684660024536e-16,1.788854381999832e-18,2.4275453132843015e-15,1.6566684010748204e-16,1.1582656579367378e-15,1.3679695044659411e-14,6.839116472814293e-14,8.467042972488833e-17,6.8398475223297056e-15,6.839847522329706e-16,,,,2.8927897235118374e-15,7.01950623313734e-14
0.00014706184154045603,,2.8565420599108758e-15,2.0198802613075694e-14,3.6584684660024536e-16,1.788854381999832e-18,2.4136143696903214e-15,1.6519069816398186e-16,1.1516187239086638e-15,1.3601191438977106e-14,6.799860450033224e-14,8.467042972488833e-17,6.800595719488552e-15,6.800595719488553e-16,,,,2.8846087467743552e-15,6.979250033082425e-14
0.00014791083881682073,,2.8483320917167967e-15,2.0140749371242102e-14,3.6584684660024536e-16,1.788854381999832e-18,2.3997634059226213e-15,1.6471592469681777e-16,1.1450099510162856e-15,1.352313853533824e-14,6.760829753919819e-14,8.467042972488833e-17,6.76156926766912e-15,6.76156926766912e-16,,,,2.8764516605915444e-15,6.93922490958142e-14
0.00014876473740795015,,2.8401457197367187e-15,2.0082862979837817e-14,3.6584684660024536e-16,1.788854381999832e-18,2.385991963002378e-15,1.6424251577286118e-16,1.1384391202649646e-15,1.3445533747306914e-14,6.722023091115671e-14,8.467042972488833e-17,6.722766873653457e-15,6.722766873653457e-16,,,,2.868318397335544e-15,6.899429536323485e-14
0.00014962356560944327,,2.8319828761529224e-15,2.0025142959319142e-14,3.6584684660024536e-16,1.788854381999832e-18,2.3722995845858433e-15,1.6377046747028766e-16,1.1319060139173474e-15,1.3368374503296407e-14,6.683439175686148e-14,8.467042972488833e-17,6.6841872516482025e-15,6.684187251648203e-16,,,,2.860208889575403e-15,6.859862594610996e-14
0.00015048735188025146,,2.823843493342602e-15,1.9967588831520633e-14,3.6584684660024536e-16,1.788854381999832e-18,2.3586858169492252e-15,1.6329977587854453e-16,1.125410415486152e-15,1.329165824648395e-14,6.645076729077793e-14,8.467042972488833e-17,6.645829123241975e-15,6.645829123241976e-16,,,,2.8521230700765133e-15,6.820522773315859e-14
0.00015135612484362088,,2.8157275038773103e-15,1.991020011965117e-14,3.6584684660024536e-16,1.788854381999832e-18,2.3451502089736586e-15,1.6283043709831846e-16,1.1189521097269971e-15,1.3215382434726068e-14,6.606934480075957e-14,8.467042972488833e-17,6.607691217363033e-15,6.607691217363034e-16,,,,2.8440608718000604e-15,6.781408768836063e-14
0.00015222991328804204,,2.8076348405223913e-15,1.985297634828994e-14,3.6584684660024536e-16,1.788854381999832e-18,2.331692312130243e-15,1.6236244724150295e-16,1.1125308826312629e-15,1.3139544540474223e-14,6.569011164762661e-14,8.467042972488833e-17,6.569772270237111e-15,6.569772270237111e-16,,,,2.836022227902452e-15,6.742519285052466e-14
0.00015310874616820304,,2.799565436236429e-15,1.979591704338254e-14,3.6584684660024536e-16,1.788854381999832e-18,2.318311680465189e-15,1.6189580243116638e-16,1.1061465214190043e-15,1.3064142050691158e-14,6.531305526474722e-14,8.467042972488833e-17,6.532071025345578e-15,6.532071025345579e-16,,,,2.828007071734765e-15,6.703853033285861e-14
0.0001539926526059492,,2.791519224170691e-15,1.9739021732237056e-14,3.6584684660024536e-16,1.788854381999832e-18,2.3050078705850413e-15,1.6143049880151977e-16,1.0997988145318987e-15,1.2989172466767578e-14,6.493816315762113e-14,8.467042972488833e-17,6.494586233383789e-15,6.494586233383789e-16,,,,2.820015336842193e-15,6.665408732254267e-14
0.0001548816618912481,,2.783496137668574e-15,1.9682289943520124e-14,3.6584684660024536e-16,1.788854381999832e-18,2.2917804416419768e-15,1.6096653249788478e-16,1.0934875516262348e-15,1.2914633304439357e-14,6.456542290346557e-14,8.467042972488833e-17,6.457316652219677e-15,6.457316652219677e-16,,,,2.8120469569634868e-15,6.627185108030472e-14
0.0001557758034831602,,2.775496110265052e-15,1.9625721207253038e-14,3.6584684660024536e-16,1.788854381999832e-18,2.2786289553192113e-15,1.6050389967666175e-16,1.0872125235659449e-15,1.2840522093705232e-14,6.41948221508036e-14,8.467042972488833e-17,6.420261046852616e-15,6.420261046852617e-16,,,,2.804101866030404e-15,6.589180893999824e-14
0.00015667510701081484,,2.7675190756861258e-15,1.9569315054807856e-14,3.6584684660024536e-16,1.788854381999832e-18,2.2655529758164598e-15,1.6004259650529793e-16,1.0809735224156714e-15,1.276683637874494e-14,6.38263486190549e-14,8.467042972488833e-17,6.38341818937247e-15,6.383418189372471e-16,,,,2.7961799981671582e-15,6.55139483081825e-14
0.00015757960227439234,,2.7595649678482743e-15,1.9513071018903518e-14,3.6584684660024536e-16,1.788854381999832e-18,2.2525520698355055e-15,1.5958261916225567e-16,1.0747703414338792e-15,1.269357371783785e-14,6.345999009812873e-14,8.467042972488833e-17,6.346786858918925e-15,6.346786858918926e-16,,,,2.7882812876898695e-15,6.513825666370532e-14
0.00015848931924611142,,2.7516337208579046e-15,1.945698863360196e-14,3.6584684660024536e-16,1.788854381999832e-18,2.239625806565834e-15,1.5912396383698065e-16,1.0686027750660026e-15,1.2620731683282029e-14,6.30957344480193e-14,8.467042972488833e-17,6.310365841641013e-15,6.310365841641014e-16,,,,2.7804056691060125e-15,6.476472155728806e-14
0.0001594042880712218,,2.7437252690108124e-15,1.9401067434304296e-14,3.6584684660024536e-16,1.788854381999832e-18,2.226773757670371e-15,1.5866662672987076e-16,1.062470618937638e-15,1.2548307861313849e-14,6.273356959840379e-14,8.467042972488833e-17,6.274153930656924e-15,6.274153930656924e-16,,,,2.7725530771138785e-15,6.439333061111341e-14
0.00016032453906900416,,2.7358395467916297e-15,1.9345306957746922e-14,3.6584684660024536e-16,1.788854381999832e-18,2.213995497271269e-15,1.5821060405224402e-16,1.0563736698477658e-15,1.2476299852027932e-14,6.237348354824192e-14,8.467042972488833e-17,6.238149926013966e-15,6.238149926013967e-16,,,,2.7647234466020194e-15,6.402407151841474e-14
0.00016125010273377417,,2.7279764888732866e-15,1.928970674199769e-14,3.6584684660024536e-16,1.788854381999832e-18,2.2012906019358104e-15,1.577558920263075e-16,1.0503117257620205e-15,1.2404705269297672e-14,6.201546436537854e-14,8.467042972488833e-17,6.202352634648835e-15,6.202352634648835e-16,,,,2.756916712648713e-15,6.36569320430686e-14
0.00016218100973589298,,2.7201360301164694e-15,1.9234266326452105e-14,3.6584684660024536e-16,1.788854381999832e-18,2.1886586506623696e-15,1.5730248688512607e-16,1.0442845858059956e-15,1.2333521740696147e-14,6.165950018614823e-14,8.467042972488833e-17,6.166760870348073e-15,6.166760870348074e-16,,,,2.749132810521415e-15,6.32919000191892e-14
0.0001631172909227838,,2.7123181055690813e-15,1.9178985251829474e-14,3.6584684660024536e-16,1.788854381999832e-18,2.1760992248664633e-15,1.5685038487259115e-16,1.0382920502585862e-15,1.226274690741751e-14,6.130557921498209e-14,8.467042972488833e-17,6.131373453708756e-15,6.131373453708756e-16,,,,2.7413716756762253e-15,6.292896335072523e-14
0.00016405897731995388,,2.704522650465703e-15,1.9123863060169135e-14,3.6584684660024536e-16,1.788854381999832e-18,2.16361190836688e-15,1.5639958224338948e-16,1.0323339205453717e-15,1.219237842419883e-14,6.095368972401694e-14,8.467042972488833e-17,6.096189212099414e-15,6.096189212099415e-16,,,,2.733633243757341e-15,6.256811001105909e-14
0.0001650061001320227,,2.6967496002270586e-15,1.906889929482664e-14,3.6584684660024536e-16,1.788854381999832e-18,2.151196287371891e-15,1.5595007526297222e-16,1.0264099992320355e-15,1.212241395924236e-14,6.060382005270666e-14,8.467042972488833e-17,6.061206979621179e-15,6.061206979621179e-16,,,,2.7259174505965275e-15,6.220932804260831e-14
0.00016595869074375612,,2.6889988904594755e-15,1.9014093500469976e-14,3.6584684660024536e-16,1.788854381999832e-18,2.1388519504655325e-15,1.555018602075239e-16,1.0205200900178212e-15,1.2052851194138275e-14,6.025595860743577e-14,8.467042972488833e-17,6.026425597069137e-15,6.026425597069138e-16,,,,2.7182242322125733e-15,6.185260555642933e-14
0.00016691678072110582,,2.6812704569543605e-15,1.895944522307581e-14,3.6584684660024536e-16,1.788854381999832e-18,2.1265784885939842e-15,1.5505493336393184e-16,1.014663997729032e-15,1.1983687823787885e-14,5.991009386113538e-14,8.467042972488833e-17,5.9918439118939415e-15,5.991843911893942e-16,,,,2.7105535248107684e-15,6.149793073182358e-14
0.00016788040181225607,,2.6735642356876568e-15,1.890495400992571e-14,3.6584684660024536e-16,1.788854381999832e-18,2.1143754950520008e-15,1.5460929102975506e-16,1.0088415283125577e-15,1.1914921556327181e-14,5.956621435290103e-14,8.467042972488833e-17,5.9574607781635904e-15,5.95746077816359e-16,,,,2.7029052647823584e-15,6.114529181594571e-14
0.00016884958594867532,,2.665880162819321e-15,1.885061940960239e-14,3.6584684660024536e-16,1.788854381999832e-18,2.102242565469442e-15,1.5416492951319366e-16,1.0030524888294475e-15,1.184655011305094e-14,5.922430868761306e-14,8.467042972488833e-17,5.923275056525469e-15,5.92327505652547e-16,,,,2.695279388704021e-15,6.079467712341417e-14
0.00016982436524617443,,2.65821817469279e-15,1.8796440971985984e-14,3.6584684660024536e-16,1.788854381999832e-18,2.090179297797874e-15,1.5372184513305847e-16,9.972966874485158e-16,1.1778571228337191e-14,5.88843655355589e-14,8.467042972488833e-17,5.889285614168595e-15,5.889285614168596e-16,,,,2.6876758333373323e-15,6.044607503592396e-14
0.00017080477200597077,,2.650578207834458e-15,1.8742418248250315e-14,3.6584684660024536e-16,1.788854381999832e-18,2.0781852922972434e-15,1.532800342187403e-16,9.915739334399863e-16,1.1710982649572162e-14,5.854637363205774e-14,8.467042972488833e-17,5.855491324786081e-15,5.855491324786081e-16,,,,2.6800945356282434e-15,6.00994740018617e-14
0.00017179083871575877,,2.642960198953147e-15,1.868855079085917e-14,3.6584684660024536e-16,1.788854381999832e-18,2.0662601515226334e-15,1.528394931101797e-16,9.858840371691707e-16,1.1643782137075613e-14,5.821032177708716e-14,8.467042972488833e-17,5.821891068537806e-15,5.821891068537807e-16,,,,2.672535432706549e-15,5.975486253592276e-14
0.00017278259805078626,,2.6353640849395842e-15,1.8634838153562606e-14,3.6584684660024536e-16,1.788854381999832e-18,2.0544034803110922e-15,1.524002181578365e-16,9.802268100901857e-16,1.1576967464026633e-14,5.78761988349121e-14,8.467042972488833e-17,5.788483732013316e-15,5.788483732013316e-16,,,,2.6649984618853634e-15,5.941222921873078e-14
0.00017378008287493763,,2.627789802865876e-15,1.858127989139322e-14,3.6584684660024536e-16,1.788854381999832e-18,2.0426148857685365e-15,1.519622057226596e-16,9.746020647397026e-16,1.1510536416389825e-14,5.754399373371567e-14,8.467042972488833e-17,5.755268208194912e-15,5.755268208194913e-16,,,,2.657483560660596e-15,5.907156269645908e-14
0.0001747833262418219,,2.6202372899849957e-15,1.8527875560662525e-14,3.6584684660024536e-16,1.788854381999832e-18,2.0308939772567427e-15,1.515254521760572e-16,9.690096147307423e-16,1.1444486792842012e-14,5.721369546523263e-14,8.467042972488833e-17,5.722243396421005e-15,5.722243396421006e-16,,,,2.6499906667104352e-15,5.873285168045477e-14
0.0001757923613958693,,2.6127064837302515e-15,1.847462471895721e-14,3.6584684660024536e-16,1.788854381999832e-18,2.0192403663803867e-15,1.5108995389986596e-16,9.634492747464885e-16,1.1378816404699183e-14,5.688529308438413e-14,8.467042972488833e-17,5.689408202349591e-15,5.689408202349591e-16,,,,2.6425197178948164e-15,5.839608494686426e-14
0.00017680722177343197,,2.605197321714777e-15,1.8421526925135505e-14,3.6584684660024536e-16,1.788854381999832e-18,2.007653666974183e-15,1.5065570728632184e-16,9.579208605341565e-16,1.1313523075844055e-14,5.655877570891539e-14,8.467042972488833e-17,5.656761537922027e-15,5.656761537922027e-16,,,,2.6350706522549127e-15,5.806125133626163e-14
0.00017782794100389227,,2.59770974173101e-15,1.836858173932352e-14,3.6584684660024536e-16,1.788854381999832e-18,1.9961334950900876e-15,1.5022270873802959e-16,9.52424188898881e-16,1.1248604642653916e-14,5.623413251903492e-14,8.467042972488833e-17,5.624302321326957e-15,5.624302321326958e-16,,,,2.6276434080126105e-15,5.772833975327871e-14
0.0001788545529107771,,2.590243681750179e-15,1.8315788722911612e-14,3.6584684660024536e-16,1.788854381999832e-18,1.9846794689845737e-15,1.4979095466793336e-16,9.46959077697649e-16,1.1184058953928948e-14,5.591135275705602e-14,8.467042972488833e-17,5.592029476964473e-15,5.592029476964474e-16,,,,2.6202379235699945e-15,5.739733916623743e-14
0.00017988709151287873,,2.58279907992179e-15,1.8263147438550734e-14,3.6584684660024536e-16,1.788854381999832e-18,1.9732912091059815e-15,1.4936044149928677e-16,9.415253458332637e-16,1.1119883870820942e-14,5.5590425727040387e-14,8.467042972488833e-17,5.55994193541047e-15,5.55994193541047e-16,,,,2.612854137508837e-15,5.706823860678437e-14
0.00018092559102538203,,2.575375874573112e-15,1.821065745014883e-14,3.6584684660024536e-16,1.788854381999832e-18,1.961968338081942e-15,1.4893116566562338e-16,9.361228132483424e-16,1.1056077266762412e-14,5.52713407944435e-14,8.467042972488833e-17,5.528038633381206e-15,5.528038633381207e-16,,,,2.6054919885900793e-15,5.6741027169527065e-14
0.00018197008586099826,,2.5679740042086675e-15,1.8158318322867205e-14,3.6584684660024536e-16,1.788854381999832e-18,1.9507104807068726e-15,1.4850312361072713e-16,9.307513009193507e-16,1.0992637027396143e-14,5.495408738576248e-14,8.467042972488833e-17,5.4963185136980715e-15,5.496318513698072e-16,,,,2.5981514157533203e-15,5.641569401167297e-14
0.00018302061063110568,,2.5605934075097218e-15,1.810612962311693e-14,3.6584684660024536e-16,1.788854381999832e-18,1.9395172639295407e-15,1.480763117886027e-16,9.254106308506694e-16,1.0929561050505107e-14,5.46386549881854e-14,8.467042972488833e-17,5.4647805252525526e-15,5.464780525252553e-16,,,,2.5908323581163073e-15,5.609222835266978e-14
0.00018407720014689563,,2.553234023333779e-15,1.805409091855527e-14,3.6584684660024536e-16,1.788854381999832e-18,1.9283883168407088e-15,1.4765072666344657e-16,9.20100626068699e-16,1.0866847245942835e-14,5.43250331492433e-14,8.467042972488833e-17,5.433423622971417e-15,5.433423622971418e-16,,,,2.583534754974429e-15,5.577061947384859e-14
0.0001851398894205272,,2.5458957907140696e-15,1.8002201778082062e-14,3.6584684660024536e-16,1.788854381999832e-18,1.9173232706608343e-15,1.472263647096172e-16,9.148211106159912e-16,1.0804493535564111e-14,5.401321147646348e-14,8.467042972488833e-17,5.402246767782055e-15,5.402246767782056e-16,,,,2.5762585458002016e-15,5.545085671806838e-14
0.00018620871366628676,,2.5385786488590486e-15,1.7950461771836168e-14,3.6584684660024536e-16,1.788854381999832e-18,1.906321758727855e-15,1.4680322241160621e-16,9.095719095454206e-16,1.0742497853156138e-14,5.3703179637025265e-14,8.467042972488833e-17,5.371248926578069e-15,5.371248926578069e-16,,,,2.569003670242767e-15,5.5132929489362994e-14
0.00018728370830175484,,2.531282537151892e-15,1.789887047119192e-14,3.6584684660024536e-16,1.788854381999832e-18,1.895383416485039e-15,1.46381296264009e-16,9.04352848914387e-16,1.0680858144370067e-14,5.339492735741767e-14,8.467042972488833e-17,5.3404290721850335e-15,5.340429072185034e-16,,,,2.5617700681273864e-15,5.48168272525901e-14
0.00018836490894898002,,2.5240073951499946e-15,1.7847427448755552e-14,3.6584684660024536e-16,1.788854381999832e-18,1.884507881468903e-15,1.4596058277149593e-16,8.991637557790517e-16,1.0619572366652913e-14,5.3088444423098845e-14,8.467042972488833e-17,5.3097861833264566e-15,5.309786183326457e-16,,,,2.5545576794549384e-15,5.4502539533081957e-14
0.00018945235143565914,,2.5167531625844684e-15,1.779613227836167e-14,3.6584684660024536e-16,1.788854381999832e-18,1.873694793297202e-15,1.4554107844878327e-16,8.940044581886069e-16,1.0558638489179886e-14,5.278372067815769e-14,8.467042972488833e-17,5.279319244589943e-15,5.279319244589944e-16,,,,2.547366444401414e-15,5.4190055916298384e-14
0.00019054607179632481,,2.5095197793596424e-15,1.7744984535069718e-14,3.6584684660024536e-16,1.788854381999832e-18,1.862943793656983e-15,1.4512277982060415e-16,8.88874785179575e-16,1.049805449278706e-14,5.2480746024977235e-14,8.467042972488833e-17,5.24902724639353e-15,5.24902724639353e-16,,,,2.540196303317417e-15,5.3879366047481627e-14
0.00019164610627353873,,2.5023071855525698e-15,1.7693983795160468e-14,3.6584684660024536e-16,1.788854381999832e-18,1.8522545262927226e-15,1.4470568342168026e-16,8.837745667701498e-16,1.0437818369904528e-14,5.2179510423900205e-14,8.467042972488833e-17,5.218909184952264e-15,5.218909184952264e-16,,,,2.533047196727669e-15,5.3570459631313365e-14
0.00019275249131909367,,2.4951153214125255e-15,1.764312963613249e-14,3.6584684660024536e-16,1.788854381999832e-18,1.84162663699451e-15,1.4428978579669253e-16,8.787036339545566e-16,1.037792812448981e-14,5.188000389289609e-14,8.467042972488833e-17,5.188964062244904e-15,5.188964062244905e-16,,,,2.5259190653305043e-15,5.32633264315733e-14
0.00019386526359522078,,2.4879441273605132e-15,1.7592421636698665e-14,3.6584684660024536e-16,1.788854381999832e-18,1.8310597735863146e-15,1.4387508350025295e-16,8.736618186974554e-16,1.0318381771961741e-14,5.158221650723056e-14,8.467042972488833e-17,5.1591908859808704e-15,5.159190885980871e-16,,,,2.518811849997378e-15,5.295795627080016e-14
0.00019498445997580456,,2.4807935439887734e-15,1.7541859376782694e-14,3.6584684660024536e-16,1.788854381999832e-18,1.820553585914316e-15,1.434615730968758e-16,8.686489539283729e-16,1.0259177339134716e-14,5.128613839913648e-14,8.467042972488833e-17,5.129588669567358e-15,5.129588669567358e-16,,,,2.5117254917723696e-15,5.265433902995436e-14
0.00019611011754760475,,2.4736635120602887e-15,1.749144243751561e-14,3.6584684660024536e-16,1.788854381999832e-18,1.8101077258352997e-15,1.4304925116094933e-16,8.636648735361648e-16,1.020031286415328e-14,5.0991759757487015e-14,8.467042972488833e-17,5.10015643207664e-15,5.100156432076641e-16,,,,2.5046599318716892e-15,5.235246464808275e-14
0.00019724227361148534,,2.4665539725082956e-15,1.7441170401232327e-14,3.6584684660024536e-16,1.788854381999832e-18,1.7997218472051223e-15,1.4263811427670727e-16,8.587094123635128e-16,1.014178639642714e-14,5.069907082747045e-14,8.467042972488833e-17,5.07089319821357e-15,5.070893198213571e-16,,,,2.4976151116831856e-15,5.205232312198517e-14
0.0001983809656836505,,2.4594648664357934e-15,1.739104285146816e-14,3.6584684660024536e-16,1.788854381999832e-18,1.7893956058672384e-15,1.422281590382006e-16,8.537824062014505e-16,1.0083595996566515e-14,5.0408061910266963e-14,8.467042972488833e-17,5.0417979982832576e-15,5.041797998283258e-16,,,,2.4905909727658563e-15,5.1753904505883e-14
0.00019952623149688788,,2.452396135115057e-15,1.7341059372955378e-14,3.6584684660024536e-16,1.788854381999832e-18,1.779128659641302e-15,1.4181938204926928e-16,8.488836917839236e-16,1.002573973631788e-14,5.0118723362727264e-14,8.467042972488833e-17,5.01286986815894e-15,5.012869868158941e-16,,,,2.4835874568493557e-15,5.145719891108956e-14
0.000200678109001819,,2.4453477199871497e-15,1.7291219551619763e-14,3.6584684660024536e-16,1.788854381999832e-18,1.7689206683118172e-15,1.4141177992351413e-16,8.440131067823766e-16,9.968215698500044e-15,4.983104559705293e-14,8.467042972488833e-17,4.984107849250021e-15,4.984107849250022e-16,,,,2.4766045058335073e-15,5.1162196505682416e-14
0.00020183663636815617,,2.438319562661441e-15,1.7241522974577217e-14,3.6584684660024536e-16,1.788854381999832e-18,1.7587712936168807e-15,1.4100534928426904e-16,8.391704898003798e-16,9.911021976940682e-15,4.954501908047901e-14,8.467042972488833e-17,4.95551098847034e-15,4.955510988470341e-16,,,,2.4696420617878216e-15,5.086888751417779e-14
0.00020300185198596845,,2.4313116049151175e-15,1.7191969230130277e-14,3.6584684660024536e-16,1.788854381999832e-18,1.7486801992369542e-15,1.406000867645724e-16,8.343556803682733e-16,9.854156676413084e-15,4.926063433495772e-14,8.467042972488833e-17,4.927078338206542e-15,4.927078338206543e-16,,,,2.462700066951003e-15,5.0577262217206266e-14
0.00020417379446695296,,2.4243237886927053e-15,1.714255790776475e-14,3.6584684660024536e-16,1.788854381999832e-18,1.7386470507837332e-15,1.4019598900713983e-16,8.295685189378552e-16,9.797617912573425e-15,4.8977881936844616e-14,8.467042972488833e-17,4.898808956286712e-15,4.898808956286712e-16,,,,2.4557784637304697e-15,5.0287310951190965e-14
0.0002053525026457146,,2.417356056105587e-15,1.7093288598146288e-14,3.6584684660024536e-16,1.788854381999832e-18,1.7286715157890608e-15,1.397930526643359e-16,8.248088468770923e-16,9.741403811898275e-15,4.8696752516586316e-14,8.467042972488833e-17,4.8707019059491374e-15,4.870701905949137e-16,,,,2.4488771947018727e-15,4.9999024108027276e-14
0.00020653801558105292,,2.4104083494315215e-15,1.7044160893117022e-14,3.6584684660024536e-16,1.788854381999832e-18,1.7187532636939108e-15,1.3939127439814676e-16,8.200765064648637e-16,9.685512511622549e-15,4.841723675840994e-14,8.467042972488833e-17,4.842756255811274e-15,4.842756255811275e-16,,,,2.441996202608611e-15,4.971239213476444e-14
0.0002077303725572563,,2.4034806111141687e-15,1.699517438569216e-14,3.6584684660024536e-16,1.788854381999832e-18,1.7088919658374363e-15,1.3899065088015218e-16,8.153713408857353e-16,9.629942159677763e-15,4.813932540001449e-14,8.467042972488833e-17,4.814971079838881e-15,4.814971079838881e-16,,,,2.4351354303613527e-15,4.9427405533289054e-14
0.00020892961308540387,,2.3965727837626095e-15,1.6946328670056624e-14,3.6584684660024536e-16,1.788854381999832e-18,1.6990872954460762e-15,1.3859117879149828e-16,8.106931942247624e-16,9.574690914630664e-15,4.786300923226386e-14,8.467042972488833e-17,4.787345457315332e-15,4.787345457315332e-16,,,,2.4282948210375574e-15,4.914405486001025e-14
0.00021013577690467467,,2.389684810150871e-15,1.6897623341561684e-14,3.6584684660024536e-16,1.788854381999832e-18,1.6893389276227294e-15,1.3819285482286973e-16,8.060419114623237e-16,9.519756945622218e-15,4.7588279098881717e-14,8.467042972488833e-17,4.759878472811109e-15,4.75987847281111e-16,,,,2.4214743178809976e-15,4.8862330725546825e-14
0.00021134890398366476,,2.382816633217454e-15,1.6849057996721603e-14,3.6584684660024536e-16,1.788854381999832e-18,1.6796465393359838e-15,1.3779567567446247e-16,8.014173384689829e-16,9.46513843230692e-15,4.7315125896148034e-14,8.467042972488833e-17,4.73256921615346e-15,4.732569216153461e-16,,,,2.4146738643012826e-15,4.858222379441603e-14
0.00021256903452171076,,2.3759681960648614e-15,1.680063223321032e-14,3.6584684660024536e-16,1.788854381999832e-18,1.6700098094094218e-15,1.3739963805595662e-16,7.968193220003853e-16,9.410833564792519e-15,4.7043540572597604e-14,8.467042972488833e-17,4.705416782396259e-15,4.70541678239626e-16,,,,2.4078934038733863e-15,4.8303724784724445e-14
0.00021379620895022324,,2.3691394419591216e-15,1.6752345649858078e-14,3.6584684660024536e-16,1.788854381999832e-18,1.6604284185109654e-15,1.370047386864887e-16,7.922477096921747e-16,9.356840543579982e-15,4.677351412871982e-14,8.467042972488833e-17,4.67842027178999e-15,4.67842027178999e-16,,,,2.40113288033717e-15,4.8026824467860064e-14
0.00021503046793402565,,2.3623303143293225e-15,1.670419784664812e-14,3.6584684660024536e-16,1.788854381999832e-18,1.6509020491423016e-15,1.366109742946249e-16,7.877023500549469e-16,9.303157579503896e-15,4.6505037616660634e-14,8.467042972488833e-17,4.651578789751948e-15,4.651578789751949e-16,,,,2.3943922375969118e-15,4.775151366818671e-14
0.00021627185237270202,,2.355540756767143e-15,1.6656188424713387e-14,3.6584684660024536e-16,1.788854381999832e-18,1.641430385628361e-15,1.3621834161833375e-16,7.831830924692308e-16,9.249782893673198e-15,4.623810213992603e-14,8.467042972488833e-17,4.624891446836599e-15,4.624891446836599e-16,,,,2.387671419720837e-15,4.747778326273994e-14
0.00021752040340195221,,2.348770713026384e-15,1.6608316986333185e-14,3.6584684660024536e-16,1.788854381999832e-18,1.6320131141068545e-15,1.3582683740495923e-16,7.786897871804947e-16,9.196714717412187e-15,4.597269885308723e-14,8.467042972488833e-17,4.598357358706093e-15,4.5983573587060935e-16,,,,2.3809703709406476e-15,4.720562418092475e-14
0.00021877616239495518,,2.3420201270225034e-15,1.6560583134929915e-14,3.6584684660024536e-16,1.788854381999832e-18,1.622649922517876e-15,1.3543645841119367e-16,7.742222852941867e-16,9.143951292201945e-15,4.570881896148752e-14,8.467042972488833e-17,4.571975646100973e-15,4.571975646100974e-16,,,,2.3742890356510543e-15,4.693502740421491e-14
0.00022003917096373996,,2.3352889428321502e-15,1.6512986475065772e-14,3.6584684660024536e-16,1.788854381999832e-18,1.6133405005935577e-15,1.3504720140305095e-16,7.697804387707976e-16,9.09149086962205e-15,4.5446453720950854e-14,8.467042972488833e-17,4.545745434811025e-15,4.545745434811025e-16,,,,2.3676273584093088e-15,4.6665983965854214e-14
0.00022130947096056386,,2.328577104692706e-15,1.64655266124395e-14,3.6584684660024536e-16,1.788854381999832e-18,1.6040845398477958e-15,1.346590631558399e-16,7.653641004209599e-16,9.039331711292661e-15,4.5185594437492217e-14,8.467042972488833e-17,4.5196658556463306e-15,4.519665855646331e-16,,,,2.360985283934743e-15,4.639848495055942e-14
0.00022258710447930054,,2.321884557001816e-15,1.6418203153883068e-14,3.6584684660024536e-16,1.788854381999832e-18,1.594881733566019e-15,1.3427204045413728e-16,7.609731239005648e-16,8.987472088816876e-15,4.492623246702933e-14,8.467042972488833e-17,4.493736044408438e-15,4.493736044408438e-16,,,,2.3543627571082968e-15,4.6132521494224615e-14
0.000223872113856834,,2.315211244316932e-15,1.6371015707358473e-14,3.6584684660024536e-16,1.788854381999832e-18,1.5857317767950306e-15,1.3388613009176126e-16,7.566073637059165e-16,8.935910283723487e-15,4.466835921509631e-14,8.467042972488833e-17,4.4679551418617435e-15,4.467955141861744e-16,,,,2.347759722972061e-15,4.5868084783627617e-14
0.0002251645416744618,,2.308557111354854e-15,1.632396388195445e-14,3.6584684660024536e-16,1.788854381999832e-18,1.5766343663329017e-15,1.3350132887174494e-16,7.522666751689095e-16,8.884644587410017e-15,4.441196613655889e-14,8.467042972488833e-17,4.4423222937050094e-15,4.442322293705009e-16,,,,2.341176126728814e-15,4.560516605613792e-14
0.00022646443075930594,,2.30192210299127e-15,1.6277047287883254e-14,3.6584684660024536e-16,1.788854381999832e-18,1.5675892007189249e-15,1.3311763360630974e-16,7.479509144522351e-16,8.833673301086124e-15,4.4157044735331266e-14,8.467042972488833e-17,4.416836650543062e-15,4.416836650543062e-16,,,,2.334611913741562e-15,4.534375659942633e-14
0.00022777182418573218,,2.295306164260301e-15,1.6230265536477427e-14,3.6584684660024536e-16,1.788854381999832e-18,1.5585959802236234e-15,1.3273504111683911e-16,7.436599385446143e-16,8.782994735717282e-15,4.390358656409448e-14,8.467042972488833e-17,4.39149736785864e-15,4.391497367858641e-16,,,,2.3280670295330777e-15,4.508384775117622e-14
0.00022908676527677723,,2.2887092403540457e-15,1.6183618240186577e-14,3.6584684660024536e-16,1.788854381999832e-18,1.549654406838819e-15,1.3235354823385213e-16,7.393936052560594e-16,8.732607211968825e-15,4.365158322401661e-14,8.467042972488833e-17,4.3663036059844125e-15,4.3663036059844126e-16,,,,2.3215414197854468e-15,4.482543089879656e-14
0.00023040929760558446,,2.2821312766221245e-15,1.613710501257417e-14,3.6584684660024536e-16,1.788854381999832e-18,1.540764184267758e-15,1.3197315179697722e-16,7.351517732131625e-16,8.682509060150302e-15,4.340102636447441e-14,8.467042972488833e-17,4.341254530075151e-15,4.3412545300751514e-16,,,,2.3150350303396058e-15,4.456849747913645e-14
0.00023173946499684798,,2.2755722185712278e-15,1.6090725468314316e-14,3.6584684660024536e-16,1.788854381999832e-18,1.5319250179152908e-15,1.3159384865492597e-16,7.309343018544089e-16,8.632698620160133e-15,4.315190768277651e-14,8.467042972488833e-17,4.3163493100800656e-15,4.316349310080066e-16,,,,2.3085478071948907e-15,4.431303897820135e-14
0.00023307731152826387,,2.269032011864668e-15,1.6044479223188615e-14,3.6584684660024536e-16,1.788854381999832e-18,1.5231366148781144e-15,1.312156356654673e-16,7.267410514255235e-16,8.583174241430626e-15,4.290421892388854e-14,8.467042972488833e-17,4.291587120715312e-15,4.2915871207153128e-16,,,,2.3020796965085854e-15,4.4059046930871145e-14
0.00023442288153199226,,2.262510602321923e-15,1.599836589408292e-14,3.6584684660024536e-16,1.788854381999832e-18,1.5143986839350602e-15,1.308385096954009e-16,7.225718829748346e-16,8.533934282873247e-15,4.265795188015926e-14,8.467042972488833e-17,4.2669671414366235e-15,4.2669671414366236e-16,,,,2.29563064459546e-15,4.380651292061934e-14
0.00023577621959612545,,2.2560079359181912e-15,1.595238509898419e-14,3.6584684660024536e-16,1.788854381999832e-18,1.5057109355374466e-15,1.3046246762053176e-16,7.184266583486724e-16,8.48497711282426e-15,4.241309839104882e-14,8.467042972488833e-17,4.24248855641213e-15,4.24248855641213e-16,,,,2.289200597927329e-15,4.355542857923435e-14
0.0002371373705661655,,2.249523958783944e-15,1.5906536456977344e-14,3.6584684660024536e-16,1.788854381999832e-18,1.4970730817994853e-15,1.3008750632564396e-16,7.143052401867906e-16,8.436301108990653e-15,4.2169650342858234e-14,8.467042972488833e-17,4.218150554495326e-15,4.2181505544953266e-16,,,,2.282789503132594e-15,4.3305785586542155e-14
0.00023850637954651052,,2.243058617204478e-15,1.5860819588242068e-14,3.6584684660024536e-16,1.788854381999832e-18,1.4884848364887403e-15,1.2971362270447512e-16,7.102074919178143e-16,8.387904658396381e-15,4.192759966846055e-14,8.467042972488833e-17,4.1939523291981906e-15,4.193952329198191e-16,,,,2.2763973069957993e-15,4.3057575670130614e-14
0.000239883291901949,,2.236611857619472e-15,1.5815234114049697e-14,3.6584684660024536e-16,1.788854381999832e-18,1.479945915016643e-15,1.2934081365969049e-16,7.061332777547147e-16,8.339786157328918e-15,4.168693834703355e-14,8.467042972488833e-17,4.169893078664459e-15,4.16989307866446e-16,,,,2.2700239564571825e-15,4.2810790605075335e-14
0.00024126815325916328,,2.2301836266225414e-15,1.5769779656760064e-14,3.6584684660024536e-16,1.788854381999832e-18,1.4714560344290619e-15,1.2896907610285737e-16,7.020824626903093e-16,8.29194401128611e-15,4.144765840379393e-14,8.467042972488833e-17,4.1459720056430544e-15,4.145972005643055e-16,,,,2.2636693986122265e-15,4.256542221366708e-14
0.00024266100950824142,,2.2237738709607966e-15,1.5724455839818376e-14,3.6584684660024536e-16,1.788854381999832e-18,1.4630149133969262e-15,1.2859840695441948e-16,6.980549124927877e-16,8.244376634923337e-15,4.120975190973304e-14,8.467042972488833e-17,4.1221883174616684e-15,4.1221883174616687e-16,,,,2.257333580711217e-15,4.232146236514084e-14
0.00024406190680419814,,2.2173825375344003e-15,1.5679262287752085e-14,3.6584684660024536e-16,1.788854381999832e-18,1.4546222722069016e-15,1.282288031436714e-16,6.940504937012642e-16,8.197082452000978e-15,4.0973210981354134e-14,8.467042972488833e-17,4.098541226000489e-15,4.0985412260004895e-16,,,,2.251016450158794e-15,4.2078902975406357e-14
0.0002454708915685031,,2.2110095733961335e-15,1.5634198626167813e-14,3.6584684660024536e-16,1.788854381999832e-18,1.446277832752128e-15,1.2786026160873348e-16,6.900690736213562e-16,8.150059895332203e-15,4.0738027780411265e-14,8.467042972488833e-17,4.075029947666102e-15,4.0750299476661024e-16,,,,2.2447179545135173e-15,4.183773600678035e-14
0.0002468880104906209,,2.2046549257509478e-15,1.5589264481748194e-14,3.6584684660024536e-16,1.788854381999832e-18,1.4379813185229945e-15,1.2749277929652589e-16,6.861105203207846e-16,8.103307406731004e-15,4.050419451364931e-14,8.467042972488833e-17,4.051653703365502e-15,4.0516537033655023e-16,,,,2.2384380414874147e-15,4.159795346772002e-14
0.00024831331052955704,,2.198318541955535e-15,1.5544459482248826e-14,3.6584684660024536e-16,1.788854381999832e-18,1.4297324545979827e-15,1.2712635316274374e-16,6.821747026250035e-16,8.056823436960573e-15,4.027170343254591e-14,8.467042972488833e-17,4.028411718480286e-15,4.028411718480287e-16,,,,2.2321766589455487e-15,4.1359547412558274e-14
0.0002497468389154143,,2.1920003695178877e-15,1.5499783256495165e-14,3.6584684660024536e-16,1.788854381999832e-18,1.421530967634554e-15,1.267609801718318e-16,6.782614901128535e-16,8.01060644568198e-15,4.0040546833054637e-14,8.467042972488833e-17,4.0053032228409895e-15,4.00530322284099e-16,,,,2.225933754905573e-15,4.112250994124051e-14
0.00025118864315095795,,2.1857003560968665e-15,1.5455235434379458e-14,3.6584684660024536e-16,1.788854381999832e-18,1.4133765858600936e-15,1.2639665729695929e-16,6.743707531122394e-16,7.96465490140311e-15,3.981071705534974e-14,8.467042972488833e-17,3.982327450701554e-15,3.982327450701555e-16,,,,2.219709277537299e-15,4.088683319906277e-14
0.00025263877101318956,,2.179418449501764e-15,1.5410815646857684e-14,3.6584684660024536e-16,1.788854381999832e-18,1.4052690390629033e-15,1.260333815199948e-16,6.705023626958333e-16,7.918967281427927e-15,3.958220648357227e-14,8.467042972488833e-17,3.959483640713963e-15,3.9594836407139633e-16,,,,2.213503175162254e-15,4.065250937641146e-14
0.0002540972705549307,,2.173154597691873e-15,1.536652352594647e-14,3.6584684660024536e-16,1.788854381999832e-18,1.3972080585832465e-15,1.256711498314812e-16,6.666561906768019e-16,7.873542071806003e-15,3.9355007545577715e-14,8.467042972488833e-17,3.936771035903001e-15,3.936771035903002e-16,,,,2.2073153962532485e-15,4.0419530708504494e-14
0.00025556419010641396,,2.1669087487760608e-15,1.5322358704720095e-14,3.6584684660024536e-16,1.788854381999832e-18,1.3891933773044516e-15,1.2530995923061118e-16,6.628321096045614e-16,7.828377767282384e-15,3.912911271268528e-14,8.467042972488833e-17,3.914188883641192e-15,3.9141888836411923e-16,,,,2.2011458894339452e-15,4.0187889475134285e-14
0.0002570395782768865,,2.16068085101233e-15,1.527832081730739e-14,3.6584684660024536e-16,1.788854381999832e-18,1.3812247296440509e-15,1.2494980672520162e-16,6.590299927605498e-16,7.783472871247658e-15,3.8904514499428046e-14,8.467042972488833e-17,3.891736435623829e-15,3.89173643562383e-16,,,,2.1949946034784176e-15,3.995757800041149e-14
0.0002585234839562191,,2.1544708528073954e-15,1.5234409498888735e-14,3.6584684660024536e-16,1.788854381999832e-18,1.3733018515449872e-15,1.2459068933166947e-16,6.552497141540305e-16,7.738825895688397e-15,3.868120546330522e-14,8.467042972488833e-17,3.869412947844199e-15,3.869412947844199e-16,,,,2.188861487310723e-15,3.9728588652510955e-14
0.0002600159563165272,,2.1482787027162565e-15,1.5190624385693043e-14,3.6584684660024536e-16,1.788854381999832e-18,1.3654244804668595e-15,1.2423260407500662e-16,6.514911485179167e-16,7.694435361137834e-15,3.845917820453535e-14,8.467042972488833e-17,3.847217680568917e-15,3.8472176805689167e-16,,,,2.182746490004472e-15,3.9500913843418685e-14
0.0002615170448137997,,2.1421043494417707e-15,1.514696511499474e-14,3.6584684660024536e-16,1.788854381999832e-18,1.3575923553772264e-15,1.2387554798875553e-16,6.477541713046209e-16,7.650299796626845e-15,3.823842536581127e-14,8.467042972488833e-17,3.825149898313423e-15,3.825149898313423e-16,,,,2.1766495607823986e-15,3.927454602868053e-14
0.00026302679918953814,,2.1359477418342274e-15,1.5103431325110753e-14,3.6584684660024536e-16,1.788854381999832e-18,1.3498052167429539e-15,1.235195181149845e-16,6.440386586819266e-16,7.606417739635204e-15,3.8018939632056127e-14,8.467042972488833e-17,3.803208869817602e-15,3.803208869817602e-16,,,,2.1705706490159303e-15,3.9049477707152006e-14
0.0002645452694724049,,2.1298088288909255e-15,1.5060022655397527e-14,3.6584684660024536e-16,1.788854381999832e-18,1.3420628065216165e-15,1.2316451150426312e-16,6.403444875288861e-16,7.562787736043116e-15,3.780071373018113e-14,8.467042972488833e-17,3.781393868021558e-15,3.781393868021558e-16,,,,2.164509704224761e-15,3.88257014207499e-14
0.00026607250597988083,,2.12368755975575e-15,1.5016738746248023e-14,3.6584684660024536e-16,1.788854381999832e-18,1.334364868152945e-15,1.2281052521563808e-16,6.366715354317395e-16,7.51940834008303e-15,3.758374042884444e-14,8.467042972488833e-17,3.759704170041515e-15,3.7597041700415157e-16,,,,2.1584666760764267e-15,3.8603209754205e-14
0.0002676085593199333,,2.1175838837187507e-15,1.497357923908874e-14,3.6584684660024536e-16,1.788854381999832e-18,1.3267111465503243e-15,1.224575563166084e-16,6.330196806798583e-16,7.476278114291726e-15,3.736801253821157e-14,8.467042972488833e-17,3.738139057145863e-15,3.7381390571458634e-16,,,,2.152441514385877e-15,3.838199533481642e-14
0.00026915348039269167,,2.111497750215725e-15,1.4930543776376783e-14,3.6584684660024536e-16,1.788854381999832e-18,1.3191013880923462e-15,1.221056018831017e-16,6.293888022617147e-16,7.433395629462714e-15,3.715352290971724e-14,8.467042972488833e-17,3.716697814731356e-15,3.716697814731357e-16,,,,2.1464341691150575e-15,3.8162050832207406e-14
0.00027070732039213575,,2.1054291088277946e-15,1.488763200159683e-14,3.6584684660024536e-16,1.788854381999832e-18,1.3115353406143959e-15,1.2175465899944943e-16,6.257787798608672e-16,7.390759464598814e-15,3.694026443582835e-14,8.467042972488833e-17,3.695379732299407e-15,3.6953797322994074e-16,,,,2.140444590372481e-15,3.794336895808224e-14
0.00027227013080779127,,2.099377909280989e-15,1.4844843559258236e-14,3.6584684660024536e-16,1.788854381999832e-18,1.3040127534003027e-15,1.21404724758363e-16,6.221894938519771e-16,7.348368206865122e-15,3.672823004980846e-14,8.467042972488833e-17,3.674184103432561e-15,3.674184103432561e-16,,,,2.134472728412807e-15,3.7725942465984774e-14
0.0002738419634264361,,2.093344101445831e-15,1.4802178094892072e-14,3.6584684660024536e-16,1.788854381999832e-18,1.2965333771740284e-15,1.2105579626090963e-16,6.186208252968426e-16,7.306220451542163e-15,3.6517412725483773e-14,8.467042972488833e-17,3.6531102257710814e-15,3.6531102257710817e-16,,,,2.1285185336364255e-15,3.750976415105842e-14
0.0002754228703338166,,2.0873276353369197e-15,1.475963525504817e-14,3.6584684660024536e-16,1.788854381999832e-18,1.28909696409141e-15,1.2070787061648835e-16,6.150726559404588e-16,7.264314801979351e-15,3.6307805477010144e-14,8.467042972488833e-17,3.632157400989676e-15,3.632157400989676e-16,,,,2.122581956589033e-15,3.729482684980728e-14
0.00027701290391637327,,2.0813284611125176e-15,1.4717214687292226e-14,3.6584684660024536e-16,1.788854381999832e-18,1.2817032677319435e-15,1.2036094494280608e-16,6.11544868207098e-16,7.222649869548712e-15,3.609940135864167e-14,8.467042972488833e-17,3.611324934774355e-15,3.6113249347743555e-16,,,,2.1166629479612172e-15,3.708112343985882e-14
0.00027861211686297695,,2.075346529074136e-15,1.467491604020286e-14,3.6584684660024536e-16,1.788854381999832e-18,1.2743520430906209e-15,1.2001501636585365e-16,6.080373451964141e-16,7.181224273598856e-15,3.589219346450054e-14,8.467042972488833e-17,3.590612136799427e-15,3.590612136799428e-16,,,,2.1107614585880385e-15,3.686864683972785e-14
0.0002802205621666745,,2.0693817896661255e-15,1.4632738963368713e-14,3.6584684660024536e-16,1.788854381999832e-18,1.2670430465698092e-15,1.1967008201988213e-16,6.045499706795687e-16,7.14003664140924e-15,3.568617492834814e-14,8.467042972488833e-17,3.570018320704619e-15,3.57001832070462e-16,,,,2.1048774394486167e-15,3.665739000858186e-14
0.0002818382931264455,,2.0634341934752618e-15,1.4590683107385522e-14,3.6584684660024536e-16,1.788854381999832e-18,1.2597760359711785e-15,1.193261390473789e-16,6.010826290953786e-16,7.099085608144661e-15,3.5481338923357533e-14,8.467042972488833e-17,3.5495428040723303e-15,3.5495428040723307e-16,,,,2.0990108416657125e-15,3.644734594600767e-14
0.0002834653633489668,,2.0575036912303427e-15,1.454874812385328e-14,3.6584684660024536e-16,1.788854381999832e-18,1.2525507704876806e-15,1.1898318459904434e-16,5.976352055464898e-16,7.058369816810068e-15,3.5277678661887385e-14,8.467042972488833e-17,3.5291849084050335e-15,3.529184908405034e-16,,,,2.0931616165053186e-15,3.62385076917796e-14
0.000285101826750391,,2.0515902338017734e-15,1.4506933665373284e-14,3.6584684660024536e-16,1.788854381999832e-18,1.2453670106955612e-15,1.1864121583376774e-16,5.942075857955648e-16,7.0178879182055376e-15,3.5075187395256796e-14,8.467042972488833e-17,3.5089439591027684e-15,3.5089439591027687e-16,,,,2.0873297153762444e-15,3.603086832562865e-14
0.0002867477375581316,,2.045693772201162e-15,1.4465239385545303e-14,3.6584684660024536e-16,1.788854381999832e-18,1.2382245185464323e-15,1.1830022991860415e-16,5.907996562615013e-16,6.977638570881606e-15,3.4873858413521846e-14,8.467042972488833e-17,3.488819285440803e-15,3.4888192854408034e-16,,,,2.0815150898297035e-15,3.582442096701324e-14
0.00028840315031266055,,2.0398142575809154e-15,1.442366493896468e-14,3.6584684660024536e-16,1.788854381999832e-18,1.2311230573593816e-15,1.1796022402875064e-16,5.874113040156669e-16,6.93762044109481e-15,3.467368504525317e-14,8.467042972488833e-17,3.468810220547405e-15,3.4688102205474057e-16,,,,2.075717691558907e-15,3.561915877489126e-14
0.0002900681198693153,,2.0339516412338305e-15,1.4382209981219494e-14,3.6584684660024536e-16,1.788854381999832e-18,1.2240623918131281e-15,1.1762119534752314e-16,5.840424167781563e-16,6.897832202763472e-15,3.4474660657314945e-14,8.467042972488833e-17,3.448916101381736e-15,3.448916101381736e-16,,,,2.069937472398651e-15,3.541507494749335e-14
0.0002917427014001166,,2.0281058745926962e-15,1.4340874168887694e-14,3.6584684660024536e-16,1.788854381999832e-18,1.217042287938228e-15,1.1728314106633295e-16,5.806928829140718e-16,6.85827253742378e-15,3.4276778654645044e-14,8.467042972488833e-17,3.4291362687118898e-15,3.42913626871189e-16,,,,2.064174384324913e-15,3.5212162722097465e-14
0.000293426950395597,,2.022276909229885e-15,1.4299657159534242e-14,3.6584684660024536e-16,1.788854381999832e-18,1.2100625131093173e-15,1.1694605838466348e-16,5.77362591429823e-16,6.818940134186078e-15,3.408003248003648e-14,8.467042972488833e-17,3.4094700670930394e-15,3.4094700670930395e-16,,,,2.0584283794544393e-15,3.501041537480483e-14
0.0002951209226666387,,2.0164646968569592e-15,1.425855861170832e-14,3.6584684660024536e-16,1.788854381999832e-18,1.203122836037408e-15,1.1660994451004721e-16,5.740514319694508e-16,6.7798336896914565e-15,3.388441561392024e-14,8.467042972488833e-17,3.3899168448457282e-15,3.3899168448457283e-16,,,,2.0526994100443463e-15,3.48098262203172e-14
0.0002968246743463243,,2.0106691893242627e-15,1.4217578184940442e-14,3.6584684660024536e-16,1.788854381999832e-18,1.1962230267622178e-15,1.162747966580423e-16,5.707592948109672e-16,6.7409519080685156e-15,3.368992157414906e-14,8.467042972488833e-17,3.3704759540342578e-15,3.370475954034258e-16,,,,2.0469874284917092e-15,3.461038861171511e-14
0.000298538261891796,,2.004890338620527e-15,1.4176715539739681e-14,3.6584684660024536e-16,1.788854381999832e-18,1.1893628566445544e-15,1.1594061205220972e-16,5.674860708627216e-16,6.702293500890461e-15,3.349654391578276e-14,8.467042972488833e-17,3.3511467504452306e-15,3.351146750445231e-16,,,,2.0412923873331607e-15,3.441209594023785e-14
0.0003002617420861267,,1.999128096872473e-15,1.413597033759083e-14,3.6584684660024536e-16,1.788854381999832e-18,1.1825420983587365e-15,1.1560738792409016e-16,5.642316516597853e-16,6.6638571871323935e-15,3.3304276230874635e-14,8.467042972488833e-17,3.3319285935661967e-15,3.3319285935661966e-16,,,,2.0356142392444917e-15,3.421494163506432e-14
0.0003019951720402016,,1.993382416344414e-15,1.4095342240951608e-14,3.6584684660024536e-16,1.788854381999832e-18,1.1757605258850614e-15,1.1527512151318112e-16,5.609959293603569e-16,6.625641693128856e-15,3.311311214825911e-14,8.467042972488833e-17,3.312820846564428e-15,3.312820846564428e-16,,,,2.029952937040245e-15,3.4018919163095334e-14
0.0003037386091946104,,1.987653249437859e-15,1.4054830913249863e-14,3.6584684660024536e-16,1.788854381999832e-18,1.1690179145023167e-15,1.1494381006691405e-16,5.577787967421894e-16,6.587645752531642e-15,3.292304533334066e-14,8.467042972488833e-17,3.2938228762658206e-15,3.2938228762658207e-16,,,,2.024308433673318e-15,3.382402202873721e-14
0.00030549211132155124,,1.9819405486911203e-15,1.401443601888078e-14,3.6584684660024536e-16,1.788854381999832e-18,1.162314040780331e-15,1.1461345084063153e-16,5.545801471990362e-16,6.549868106267812e-15,3.273406948788383e-14,8.467042972488833e-17,3.2749340531339056e-15,3.2749340531339062e-16,,,,2.018680682234563e-15,3.3630243773686356e-14
0.0003072557365267445,,1.9762442667789204e-15,1.397415722320411e-14,3.6584684660024536e-16,1.788854381999832e-18,1.155648682572572e-15,1.1428404109756458e-16,5.513998747371192e-16,6.51230750249799e-15,3.25461783498046e-14,8.467042972488833e-17,3.2561537512489948e-15,3.256153751248995e-16,,,,2.0130696359523893e-15,3.343757797671546e-14
0.0003090295432513592,,1.970564356511996e-15,1.3933994192541379e-14,3.6584684660024536e-16,1.788854381999832e-18,1.1490216190087827e-15,1.1395557810880983e-16,5.48237873971615e-16,6.474962696574858e-15,3.235936569296281e-14,8.467042972488833e-17,3.2374813482874288e-15,3.237481348287429e-16,,,,2.007475248192364e-15,3.324601825346051e-14
0.0003108135902739477,,1.964900770836715e-15,1.3893946594173155e-14,3.6584684660024536e-16,1.788854381999832e-18,1.1424326304876675e-15,1.1362805915330722e-16,5.4509404012316585e-16,6.437832451001946e-15,3.2173625326955974e-14,8.467042972488833e-17,3.2189162255009726e-15,3.218916225500973e-16,,,,2.001897472456821e-15,3.305555825620946e-14
0.0003126079367123956,,1.959253462834678e-15,1.385401409633626e-14,3.6584684660024536e-16,1.788854381999832e-18,1.1358814986696083e-15,1.1330148151781718e-16,5.419682690144038e-16,6.400915535392585e-15,3.1988951096913977e-14,8.467042972488833e-17,3.2004577676962922e-15,3.2004577676962925e-16,,,,1.9963362623844594e-15,3.2866191673691657e-14
0.0003144126420258796,,1.9536223857223342e-15,1.3814196368221035e-14,3.6584684660024536e-16,1.788854381999832e-18,1.129368006469433e-15,1.129758424968982e-16,5.388604570665005e-16,6.364210726429157e-15,3.1805336883295204e-14,8.467042972488833e-17,3.1821053632145782e-15,3.182105363214579e-16,,,,1.990791571749954e-15,3.2677912230868824e-14
0.00031622776601683794,,1.9480074928505934e-15,1.3774493079968597e-14,3.6584684660024536e-16,1.788854381999832e-18,1.122891938049221e-15,1.126511393928845e-16,5.35770501295734e-16,6.32771680782255e-15,3.162277660168379e-14,8.467042972488833e-17,3.163858403911275e-15,3.163858403911275e-16,,,,1.9852633544635616e-15,3.249071368872712e-14
0.000318053368832952,,1.9424087377044398e-15,1.3734903902668113e-14,3.6584684660024536e-16,1.788854381999832e-18,1.1164530788111522e-15,1.123273695158636e-16,5.326982993100771e-16,6.291432570271859e-15,3.1441264202587965e-14,8.467042972488833e-17,3.1457162851359295e-15,3.14571628513593e-16,,,,1.9797515645707295e-15,3.230458984407041e-14
0.00031988951096913973,,1.9368260739025453e-15,1.3695428508354067e-14,3.6584684660024536e-16,1.788854381999832e-18,1.1100512153903922e-15,1.1200453018365418e-16,5.296437493058032e-16,6.2553568114243055e-15,3.126079367123956e-14,8.467042972488833e-17,3.1276784057121523e-15,3.1276784057121526e-16,,,,1.974256156251704e-15,3.2119534529314606e-14
0.0003217362532695601,,1.931259455196885e-15,1.3656066570003545e-14,3.6584684660024536e-16,1.788854381999832e-18,1.103686135648025e-15,1.116826187217836e-16,5.266067500641132e-16,6.219488335835392e-15,3.1081359027394735e-14,8.467042972488833e-17,3.1097441679176955e-15,3.109744167917696e-16,,,,1.968777083821139e-15,3.193554161228341e-14
0.0003235936569296281,,1.9257088354723594e-15,1.3616817761533549e-14,3.6584684660024536e-16,1.788854381999832e-18,1.0973576286640262e-15,1.1136163246346618e-16,5.235872009477833e-16,6.1838259549293166e-15,3.090295432513593e-14,8.467042972488833e-17,3.091912977464658e-15,3.0919129774646585e-16,,,,1.9633143017277142e-15,3.1752604996005185e-14
0.000325461783498046,,1.9201741687464016e-15,1.3577681757798226e-14,3.6584684660024536e-16,1.788854381999832e-18,1.0910654847302617e-15,1.1104156874958044e-16,5.205850018978242e-16,6.148368486959521e-15,3.072557365267446e-14,8.467042972488833e-17,3.0741842434797603e-15,3.0741842434797605e-16,,,,1.9578677645537367e-15,3.1570718618510515e-14
0.0003273406948788383,,1.9146554091686095e-15,1.3538658234586273e-14,3.6584684660024536e-16,1.788854381999832e-18,1.0848094953435531e-15,1.1072242492864782e-16,5.176000534301732e-16,6.11311475696961e-15,3.0549211132155125e-14,8.467042972488833e-17,3.056557378484805e-15,3.0565573784848054e-16,,,,1.9524374270147656e-15,3.1389876452631925e-14
0.00032923045333340653,,1.9091525110203547e-15,1.3499746868618177e-14,3.6584684660024536e-16,1.788854381999832e-18,1.0785894531987587e-15,1.1040419835681018e-16,5.146322566323919e-16,6.078063596754358e-15,3.037386091946105e-14,8.467042972488833e-17,3.0390317983771787e-15,3.039031798377179e-16,,,,1.9470232439592188e-15,3.121007250580367e-14
0.0003311311214825911,,1.9036654287144104e-15,1.3460947337543557e-14,3.6584684660024536e-16,1.788854381999832e-18,1.0724051521819071e-15,1.1008688639780809e-16,5.116815131603899e-16,6.0432138448210145e-15,3.0199517204020166e-14,8.467042972488833e-17,3.021606922410507e-15,3.0216069224105072e-16,,,,1.9416251703679902e-15,3.103130081986338e-14
0.0003330427623087463,,1.898194116794571e-15,1.3422259319938505e-14,3.6584684660024536e-16,1.788854381999832e-18,1.0662563873633667e-15,1.0977048642295899e-16,5.08747725235167e-16,6.0085643463508225e-15,3.002617420861267e-14,8.467042972488833e-17,3.0042821731754113e-15,3.0042821731754116e-16,,,,1.9362431613540686e-15,3.085355547085458e-14
0.00033496543915782756,,1.8927385299352767e-15,1.3383682495302914e-14,3.6584684660024536e-16,1.788854381999832e-18,1.0601429549910539e-15,1.0945499581113544e-16,5.058307956395713e-16,5.9741139531607405e-15,2.985382618917961e-14,8.467042972488833e-17,2.9870569765803702e-15,2.9870569765803705e-16,,,,1.9308771721621526e-15,3.067683056883042e-14
0.0003368992157414906,,1.887298622941238e-15,1.3345216544057823e-14,3.6584684660024536e-16,1.788854381999832e-18,1.0540646524836828e-15,1.0914041194874326e-16,5.02930627715079e-16,5.939861523665395e-15,2.9682467434632436e-14,8.467042972488833e-17,2.9699307618326974e-15,2.9699307618326977e-16,,,,1.925527158168271e-15,3.0501120257658395e-14
0.00033884415613920273,,1.881874350747058e-15,1.330686114754276e-14,3.6584684660024536e-16,1.788854381999832e-18,1.04802127842405e-15,1.0882673222970003e-16,5.000471253585902e-16,5.905805922839253e-15,2.951209226666384e-14,8.467042972488833e-17,2.952902961419626e-15,2.9529029614196265e-16,,,,1.9201930748793985e-15,3.0326418714826394e-14
0.0003408003248003648,,1.8764656684168685e-15,1.3268615988013151e-14,3.6584684660024536e-16,1.788854381999832e-18,1.0420126325523645e-15,1.0851395405541363e-16,4.971801930192467e-16,5.871946022179025e-15,2.93426950395597e-14,8.467042972488833e-17,2.935973011089512e-15,2.9359730110895125e-16,,,,1.9148748779330852e-15,3.015272015124984e-14
0.0003427677865464505,,1.8710725311439424e-15,1.3230480748637592e-14,3.6584684660024536e-16,1.788854381999832e-18,1.0360385157596015e-15,1.0820207483476016e-16,4.943297356952602e-16,5.838280699666215e-15,2.917427014001166e-14,8.467042972488833e-17,2.9191403498331077e-15,2.9191403498331077e-16,,,,1.9095725230970647e-15,2.998001881107952e-14
0.00034474660657314945,,1.8656948942503392e-15,1.3192455113495334e-14,3.6584684660024536e-16,1.788854381999832e-18,1.0300987300809185e-15,1.0789109198406326e-16,4.914956589307713e-16,5.80480883973002e-15,2.9006811986931535e-14,8.467042972488833e-17,2.90240441986501e-15,2.9024044198650103e-16,,,,1.9042859662688902e-15,2.9808308971511276e-14
0.0003467368504525317,,1.8603327131865223e-15,1.3154538767573583e-14,3.6584684660024536e-16,1.788854381999832e-18,1.0241930786890828e-15,1.07581002927072e-16,4.886778688127136e-16,5.771529333210291e-15,2.8840315031266054e-14,8.467042972488833e-17,2.8857646666051455e-15,2.885764666605146e-16,,,,1.899015163475549e-15,2.963758494259605e-14
0.0003487385841352184,,1.854985943530996e-15,1.3116731396764934e-14,3.6584684660024536e-16,1.788854381999832e-18,1.0183213658879548e-15,1.0727180509493999e-16,4.858762719677044e-16,5.738441077320813e-15,2.867477375581316e-14,8.467042972488833e-17,2.869220538660406e-15,2.8692205386604066e-16,,,,1.8937600708730898e-15,2.9467841067051514e-14
0.0003507518739525679,,1.8496545409899364e-15,1.307903268786475e-14,3.6584684660024536e-16,1.788854381999832e-18,1.0124833971060017e-15,1.0696349592620388e-16,4.830907755589495e-16,5.7055429756127496e-15,2.85101826750391e-14,8.467042972488833e-17,2.8527714878063748e-15,2.852771487806375e-16,,,,1.88852064474625e-15,2.9299071720074496e-14
0.00035277678661887384,,1.844338461396823e-15,1.3041442328568574e-14,3.6584684660024536e-16,1.788854381999832e-18,1.0066789788898503e-15,1.0665607286676221e-16,4.803212872831675e-16,5.672833937938313e-15,2.834653633489668e-14,8.467042972488833e-17,2.8364169689691566e-15,2.836416968969157e-16,,,,1.8832968415080786e-15,2.9131271309154655e-14
0.0003548133892335753,,1.8390376607120764e-15,1.3003960007469544e-14,3.6584684660024536e-16,1.788854381999832e-18,1.000907918897876e-15,1.0634953336985426e-16,4.775677153675302e-16,5.64031288041464e-15,2.818382931264455e-14,8.467042972488833e-17,2.8201564402073197e-15,2.82015644020732e-16,,,,1.8780886176995684e-15,2.8964434273889156e-14
0.00035686174928348133,,1.833752095022687e-15,1.2966585414055804e-14,3.6584684660024536e-16,1.788854381999832e-18,9.951700258938275e-16,1.0604387489603888e-16,4.748299685666217e-16,5.60797872538786e-15,2.8022056216667456e-14,8.467042972488833e-17,2.8039893626939298e-15,2.8039893626939304e-16,,,,1.8728959299892787e-15,2.879855508579836e-14
0.0003589219346450053,,1.828481720541861e-15,1.2929318238707954e-14,3.6584684660024536e-16,1.788854381999832e-18,9.894651097404943e-16,1.0573909491317369e-16,4.721079561594157e-16,5.575830401397415e-15,2.7861211686297698e-14,8.467042972488833e-17,2.7879152006987073e-15,2.7879152006987075e-16,,,,1.8677187351729717e-15,2.863362824814273e-14
0.00036099401358641667,,1.8232264936086467e-15,1.2892158172696455e-14,3.6584684660024536e-16,1.788854381999832e-18,9.83792981393399e-16,1.0543519089639371e-16,4.694015879462673e-16,5.5438668431405125e-15,2.7701290391637332e-14,8.467042972488833e-17,2.7719334215702563e-15,2.771933421570257e-16,,,,1.862556990173236e-15,2.8469648295740575e-14
0.0003630780547701014,,1.81798637068758e-15,1.2855104908179084e-14,3.6584684660024536e-16,1.788854381999832e-18,9.781534528945372e-16,1.0513216032809079e-16,4.66710774245925e-16,5.512086991436851e-15,2.7542287033381662e-14,8.467042972488833e-17,2.7560434957184254e-15,2.7560434957184253e-16,,,,1.8574106520391213e-15,2.830660979478699e-14
0.0003651741272548377,,1.812761308368323e-15,1.2818158138198393e-14,3.6584684660024536e-16,1.788854381999832e-18,9.72546337366148e-16,1.0483000069789254e-16,4.640354258925588e-16,5.480489793193509e-15,2.7384196342643616e-14,8.467042972488833e-17,2.7402448965967547e-15,2.740244896596755e-16,,,,1.8522796779457733e-15,2.8144507342673816e-14
0.0003672823004980846,,1.807551263365301e-15,1.2781317556679154e-14,3.6584684660024536e-16,1.788854381999832e-18,9.66971449004521e-16,1.0452870950264166e-16,4.613754542328053e-16,5.449074201370056e-15,2.722701308077913e-14,8.467042972488833e-17,2.7245371006850275e-15,2.724537100685028e-16,,,,1.8471640251940613e-15,2.798333556781059e-14
0.0003694026443582834,,1.8023561925173473e-15,1.2744582858425828e-14,3.6584684660024536e-16,1.788854381999832e-18,9.614286030738387e-16,1.0422828424637513e-16,4.587307711228296e-16,5.417839174943843e-15,2.7070732039213577e-14,8.467042972488833e-17,2.7089195874719212e-15,2.7089195874719214e-16,,,,1.842063651210217e-15,2.782308912944655e-14
0.0003715352290971728,,1.7971760527873434e-15,1.2707953739120033e-14,3.6584684660024536e-16,1.788854381999832e-18,9.559176159000542e-16,1.0392872244030357e-16,4.561012889254041e-16,5.3867836788755084e-15,2.691534803926914e-14,8.467042972488833e-17,2.6933918394377542e-15,2.6933918394377545e-16,,,,1.836978513545467e-15,2.766376271749364e-14
0.0003736801253821156,,1.7920108012618674e-15,1.267142989531805e-14,3.6584684660024536e-16,1.788854381999832e-18,9.504383048648088e-16,1.0363002160279074e-16,4.534869205070071e-16,5.355906684074706e-15,2.6760855931993335e-14,8.467042972488833e-17,2.6779533420373527e-15,2.677953342037353e-16,,,,1.8319085698756744e-15,2.7505351052350673e-14
0.0003758374042884443,,1.7868603951508274e-15,1.2635011024448238e-14,3.6584684660024536e-16,1.788854381999832e-18,9.449904883993702e-16,1.0333217925933254e-16,4.508875792349288e-16,5.325207167365932e-15,2.6607250597988085e-14,8.467042972488833e-17,2.662603583682966e-15,2.6626035836829663e-16,,,,1.8268537780009647e-15,2.734784888472807e-14
0.0003780071373018112,,1.7817247917871206e-15,1.2598696824808625e-14,3.6584684660024536e-16,1.788854381999832e-18,9.395739859786284e-16,1.030351929425372e-16,4.483031789744087e-16,5.294684111454708e-15,2.6454526947240493e-14,8.467042972488833e-17,2.647342055727354e-15,2.647342055727354e-16,,,,1.821814095845377e-15,2.719125099547434e-14
0.00038018939632056124,,1.776603948626271e-15,1.2562486995564329e-14,3.6584684660024536e-16,1.788854381999832e-18,9.341886181151032e-16,1.0273906019210417e-16,4.457336340857746e-16,5.2643365048937985e-15,2.6302679918953815e-14,8.467042972488833e-17,2.6321682524468993e-15,2.6321682524468996e-16,,,,1.8167894814564946e-15,2.703555219540276e-14
0.0003823842536581126,,1.771497823246079e-15,1.2526381236745104e-14,3.6584684660024536e-16,1.788854381999832e-18,9.288342063530015e-16,1.024437785548042e-16,4.4317885942160816e-16,5.234163342049728e-15,2.6151704481379977e-14,8.467042972488833e-17,2.617081671024864e-15,2.6170816710248643e-16,,,,1.811779893005087e-15,2.688074732511963e-14
0.00038459178204535354,,1.7664063733462711e-15,1.2490379249242848e-14,3.6584684660024536e-16,1.788854381999832e-18,9.235105732623015e-16,1.0214934558445876e-16,4.406387703239216e-16,5.2041636230694435e-15,2.6001595631652718e-14,8.467042972488833e-17,2.6020818115347217e-15,2.602081811534722e-16,,,,1.8067852887847527e-15,2.6726831254853215e-14
0.0003868120546330521,,1.7613295567481486e-15,1.2454480734809118e-14,3.6584684660024536e-16,1.788854381999832e-18,9.182175424328733e-16,1.0185575884191994e-16,4.381132826213531e-16,5.1743363538471865e-15,2.5852348395621912e-14,8.467042972488833e-17,2.587168176923593e-15,2.587168176923593e-16,,,,1.801805627211558e-15,2.6573798884283825e-14
0.00038904514499428044,,1.7562673313942378e-15,1.2418685396052672e-14,3.6584684660024536e-16,1.788854381999832e-18,9.12954938468633e-16,1.0156301589505012e-16,4.356023126263772e-16,5.144680545991544e-15,2.5703957827688646e-14,8.467042972488833e-17,2.572340272995772e-15,2.5723402729957727e-16,,,,1.7968408668236816e-15,2.6421645142374733e-14
0.0003912911271268532,,1.7512196553479418e-15,1.2382992936436983e-14,3.6584684660024536e-16,1.788854381999832e-18,9.077225869817292e-16,1.0127111431870181e-16,4.331057771325308e-16,5.115195216792695e-15,2.5556419010641372e-14,8.467042972488833e-17,2.5575976083963476e-15,2.557597608396348e-16,,,,1.7918909662810567e-15,2.627036498720415e-14
0.00039355007545577726,,1.746186486793197e-15,1.2347403060277832e-14,3.6584684660024536e-16,1.788854381999832e-18,9.025203145867689e-16,1.0098005169469783e-16,4.306235934116583e-16,5.085879389189863e-15,2.5409727055493068e-14,8.467042972488833e-17,2.5429396945949313e-15,2.542939694594932e-16,,,,1.7869558843650215e-15,2.6119953405798294e-14
0.0003958220648357226,,1.7411677840341162e-15,1.2311915472740776e-14,3.6584684660024536e-16,1.788854381999832e-18,8.973479488950613e-16,1.006898256118108e-16,4.28155679211165e-16,5.056732091738887e-15,2.526387710131896e-14,8.467042972488833e-17,2.5283660458694435e-15,2.5283660458694435e-16,,,,1.7820355799779518e-15,2.5970405413964932e-14
0.00039810717055349735,,1.736163505494657e-15,1.2276529879838795e-14,3.6584684660024536e-16,1.788854381999832e-18,8.922053185089172e-16,1.0040043366574364e-16,4.2570195275129765e-16,5.027752358580097e-15,2.5118864315095797e-14,8.467042972488833e-17,2.513876179290048e-15,2.5138761792900486e-16,,,,1.777130012142924e-15,2.5821716056128638e-14
0.0004004054683305464,,1.7311736097182662e-15,1.2241245988429797e-14,3.6584684660024536e-16,1.788854381999832e-18,8.870922530159602e-16,1.0011187345910931e-16,4.232623327224294e-16,4.998939229406251e-15,2.4974683891541435e-14,8.467042972488833e-17,2.4994696147031256e-15,2.499469614703126e-16,,,,1.7722391400033483e-15,2.567388040516627e-14
0.00040271703432545906,,1.7261980553675422e-15,1.2206063506214206e-14,3.6584684660024536e-16,1.788854381999832e-18,8.8200858298348335e-16,9.98241426014112e-17,4.2083673828236784e-16,4.970291749430741e-15,2.4831331052955703e-14,8.467042972488833e-17,2.4851458747153704e-15,2.4851458747153704e-16,,,,1.7673629228226256e-15,2.552689356224382e-14
0.0004050419451364931,,1.7212368012238906e-15,1.2170982141732545e-14,3.6584684660024536e-16,1.788854381999832e-18,8.769541399528332e-16,9.953723870902308e-17,4.184250890536747e-16,4.941808969355937e-15,2.4688801049062095e-14,8.467042972488833e-17,2.4709044846779684e-15,2.4709044846779685e-16,,,,1.7625013199837926e-15,2.538075065665408e-14
0.0004073802778041126,,1.7162898061871828e-15,1.2136001604363022e-14,3.6584684660024536e-16,1.788854381999832e-18,8.719287564338272e-16,9.925115940516959e-17,4.1602730512100285e-16,4.9134899453417354e-15,2.4547089156850312e-14,8.467042972488833e-17,2.4567449726708677e-15,2.456744972670868e-16,,,,1.7576542909891725e-15,2.5235446845655187e-14
0.00040973210981354134,,1.711357029275416e-15,1.2101121604319118e-14,3.6584684660024536e-16,1.788854381999832e-18,8.669322658992037e-16,9.89659023199064e-17,4.1364330702844794e-16,4.885333738974282e-15,2.4406190680419817e-14,8.467042972488833e-17,2.442666869487141e-15,2.442666869487141e-16,,,,1.7528217954600272e-15,2.509097731431023e-14
0.0004120975190973304,,1.7064384296243733e-15,1.2066341852647176e-14,3.6584684660024536e-16,1.788854381999832e-18,8.619645027791022e-16,9.868146509010058e-17,4.1127301577691477e-16,4.857339417234866e-15,2.4266100950824145e-14,8.467042972488833e-17,2.4286697086174326e-15,2.428669708617433e-16,,,,1.7480037931362076e-15,2.494733727532759e-14
0.00041447658403793926,,1.701533966487287e-15,1.2031662061224042e-14,3.6584684660024536e-16,1.788854381999832e-18,8.570253024555794e-16,9.839784535941119e-17,4.0891635282150057e-16,4.8295060524690145e-15,2.412681532591633e-14,8.467042972488833e-17,2.4147530262345073e-15,2.4147530262345076e-16,,,,1.7432002438758083e-15,2.480452196890245e-14
0.0004168693834703355,,1.6966435992344967e-15,1.1997081942754639e-14,3.6584684660024536e-16,1.788854381999832e-18,8.521145012571498e-16,9.811504077826952e-17,4.065732400688903e-16,4.8018327223557324e-15,2.3988329190194905e-14,8.467042972488833e-17,2.4009163611778662e-15,2.4009163611778664e-16,,,,1.7384111076548183e-15,2.4662526662558903e-14
0.0004192759966846055,,1.6917672873531176e-15,1.19626012107696e-14,3.6584684660024536e-16,1.788854381999832e-18,8.472319364533639e-16,9.783304900385978e-17,4.0424359987476984e-16,4.77431850987695e-15,2.3850637954651055e-14,8.467042972488833e-17,2.387159254938475e-15,2.387159254938475e-16,,,,1.733636344566778e-15,2.4521346650993228e-14
0.00042169650342858224,,1.6869049904467015e-15,1.1928219579622908e-14,3.6584684660024536e-16,1.788854381999832e-18,8.423774462494153e-16,9.755186770009962e-17,4.0192735504125253e-16,4.746962503287125e-15,2.3713737056616557e-14,8.467042972488833e-17,2.3734812516435623e-15,2.3734812516435625e-16,,,,1.7288759148224337e-15,2.438097725591796e-14
0.0004241309839104881,,1.682056668234904e-15,1.1893936764489513e-14,3.6584684660024536e-16,1.788854381999832e-18,8.375508697807787e-16,9.727149453762087e-17,3.996244288143209e-16,4.719763796083037e-15,2.3577621959612547e-14,8.467042972488833e-17,2.359881898041518e-15,2.359881898041518e-16,,,,1.7241297787493933e-15,2.4241413825906833e-14
0.00042657951880159257,,1.6772222805531493e-15,1.185975248136298e-14,3.6584684660024536e-16,1.788854381999832e-18,8.327520471078789e-16,9.699192719375009e-17,3.973347448812832e-16,4.692721486973736e-15,2.344228815319923e-14,8.467042972488833e-17,2.346360743486868e-15,2.346360743486868e-16,,,,1.7193978967917834e-15,2.4102651736240685e-14
0.0004290421892388857,,1.6724017873522986e-15,1.1825666447053129e-14,3.6584684660024536e-16,1.788854381999832e-18,8.279808192107897e-16,9.67131633524895e-17,3.950582273682439e-16,4.665834679850681e-15,2.330773115282636e-14,8.467042972488833e-17,2.3329173399253404e-15,2.3329173399253403e-16,,,,1.7146802295099082e-15,2.396468638875413e-14
0.000431519076827765,,1.6675951486983211e-15,1.1791678379183719e-14,3.6584684660024536e-16,1.788854381999832e-18,8.232370279839676e-16,9.643520070449779e-17,3.927948008375911e-16,4.6391024837580524e-15,2.31739464996848e-14,8.467042972488833e-17,2.3195512418790262e-15,2.319551241879026e-16,,,,1.709976737579911e-15,2.3827513211683384e-14
0.00043401026364474403,,1.6628023247719536e-15,1.1757787996190042e-14,3.6584684660024536e-16,1.788854381999832e-18,8.18520516231004e-16,9.615803694707059e-17,3.905443902854924e-16,4.612524012863187e-15,2.304092976055845e-14,8.467042972488833e-17,2.3062620064315934e-15,2.3062620064315934e-16,,,,1.7052873817934238e-15,2.369112765951441e-14
0.0004365158322401661,,1.6580232758683839e-15,1.172399501731668e-14,3.6584684660024536e-16,1.788854381999832e-18,8.138311276594267e-16,9.588166978412215e-17,3.8830692113941467e-16,4.586098386427279e-15,2.2908676527677723e-14,8.467042972488833e-17,2.2930491932136393e-15,2.2930491932136397e-16,,,,1.7006121230572425e-15,2.3555525212832704e-14
0.0004390358656409447,,1.6532579623969112e-15,1.16902991626151e-14,3.6584684660024536e-16,1.788854381999832e-18,8.091687068755109e-16,9.560609692616556e-17,3.8608231925564853e-16,4.5598247287761446e-15,2.2777182418573217e-14,8.467042972488833e-17,2.2799123643880723e-15,2.2799123643880726e-16,,,,1.6959509223929757e-15,2.3420701378173234e-14
0.0004415704473533125,,1.648506344880623e-15,1.165670015294138e-14,3.6584684660024536e-16,1.788854381999832e-18,8.045330993791349e-16,9.533131609029427e-17,3.838705109168529e-16,4.533702169271223e-15,2.26464430759306e-14,8.467042972488833e-17,2.2668510846356117e-15,2.266851084635612e-16,,,,1.6913037409367138e-15,2.328665168787168e-14
0.00044411966136558885,,1.6437683839560676e-15,1.1623197709953879e-14,3.6584684660024536e-16,1.788854381999832e-18,7.999241515586573e-16,9.505732500016294e-17,3.816714228296118e-16,4.507729842280722e-15,2.2516454167446184e-14,8.467042972488833e-17,2.253864921140361e-15,2.253864921140361e-16,,,,1.6866705399386899e-15,2.3153371699916318e-14
0.00044668359215096305,,1.6390440403729267e-15,1.1589791556110938e-14,3.6584684660024536e-16,1.788854381999832e-18,7.953417106858281e-16,9.478412138596868e-17,3.7948498212200546e-16,4.4819068871509256e-15,2.2387211385683402e-14,8.467042972488833e-17,2.2409534435754624e-15,2.240953443575463e-16,,,,1.6820512807629444e-15,2.3020856997800883e-14
0.0004492623246702932,,1.634333274993692e-15,1.155648141466858e-14,3.6584684660024536e-16,1.788854381999832e-18,7.907856249107258e-16,9.451170298443224e-17,3.773111163411952e-16,4.456232448177679e-15,2.2258710447930056e-14,8.467042972488833e-17,2.228116224088839e-15,2.228116224088839e-16,,,,1.6774459248869896e-15,2.288910319037818e-14
0.00045185594437492264,,1.6296360487933384e-15,1.1523267009678209e-14,3.6584684660024536e-16,1.788854381999832e-18,7.862557432567248e-16,9.42400675387792e-17,3.751497534510218e-16,4.430705674578015e-15,2.2130947096056367e-14,8.467042972488833e-17,2.2153528372890076e-15,2.2153528372890076e-16,,,,1.672854433901474e-15,2.275810591171456e-14
0.00045446453720950845,,1.6249523228590061e-15,1.1490148065984354e-14,3.6584684660024536e-16,1.788854381999832e-18,7.817519156154963e-16,9.396921279872149e-17,3.730008218296205e-16,4.405325720461996e-15,2.2003917096374e-14,8.467042972488833e-17,2.2026628602309975e-15,2.2026628602309977e-16,,,,1.6682767695098539e-15,2.262786082094535e-14
0.00045708818961487515,,1.6202820583896688e-15,1.1457124309222325e-14,3.6584684660024536e-16,1.788854381999832e-18,7.772739927420238e-16,9.369913652043825e-17,3.7086425026704253e-16,4.3800917448046136e-15,2.187761623949552e-14,8.467042972488833e-17,2.1900458724023068e-15,2.190045872402307e-16,,,,1.6637128935280515e-15,2.2498363602130776e-14
0.00045972698853087227,,1.6156252166958236e-15,1.1424195465816021e-14,3.6584684660024536e-16,1.788854381999832e-18,7.728218262496696e-16,9.342983646655791e-17,3.687399679629014e-16,4.355002911417995e-15,2.1752040340195228e-14,8.467042972488833e-17,2.1775014557089975e-15,2.1775014557089976e-16,,,,1.6591627678841333e-15,2.2369609964113245e-14
0.00046238102139926034,,1.6109817591991611e-15,1.1391361262975607e-14,3.6584684660024536e-16,1.788854381999832e-18,7.683952686052473e-16,9.316131040613911e-17,3.666279045240217e-16,4.330058388923633e-15,2.1627185237270204e-14,8.467042972488833e-17,2.1650291944618164e-15,2.1650291944618167e-16,,,,1.6546263546179711e-15,2.2241595640374897e-14
0.0004650503761666063,,1.6063516474322513e-15,1.135862142869527e-14,3.6584684660024536e-16,1.788854381999832e-18,7.639941731241365e-16,9.289355611465253e-17,3.6452798996210795e-16,4.305257350724857e-15,2.150304679340257e-14,8.467042972488833e-17,2.1526286753624282e-15,2.1526286753624286e-16,,,,1.6501036158809171e-15,2.211431638889636e-14
0.00046773514128719813,,1.6017348430382225e-15,1.1325975691750974e-14,3.6584684660024536e-16,1.788854381999832e-18,7.596183939654215e-16,9.262657137396225e-17,3.6244015469142547e-16,4.280598974979437e-15,2.1379620895022324e-14,8.467042972488833e-17,2.1402994874897186e-15,2.1402994874897188e-16,,,,1.6455945139354706e-15,2.198776799201611e-14
0.000470435405725976,,1.5971313077704441e-15,1.1293423781698199e-14,3.6584684660024536e-16,1.788854381999832e-18,7.552677861270573e-16,9.236035397230756e-17,3.603643295264937e-16,4.256082444572345e-15,2.125690345217108e-14,8.467042972488833e-17,2.1280412222861725e-15,2.1280412222861725e-16,,,,1.6410990111549523e-15,2.1861946256290777e-14
0.0004731512589614803,,1.5925410034922106e-15,1.1260965428869714e-14,3.6584684660024536e-16,1.788854381999832e-18,7.509422054410638e-16,9.209490170428454e-17,3.583004456797933e-16,4.231706947088673e-15,2.1134890398366478e-14,8.467042972488833e-17,2.1158534735443367e-15,2.115853473544337e-16,,,,1.6366170700231749e-15,2.1736847012356115e-14
0.0004758827909888171,,1.5879638921764234e-15,1.1228600364373326e-14,3.6584684660024536e-16,1.788854381999832e-18,7.46641508568748e-16,9.183021237082773e-17,3.5624843475948632e-16,4.20747167478671e-15,2.1013577690467468e-14,8.467042972488833e-17,2.1037358373933548e-15,2.1037358373933551e-16,,,,1.6321486531341163e-15,2.161246611478886e-14
0.00047863009232263854,,1.5833999359052805e-15,1.1196328320089685e-14,3.6584684660024536e-16,1.788854381999832e-18,7.423655529959561e-16,9.156628377919217e-17,3.5420822876715113e-16,4.183375824571183e-15,2.0892961308540388e-14,8.467042972488833e-17,2.0916879122855914e-15,2.0916879122855916e-16,,,,1.6276937231915963e-15,2.148879944196945e-14
0.00048139325400014485,,1.5788490968699559e-15,1.116414902867002e-14,3.6584684660024536e-16,1.788854381999832e-18,7.381141970283461e-16,9.130311374293492e-17,3.521797600955262e-16,4.159418597966619e-15,2.077303725572563e-14,8.467042972488833e-17,2.0797092989833095e-15,2.0797092989833098e-16,,,,1.6232522430089457e-15,2.1365842895945276e-14
0.0004841723675840994,,1.5743113373702912e-15,1.1132062223533955e-14,3.6584684660024536e-16,1.788854381999832e-18,7.338872997866945e-16,9.104070008189704e-17,3.501629615262716e-16,4.135599201090902e-15,2.0653801558105294e-14,8.467042972488833e-17,2.067799600545451e-15,2.067799600545451e-16,,,,1.618824175508687e-15,2.124359240229502e-14
0.0004869675251658631,,1.5697866198144814e-15,1.1100067638867286e-14,3.6584684660024536e-16,1.788854381999832e-18,7.296847212022264e-16,9.077904062218568e-17,3.4815776622774005e-16,4.1119168446289496e-15,2.0535250264571465e-14,8.467042972488833e-17,2.0559584223144748e-15,2.0559584223144748e-16,,,,1.614409483722207e-15,2.1122043909993587e-14
0.0004897788193684461,,1.565274906718764e-15,1.1068165009619787e-14,3.6584684660024536e-16,1.788854381999832e-18,7.255063220119738e-16,9.051813319615591e-17,3.46164107752763e-16,4.088370743806562e-15,2.04173794466953e-14,8.467042972488833e-17,2.044185371903281e-15,2.044185371903281e-16,,,,1.6100081307894366e-15,2.1001193391277863e-14
0.0004926063433495771,,1.5607761607071083e-15,1.103635407150301e-14,3.6584684660024536e-16,1.788854381999832e-18,7.213519637541608e-16,9.02579756423928e-17,3.4418192003644774e-16,4.0649601183644125e-15,2.0300185198596844e-14,8.467042972488833e-17,2.0324800591822063e-15,2.0324800591822062e-16,,,,1.605620079958527e-15,2.088103684151327e-14
0.0004954501908047905,,1.556290344510905e-15,1.1004634560988093e-14,3.6584684660024536e-16,1.788854381999832e-18,7.172215087636126e-16,8.999856580569353e-17,3.4221113739398793e-16,4.0416841925321795e-15,2.0183663636815598e-14,8.467042972488833e-17,2.0208420962660893e-15,2.0208420962660896e-16,,,,1.6012452945855287e-15,2.0761570279061025e-14
0.0004983104559705293,,1.5518174209686613e-15,1.0973006215303598e-14,3.6584684660024536e-16,1.788854381999832e-18,7.131148201671973e-16,8.973990153704963e-17,3.4025169451848793e-16,4.018542195002858e-15,2.0067810900181898e-14,8.467042972488833e-17,2.0092710975014284e-15,2.0092710975014287e-16,,,,1.596883738134073e-15,2.0642789745146286e-14
0.0005011872336272725,,1.547357353025685e-15,1.0941468772433285e-14,3.6584684660024536e-16,1.788854381999832e-18,7.090317618792817e-16,8.948198069362888e-17,3.383035264787951e-16,3.995533358907153e-15,1.995262314968879e-14,8.467042972488833e-17,1.9977666794535765e-15,1.9977666794535766e-16,,,,1.5925353741750454e-15,2.0524691303726776e-14
0.0005040806191026696,,1.5429101037337874e-15,1.0910021971114004e-14,3.6584684660024536e-16,1.788854381999832e-18,7.049721985972317e-16,8.9224801138758e-17,3.3636656871735256e-16,3.972656921788124e-15,1.9838096568365052e-14,8.467042972488833e-17,1.986328460894062e-15,1.9863284608940623e-16,,,,1.588200166386278e-15,2.0407271041362603e-14
0.0005069907082747044,,1.538475636250969e-15,1.0878665550833484e-14,3.6584684660024536e-16,1.788854381999832e-18,7.009359957969186e-16,8.896836074190452e-17,3.344407570480553e-16,3.949912125575861e-15,1.9724227361148534e-14,8.467042972488833e-17,1.9749560627879306e-15,1.974956062787931e-16,,,,1.583878078552219e-15,2.0290525067086377e-14
0.0005099175975748702,,1.5340539138411196e-15,1.0847399251828193e-14,3.6584684660024536e-16,1.788854381999832e-18,6.969230197282657e-16,8.871265737865938e-17,3.3252602765412525e-16,3.927298216562391e-15,1.9611011754760476e-14,8.467042972488833e-17,1.9636491082811956e-15,1.9636491082811958e-16,,,,1.579569074563624e-15,2.017444951227438e-14
0.0005128613839913648,,1.5296448998737107e-15,1.0816222815081184e-14,3.6584684660024536e-16,1.788854381999832e-18,6.929331374108144e-16,8.845768893071932e-17,3.306223170859956e-16,3.904814445376688e-15,1.9498445997580457e-14,8.467042972488833e-17,1.9524072226883435e-15,1.9524072226883438e-16,,,,1.5752731184172355e-15,2.005904053051832e-14
0.0005158221650723055,,1.5252485578234945e-15,1.0785135982319948e-14,3.6584684660024536e-16,1.788854381999832e-18,6.889662166293167e-16,8.82034532858692e-17,3.2872956225920805e-16,3.882460066959836e-15,1.938652635952208e-14,8.467042972488833e-17,1.941230033479918e-15,1.941230033479918e-16,,,,1.5709901742154677e-15,1.9944294297497883e-14
0.0005188000389289609,,1.520864851270199e-15,1.0754138496014277e-14,3.6584684660024536e-16,1.788854381999832e-18,6.850221259293526e-16,8.794994833796463e-17,3.268477004523215e-16,3.86023434054034e-15,1.927524913190937e-14,8.467042972488833e-17,1.9301171702701703e-15,1.9301171702701704e-16,,,,1.566720206166091e-15,1.9830207010854022e-14
0.0005217951042390025,,1.5164937438982274e-15,1.072323009937412e-14,3.6584684660024536e-16,1.788854381999832e-18,6.811007346129734e-16,8.769717198691443e-17,3.249766693048336e-16,3.838136529609567e-15,1.9164610627353856e-14,8.467042972488833e-17,1.919068264804783e-15,1.9190682648047834e-16,,,,1.5624631785819172e-15,1.9716774890062912e-14
0.0005248074602497723,,1.5121351994963605e-15,1.0692410536347493e-14,3.6584684660024536e-16,1.788854381999832e-18,6.772019127343739e-16,8.744512213866344e-17,3.231164068151153e-16,3.816165901897358e-15,1.9054607179632484e-14,8.467042972488833e-17,1.9080829509486785e-15,1.9080829509486787e-16,,,,1.5582190558804905e-15,1.9603994176310782e-14
0.000527837206781577,,1.5077891819574476e-15,1.0661679551618286e-14,3.6584684660024536e-16,1.788854381999832e-18,6.733255310955762e-16,8.719379670517471e-17,3.212668513383521e-16,3.794321729347711e-15,1.8945235143565913e-14,8.467042972488833e-17,1.897160864673855e-15,1.8971608646738553e-16,,,,1.553987802583764e-15,1.9491861132369134e-14
0.0005308844442309885,,1.5034556552781196e-15,1.0631036890604229e-14,3.6584684660024536e-16,1.788854381999832e-18,6.694714612421591e-16,8.69431936044128e-17,3.194279415845058e-16,3.772603288094709e-15,1.8836490894898003e-14,8.467042972488833e-17,1.8863016440473546e-15,1.8863016440473549e-16,,,,1.5497693833178011e-15,1.9380372042471196e-14
0.0005339492735741767,,1.4991345835584803e-15,1.0600482299454724e-14,3.6584684660024536e-16,1.788854381999832e-18,6.656395754589915e-16,8.669331076032607e-17,3.1759961661627925e-16,3.751009858438487e-15,1.8728370830175485e-14,8.467042972488833e-17,1.8755049292192436e-15,1.8755049292192437e-16,,,,1.5455637628124527e-15,1.9269523212188526e-14
0.0005370317963702527,,1.4948259310018143e-15,1.0570015525048771e-14,3.6584684660024536e-16,1.788854381999832e-18,6.618297467660046e-16,8.644414610282973e-17,3.157818158470987e-16,3.729540724821391e-15,1.862087136662868e-14,8.467042972488833e-17,1.8647703624106955e-15,1.8647703624106957e-16,,,,1.5413709059010526e-15,1.9159310968308745e-14
0.0005401321147646348,,1.4905296619142898e-15,1.0539636314992864e-14,3.6584684660024536e-16,1.788854381999832e-18,6.580418489139806e-16,8.619569756778848e-17,3.1397447903910493e-16,3.708195175804264e-15,1.8513988942052726e-14,8.467042972488833e-17,1.854097587902132e-15,1.8540975879021323e-16,,,,1.537190777520106e-15,1.904973165871374e-14
0.000543250331492433,,1.4862457407046615e-15,1.0509344417618893e-14,3.6584684660024536e-16,1.788854381999832e-18,6.542757563803704e-16,8.594796309699968e-17,3.121775463011569e-16,3.686972504042865e-15,1.8407720014689566e-14,8.467042972488833e-17,1.843486252021432e-15,1.8434862520214324e-16,,,,1.53302334270898e-15,1.8940781652258678e-14
0.000546386549881854,,1.4819741318839773e-15,1.0479139581982072e-14,3.6584684660024536e-16,1.788854381999832e-18,6.505313443651312e-16,8.570094063817608e-17,3.103909580868469e-16,3.6658720062644196e-15,1.8302061063110567e-14,8.467042972488833e-17,1.8329360031322098e-15,1.8329360031322098e-16,,,,1.5288685666095957e-15,1.8832457338651675e-14
0.0005495408738576248,,1.477714800065283e-15,1.0449021557858849e-14,3.6584684660024536e-16,1.788854381999832e-18,6.468084887865908e-16,8.545462814492885e-17,3.0861465519252624e-16,3.644892983244314e-15,1.819700858609983e-14,8.467042972488833e-17,1.822446491622157e-15,1.822446491622157e-16,,,,1.5247264144661201e-15,1.872475512833413e-14
0.0005527134079444351,,1.4734677099633315e-15,1.0418990095744847e-14,3.6584684660024536e-16,1.788854381999832e-18,6.431070662773373e-16,8.520902357675085e-17,3.0684857875534444e-16,3.624034739782929e-15,1.8092559102538203e-14,8.467042972488833e-17,1.8120173698914645e-15,1.8120173698914647e-16,,,,1.5205968516246609e-15,1.8617671452361826e-14
0.0005559042572704037,,1.4692328263942869e-15,1.0389044946852778e-14,3.6584684660024536e-16,1.788854381999832e-18,6.394269541801254e-16,8.496412489899938e-17,3.0509267025129633e-16,3.603296584682577e-15,1.7988709151287877e-14,8.467042972488833e-17,1.8016482923412886e-15,1.801648292341289e-16,,,,1.5164798435329567e-15,1.8511202762286607e-14
0.0005591135275705602,,1.4650101142754359e-15,1.0359185863110396e-14,3.6584684660024536e-16,1.788854381999832e-18,6.357680305438145e-16,8.471993008287955e-17,3.0334687149328333e-16,3.582677830724609e-15,1.788545529107771e-14,8.467042972488833e-17,1.7913389153623043e-15,1.7913389153623044e-16,,,,1.5123753557400746e-15,1.840534553003881e-14
0.0005623413251903491,,1.4607995386248954e-15,1.0329412597158435e-14,3.6584684660024536e-16,1.788854381999832e-18,6.321301741193259e-16,8.447643710542739e-17,3.016111246291851e-16,3.562177794646629e-15,1.7782794100389227e-14,8.467042972488833e-17,1.7810888973233142e-15,1.7810888973233146e-16,,,,1.5082833538961033e-15,1.8300096247810382e-14
0.0005655877570891538,,1.4566010645613246e-15,1.0299724902348567e-14,3.6584684660024536e-16,1.788854381999832e-18,6.285132643556229e-16,8.423364394949315e-17,2.998853721399411e-16,3.541795797119849e-15,1.76807221773432e-14,8.467042972488833e-17,1.7708978985599244e-15,1.7708978985599245e-16,,,,1.504203803751851e-15,1.8195451427938594e-14
0.0005688529308438414,,1.4524146573036336e-15,1.0270122532741349e-14,3.6584684660024536e-16,1.788854381999832e-18,6.249171813957164e-16,8.399154860372453e-17,2.981695568376446e-16,3.5215311627265727e-15,1.757923613958693e-14,8.467042972488833e-17,1.7607655813632864e-15,1.7607655813632866e-16,,,,1.5001366711585404e-15,1.809140760279048e-14
0.0005721369546523268,,1.4482402821706973e-15,1.024060524310419e-14,3.6584684660024536e-16,1.788854381999832e-18,6.213418060726907e-16,8.375014906255005e-17,2.964636218636472e-16,3.5013832199378053e-15,1.7478332624182173e-14,8.467042972488833e-17,1.7506916099689025e-15,1.7506916099689026e-16,,,,1.4960819220675061e-15,1.7987961324647932e-14
0.0005754399373371566,,1.4440779045810693e-15,1.0211172788909342e-14,3.6584684660024536e-16,1.788854381999832e-18,6.17787019905757e-16,8.350944332616252e-17,2.947675106866751e-16,3.4813513010910114e-15,1.7378008287493765e-14,8.467042972488833e-17,1.7406756505455057e-15,1.7406756505455058e-16,,,,1.4920395225298962e-15,1.788510916559353e-14
0.0005787619883491209,,1.4399274900526886e-15,1.018182492633181e-14,3.6584684660024536e-16,1.788854381999832e-18,6.142527050963189e-16,8.326942940050216e-17,2.930811671009518e-16,3.461434742367943e-15,1.727825980507863e-14,8.467042972488833e-17,1.7307173711839713e-15,1.7307173711839714e-16,,,,1.4880094386963626e-15,1.7782847717396714e-14
0.0005821032177708716,,1.435789004202604e-15,1.0152561412247417e-14,3.6584684660024536e-16,1.788854381999832e-18,6.107387445240776e-16,8.303010529724055e-17,2.9140453522434054e-16,3.4416328837726923e-15,1.7179083871575877e-14,8.467042972488833e-17,1.7208164418863462e-15,1.7208164418863462e-16,,,,1.4839916368167711e-15,1.768117359140114e-14
0.0005854637363205773,,1.4316624127466816e-15,1.0123382004230725e-14,3.6584684660024536e-16,1.788854381999832e-18,6.072450217431413e-16,8.279146903376379e-17,2.897375594964869e-16,3.4219450691097697e-15,1.7080477200597083e-14,8.467042972488833e-17,1.7109725345548848e-15,1.710972534554885e-16,,,,1.4799860832398937e-15,1.758008341841218e-14
0.0005888436553555889,,1.4275476814993232e-15,1.0094286460553052e-14,3.6584684660024536e-16,1.788854381999832e-18,6.037714209781701e-16,8.255351863315619e-17,2.880801846769802e-16,3.4023706459623744e-15,1.6982436524617446e-14,8.467042972488833e-17,1.7011853229811872e-15,1.7011853229811874e-16,,,,1.4759927444131124e-15,1.7479573848585337e-14
0.0005922430868761305,,1.423444776373184e-15,1.0065274540180473e-14,3.6584684660024536e-16,1.788854381999832e-18,6.003178271205365e-16,8.231625212418391e-17,2.864323558435211e-16,3.3829089656707647e-15,1.688495859486754e-14,8.467042972488833e-17,1.6914544828353821e-15,1.6914544828353824e-16,,,,1.4720115868821207e-15,1.737964155131525e-14
0.0005956621435290103,,1.419353663378889e-15,1.0036346002771807e-14,3.6584684660024536e-16,1.788854381999832e-18,5.968841257245109e-16,8.207966754127867e-17,2.84794018390102e-16,3.3635593833107544e-15,1.678804018122561e-14,8.467042972488833e-17,1.681779691655377e-15,1.6817796916553773e-16,,,,1.4680425772906257e-15,1.7280283215125297e-14
0.0005991009386113537,,1.415274308624752e-15,1.0007500608676648e-14,3.6584684660024536e-16,1.788854381999832e-18,5.934702030034673e-16,8.184376292452133e-17,2.831651180251959e-16,3.344321257672338e-15,1.6691678072110583e-14,8.467042972488833e-17,1.672160628836169e-15,1.6721606288361692e-16,,,,1.4640856823800506e-15,1.718149554755789e-14
0.0006025595860743581,,1.4112066783164936e-15,9.978738118933355e-15,3.6584684660024536e-16,1.788854381999832e-18,5.900759458261109e-16,8.160853631962579e-17,2.815456007699574e-16,3.3251939512384315e-15,1.65958690743756e-14,8.467042972488833e-17,1.662596975619216e-15,1.662596975619216e-16,,,,1.4601408689892378e-15,1.7083275275065336e-14
0.000606038200527066,,1.4071507387569657e-15,9.950058295267104e-15,3.6584684660024536e-16,1.788854381999832e-18,5.867012417127312e-16,8.137398577792284e-17,2.7993541295643433e-16,3.306176830163756e-15,1.6500610013202287e-14,8.467042972488833e-17,1.6530884150818777e-15,1.653088415081878e-16,,,,1.4562081040541572e-15,1.6985619142901416e-14
0.0006095368972401694,,1.4031064563458634e-15,9.921460900087866e-15,3.6584684660024536e-16,1.788854381999832e-18,5.833459788314679e-16,8.114010935634369e-17,2.783345012257859e-16,3.287269264253791e-15,1.6405897731995387e-14,8.467042972488833e-17,1.6436346321268952e-15,1.6436346321268955e-16,,,,1.4522873546076027e-15,1.68885239150134e-14
0.0006130557921498208,,1.3990737975794578e-15,9.892945696488497e-15,3.6584684660024536e-16,1.788854381999832e-18,5.800100459946095e-16,8.090690511740438e-17,2.767428125265176e-16,3.268470626943928e-15,1.631172909227838e-14,8.467042972488833e-17,1.634235313471964e-15,1.6342353134719642e-16,,,,1.4483785877789086e-15,1.6791986373935006e-14
0.0006165950018614822,,1.3950527290503094e-15,9.86451244824273e-15,3.6584684660024536e-16,1.788854381999832e-18,5.766933326549041e-16,8.067437112918928e-17,2.751602941127196e-16,3.249780295278671e-15,1.6218100973589303e-14,8.467042972488833e-17,1.6248901476393356e-15,1.6248901476393358e-16,,,,1.4444817707936468e-15,1.6696003320679592e-14
0.0006201546436537854,,1.3910432174469957e-15,9.83616091980324e-15,3.6584684660024536e-16,1.788854381999832e-18,5.733957289018957e-16,8.044250546533533e-17,2.7358689354231984e-16,3.231197649890995e-15,1.6125010273377417e-14,8.467042972488833e-17,1.6155988249454975e-15,1.6155988249454976e-16,,,,1.4405968709733383e-15,1.660057157463424e-14
0.0006237348354824192,,1.3870452295538347e-15,9.80789087629968e-15,3.6584684660024536e-16,1.788854381999832e-18,5.701171254582816e-16,8.021130620501601e-17,2.7202255867534522e-16,3.2127220749818155e-15,1.6032453906900418e-14,8.467042972488833e-17,1.6063610374909075e-15,1.6063610374909076e-16,,,,1.436723855735161e-15,1.650568797345436e-14
0.0006273356959840379,,1.383058732250609e-15,9.779702083536753e-15,3.6584684660024536e-16,1.788854381999832e-18,5.668574136762882e-16,7.998077143292545e-17,2.7046723767219314e-16,3.1943529582995722e-15,1.5940428807122178e-14,8.467042972488833e-17,1.5971764791497861e-15,1.5971764791497862e-16,,,,1.432862692591656e-15,1.641134937295886e-14
0.000630957344480193,,1.3790836925122917e-15,9.75159430799225e-15,3.6584684660024536e-16,1.788854381999832e-18,5.636164855340711e-16,7.975089923926248e-17,2.6892087899191285e-16,3.1760896911199355e-15,1.584893192461114e-14,8.467042972488833e-17,1.5880448455599678e-15,1.588044845559968e-16,,,,1.4290133491504377e-15,1.6317552647025985e-14
0.0006345999009812872,,1.3751200774087723e-15,9.723567316815132e-15,3.6584684660024536e-16,1.788854381999832e-18,5.603942336321323e-16,7.952168771971493e-17,2.6738343139049706e-16,3.157931668225624e-15,1.5757960227439235e-14,8.467042972488833e-17,1.5789658341128118e-15,1.578965834112812e-16,,,,1.4251757931139034e-15,1.6224294687489672e-14
0.0006382634861905489,,1.3711678541045872e-15,9.695620877823602e-15,3.6584684660024536e-16,1.788854381999832e-18,5.571905511897629e-16,7.929313497544389e-17,2.658548439191839e-16,3.1398782878863497e-15,1.5667510701081485e-14,8.467042972488833e-17,1.5699391439431749e-15,1.569939143943175e-16,,,,1.4213499922789445e-15,1.613157240403664e-14
0.0006419482215080359,,1.3672269898586417e-15,9.667754759503166e-15,3.6584684660024536e-16,1.788854381999832e-18,5.540053320414991e-16,7.906523911306771e-17,2.6433506592276617e-16,3.121928951838856e-15,1.5577580348316022e-14,8.467042972488833e-17,1.560964475919428e-15,1.560964475919428e-16,,,,1.4175359145366555e-15,1.603938272410389e-14
0.0006456542290346556,,1.3632974520239437e-15,9.639968731004726e-15,3.6584684660024536e-16,1.788854381999832e-18,5.508384706336057e-16,7.883799824464663e-17,2.628240470379135e-16,3.1040830652670945e-15,1.5488166189124815e-14,8.467042972488833e-17,1.5520415326335472e-15,1.5520415326335474e-16,,,,1.4137335278720467e-15,1.5947722592776922e-14
0.0006493816315762113,,1.3593792080473316e-15,9.612262562142667e-15,3.6584684660024536e-16,1.788854381999832e-18,5.476898620205755e-16,7.861141048766691e-17,2.613217371915022e-16,3.086340036782503e-15,1.539926526059492e-14,8.467042972488833e-17,1.5431700183912515e-15,1.5431700183912515e-16,,,,1.4099428003637574e-15,1.5856588972688506e-14
0.0006531305526474723,,1.355472225469204e-15,9.58463602339295e-15,3.6584684660024536e-16,1.788854381999832e-18,5.445594018616511e-16,7.838547396502542e-17,2.5982808659895536e-16,3.068699278404401e-15,1.5310874616820304e-14,8.467042972488833e-17,1.5343496392022004e-15,1.5343496392022006e-16,,,,1.4061637001837664e-15,1.5765978843918032e-14
0.0006569011164762661,,1.3515764719232518e-15,9.557088885891206e-15,3.6584684660024536e-16,1.788854381999832e-18,5.414469864173648e-16,7.816018680501394e-17,2.5834304576259245e-16,3.051160205540496e-15,1.5222991328804207e-14,8.467042972488833e-17,1.525580102770248e-15,1.5255801027702482e-16,,,,1.4023961955971081e-15,1.567588920389142e-14
0.0006606934480075965,,1.3476919151361888e-15,9.529620921430842e-15,3.6584684660024536e-16,1.788854381999832e-18,5.383525125460992e-16,7.79355471413037e-17,2.5686656546998755e-16,3.0337222369674975e-15,1.513561248436207e-14,8.467042972488833e-17,1.5168611184837488e-15,1.516861118483749e-16,,,,1.3986402549615844e-15,1.5586317067281587e-14
0.0006645076729077792,,1.3438185229274885e-15,9.502231902461171e-15,3.6584684660024536e-16,1.788854381999832e-18,5.352758777006709e-16,7.771155311293008e-17,2.5539859679234017e-16,3.0163847948118703e-15,1.5048735188025145e-14,8.467042972488833e-17,1.508192397405935e-15,1.508192397405935e-16,,,,1.394895846727484e-15,1.549725946590966e-14
0.0006683439175686149,,1.3399562632091091e-15,9.474921602085474e-15,3.6584684660024536e-16,1.788854381999832e-18,5.32216979924924e-16,7.748820286427677e-17,2.5393909108284906e-16,2.9991473045306312e-15,1.4962356560944328e-14,8.467042972488833e-17,1.4995736522653154e-15,1.4995736522653157e-16,,,,1.3911629394372887e-15,1.540871344864636e-14
0.000672202309111567,,1.3361051039852374e-15,9.447689794059186e-15,3.6584684660024536e-16,1.788854381999832e-18,5.291757178503578e-16,7.726549454506095e-17,2.524879999751039e-16,2.982009194892354e-15,1.4876473740795013e-14,8.467042972488833e-17,1.491004597446177e-15,1.491004597446177e-16,,,,1.3874415017254017e-15,1.5320676081314478e-14
0.0006760829753919819,,1.3322650133520165e-15,9.42053625278797e-15,3.6584684660024536e-16,1.788854381999832e-18,5.261519906927605e-16,7.704342631031754e-17,2.5104527538147836e-16,2.964969897958192e-15,1.4791083881682072e-14,8.467042972488833e-17,1.4824849489790955e-15,1.4824849489790958e-16,,,,1.383731502317854e-15,1.5233144446591467e-14
0.0006799860450033224,,1.328435959497285e-15,9.39346075332588e-15,3.6584684660024536e-16,1.788854381999832e-18,5.231456982488696e-16,7.682199632038409e-17,2.496108694915374e-16,2.9480288490630617e-15,1.4706184154045606e-14,8.467042972488833e-17,1.4740144245315309e-15,1.474014424531531e-16,,,,1.380032910032027e-15,1.514611564391281e-14
0.0006839116472814292,,1.3246179107003128e-15,9.366463071373479e-15,3.6584684660024536e-16,1.788854381999832e-18,5.201567408930498e-16,7.66012027408855e-17,2.4818473477045174e-16,2.9311854867969264e-15,1.4621771744567184e-14,8.467042972488833e-17,1.465592743398463e-15,1.465592743398463e-16,,,,1.3763456937763694e-15,1.5059586789375918e-14
0.0006878599123088075,,1.3208108353315376e-15,9.339542983275988e-15,3.6584684660024536e-16,1.788854381999832e-18,5.171850195739892e-16,7.638104374271886e-17,2.4676682395742165e-16,2.9144392529861712e-15,1.4537843856076623e-14,8.467042972488833e-17,1.4572196264930856e-15,1.4572196264930856e-16,,,,1.372669822550115e-15,1.4973555015644543e-14
0.0006918309709189362,,1.3170147018523042e-15,9.312700266021434e-15,3.6584684660024536e-16,1.788854381999832e-18,5.142304358114164e-16,7.616151750203824e-17,2.453570900641104e-16,2.897789592675107e-15,1.4454397707459284e-14,8.467042972488833e-17,1.4488947963375536e-15,1.4488947963375537e-16,,,,1.3690052654430042e-15,1.4888017471853762e-14
0.0006958249547006056,,1.3132294788146007e-15,9.285934697238796e-15,3.6584684660024536e-16,1.788854381999832e-18,5.112928916928334e-16,7.594262220023964e-17,2.4395548637308587e-16,2.8812359541075615e-15,1.43714305335639e-14,8.467042972488833e-17,1.4406179770537807e-15,1.4406179770537808e-16,,,,1.3653519916349994e-15,1.4802971323515495e-14
0.000699841996002273,,1.3094551348608032e-15,9.25924605519619e-15,3.6584684660024536e-16,1.788854381999832e-18,5.083722898702724e-16,7.572435602394597e-17,2.4256196643627243e-16,2.8647777887085984e-15,1.428893958511104e-14,8.467042972488833e-17,1.4323888943542992e-15,1.4323888943542994e-16,,,,1.3617099703960123e-15,1.4718413752424636e-14
0.0007038822279364571,,1.3056916387234077e-15,9.232634118798973e-15,3.6584684660024536e-16,1.788854381999832e-18,5.054685335570624e-16,7.550671716499172e-17,2.411764840734086e-16,2.8484145510663014e-15,1.4206922128601817e-14,8.467042972488833e-17,1.4242072755331505e-15,1.4242072755331506e-16,,,,1.3580791710856165e-15,1.46343419565655e-14
0.000707945784384138,,1.3019389592247805e-15,9.206098667587983e-15,3.6584684660024536e-16,1.788854381999832e-18,5.025815265246274e-16,7.52897038204085e-17,2.397989933705194e-16,2.8321456989137264e-15,1.4125375446227543e-14,8.467042972488833e-17,1.416072849456863e-15,1.416072849456863e-16,,,,1.3544595631527773e-15,1.4550753150019182e-14
0.0007120327999992025,,1.2981970652768928e-15,9.17963948173766e-15,3.6584684660024536e-16,1.788854381999832e-18,4.997111730992889e-16,7.507331419240966e-17,2.3842944867839057e-16,2.815970693110888e-15,1.4044296835779478e-14,8.467042972488833e-17,1.407985346555444e-15,1.407985346555444e-16,,,,1.3508511161355689e-15,1.4467644562871067e-14
0.000716143410212902,,1.2944659258810658e-15,9.153256342054246e-15,3.6584684660024536e-16,1.788854381999832e-18,4.968573781590972e-16,7.485754648837556e-17,2.370678046110567e-16,2.799888997626903e-15,1.3963683610559377e-14,8.467042972488833e-17,1.3999444988134512e-15,1.3999444988134513e-16,,,,1.3472537996608981e-15,1.4385013441119098e-14
0.0007202777512383407,,1.2907455101277147e-15,9.126949029973967e-15,3.6584684660024536e-16,1.788854381999832e-18,4.940200471306766e-16,7.464239892083879e-17,2.35714016044296e-16,2.7839000795222064e-15,1.3883533099290456e-14,8.467042972488833e-17,1.3919500397611032e-15,1.3919500397611032e-16,,,,1.3436675834442295e-15,1.4302857046582533e-14
0.0007244359600749898,,1.2870357871960912e-15,9.100717327561224e-15,3.6584684660024536e-16,1.788854381999832e-18,4.911990859860892e-16,7.442786970746919e-17,2.3436803811413375e-16,2.7680034089308834e-15,1.3803842646028852e-14,8.467042972488833e-17,1.3840017044654417e-15,1.384001704465442e-16,,,,1.3400924372893079e-15,1.4221172656811164e-14
0.0007286181745132274,,1.2833367263540287e-15,9.074561017506783e-15,3.6584684660024536e-16,1.788854381999832e-18,4.883944012397166e-16,7.421395707105927e-17,2.330298262153547e-16,2.752198459043099e-15,1.3724609610075627e-14,8.467042972488833e-17,1.3760992295215495e-15,1.3760992295215495e-16,,,,1.3365283310878835e-15,1.4139957564995122e-14
0.0007328245331389044,,1.279648296957687e-15,9.048479883125974e-15,3.6584684660024536e-16,1.788854381999832e-18,4.856058999451599e-16,7.40006592395093e-17,2.316993360000238e-16,2.736484706087623e-15,1.364583136588924e-14,8.467042972488833e-17,1.3682423530438114e-15,1.3682423530438117e-16,,,,1.3329752348194373e-15,1.4059209079875143e-14
0.0007370551753379346,,1.2759704684513014e-15,9.022473708356909e-15,3.6584684660024536e-16,1.788854381999832e-18,4.828334896921593e-16,7.378797444581291e-17,2.303765233760164e-16,2.7208616293144747e-15,1.356750530299861e-14,8.467042972488833e-17,1.3604308146572373e-15,1.3604308146572375e-16,,,,1.329433118550908e-15,1.3978924525653459e-14
0.0007413102413009177,,1.272303210366925e-15,8.996542277758671e-15,3.6584684660024536e-16,1.788854381999832e-18,4.800770786035264e-16,7.357590092804208e-17,2.290613445055549e-16,2.7053287109776384e-15,1.3489628825916534e-14,8.467042972488833e-17,1.3526643554888192e-15,1.3526643554888193e-16,,,,1.325901952436416e-15,1.3899101241905032e-14
0.0007455898720277815,,1.26864649232418e-15,8.970685376509549e-15,3.6584684660024536e-16,1.788854381999832e-18,4.773365753321e-16,7.336443692933283e-17,2.277537558037555e-16,2.689885436317902e-15,1.3412199354053711e-14,8.467042972488833e-17,1.344942718158951e-15,1.344942718158951e-16,,,,1.3223817067169927e-15,1.3819736583489428e-14
0.0007498942093324559,,1.2650002840300032e-15,8.94490279040524e-15,3.6584684660024536e-16,1.788854381999832e-18,4.746118890577154e-16,7.315358069787053e-17,2.264537139371831e-16,2.6745312935457853e-15,1.3335214321633243e-14,8.467042972488833e-17,1.3372656467728926e-15,1.337265646772893e-16,,,,1.3188723517203065e-15,1.3740827920463173e-14
0.0007542233958475707,,1.2613645552783981e-15,8.919194305857092e-15,3.6584684660024536e-16,1.788854381999832e-18,4.719029294841933e-16,7.29433304868755e-17,2.251611758224138e-16,2.659265773824567e-15,1.3258671177605594e-14,8.467042972488833e-17,1.3296328869122834e-15,1.3296328869122835e-16,,,,1.3153738578603925e-15,1.3662372637992574e-14
0.0007585775750291835,,1.2577392759501823e-15,8.893559709890323e-15,3.6584684660024536e-16,1.788854381999832e-18,4.692096068363448e-16,7.273368455458835e-17,2.238760986246063e-16,2.6440883712534095e-15,1.3182567385564076e-14,8.467042972488833e-17,1.3220441856267047e-15,1.3220441856267048e-16,,,,1.3118861956373803e-15,1.3584368136267091e-14
0.0007629568911615335,,1.254124416012738e-15,8.867998790142258e-15,3.6584684660024536e-16,1.788854381999832e-18,4.665318318569932e-16,7.252464116425576e-17,2.225984397560808e-16,2.628998582850577e-15,1.3106900423660761e-14,8.467042972488833e-17,1.3144992914252885e-15,1.3144992914252886e-16,,,,1.3084093356372227e-15,1.3506811830413136e-14
0.0007673614893618186,,1.2505199455197665e-15,8.84251133486059e-15,3.6584684660024536e-16,1.788854381999832e-18,4.638695158040177e-16,7.231619858411605e-17,2.213281568749084e-16,2.613995908536772e-15,1.3031667784523002e-14,8.467042972488833e-17,1.306997954268386e-15,1.306997954268386e-16,,,,1.3049432485314296e-15,1.3429701150408502e-14
0.0007717915155850127,,1.2469258346110337e-15,8.817097132901573e-15,3.6584684660024536e-16,1.788854381999832e-18,4.612225704474026e-16,7.210835508738458e-17,2.2006520788350337e-16,2.599079851118514e-15,1.295686697517019e-14,8.467042972488833e-17,1.299539925559257e-15,1.2995399255592572e-16,,,,1.301487905076791e-15,1.3353033540997036e-14
0.0007762471166286919,,1.24334205351213e-15,8.791755973728343e-15,3.6584684660024536e-16,1.788854381999832e-18,4.585909080663195e-16,7.190110895223989e-17,2.1880955092723074e-16,2.5842499162716905e-15,1.2882495516931337e-14,8.467042972488833e-17,1.2921249581358452e-15,1.2921249581358452e-16,,,,1.298043276115117e-15,1.3276806461604149e-14
0.000780728440137907,,1.2397685725342187e-15,8.76648764740912e-15,3.6584684660024536e-16,1.788854381999832e-18,4.559744414462124e-16,7.169445846180906e-17,2.1756114439301536e-16,2.569505612525132e-15,1.2808550945362785e-14,8.467042972488833e-17,1.284752806262566e-15,1.2847528062625664e-16,,,,1.2946093325729618e-15,1.3201017386252477e-14
0.0007852356346100719,,1.2362053620737915e-15,8.741291944615493e-15,3.6584684660024536e-16,1.788854381999832e-18,4.533730838759063e-16,7.148840190415364e-17,2.1631994690796292e-16,2.5548464512443247e-15,1.2735030810166617e-14,8.467042972488833e-17,1.2774232256221623e-15,1.2774232256221623e-16,,,,1.2911860454613607e-15,1.312566380347823e-14
0.0007897688493998855,,1.232652392612424e-15,8.716168656620675e-15,3.6584684660024536e-16,1.788854381999832e-18,4.50786749144732e-16,7.128293757225547e-17,2.1508591733798743e-16,2.5402719466151984e-15,1.2661932675109443e-14,8.467042972488833e-17,1.270135973307599e-15,1.270135973307599e-16,,,,1.287773385875561e-15,1.3050743216247959e-14
0.0007943282347242813,,1.2291096347165298e-15,8.691117575297786e-15,3.6584684660024536e-16,1.788854381999832e-18,4.4821535153966525e-16,7.107806376400251e-17,2.1385901478644662e-16,2.5257816156280133e-15,1.2589254117941677e-14,8.467042972488833e-17,1.2628908078140066e-15,1.2628908078140067e-16,,,,1.2843713249947556e-15,1.2976253141875797e-14
0.000798913941667404,,1.2255770590371176e-15,8.666138493118117e-15,3.6584684660024536e-16,1.788854381999832e-18,4.456588058424851e-16,7.087377878217472e-17,2.1263919859278575e-16,2.511374978061341e-15,1.2516992730317256e-14,8.467042972488833e-17,1.2556874890306706e-15,1.2556874890306706e-16,,,,1.2809798340818166e-15,1.2902191111941184e-14
0.0008035261221856177,,1.222054636309548e-15,8.641231203149414e-15,3.6584684660024536e-16,1.788854381999832e-18,4.431170273269453e-16,7.067008093443006e-17,2.1142642833118844e-16,2.4970515564661295e-15,1.2445146117713846e-14,8.467042972488833e-17,1.2485257782330647e-15,1.2485257782330648e-16,,,,1.2775988844830304e-15,1.282855467220706e-14
0.0008081649291125368,,1.2185423373532918e-15,8.616395499054184e-15,3.6584684660024536e-16,1.788854381999832e-18,4.405899317559669e-16,7.046696853329055e-17,2.1022066380923674e-16,2.482810876149879e-15,1.2373711899353533e-14,8.467042972488833e-17,1.2414054380749392e-15,1.2414054380749394e-16,,,,1.2742284476278336e-15,1.2755341382538577e-14
0.0008128305161640995,,1.2150401330716848e-15,8.591631175087934e-15,3.6584684660024536e-16,1.788854381999832e-18,4.3807743537883865e-16,7.026443989612787e-17,2.0902186506657562e-16,2.468652465160868e-15,1.2302687708123813e-14,8.467042972488833e-17,1.2343262325804338e-15,1.234326232580434e-16,,,,1.2708684950285445e-15,1.2682548816822118e-14
0.0008175230379436502,,1.211547994451692e-15,8.566938026097533e-15,3.6584684660024536e-16,1.788854381999832e-18,4.35579454928445e-16,7.006249334515009e-17,2.078299923735902e-16,2.4545758542725323e-15,1.2232071190499312e-14,8.467042972488833e-17,1.2272879271362661e-15,1.2272879271362663e-16,,,,1.2675189982801047e-15,1.261017456288504e-14
0.0008222426499470713,,1.2080658925636637e-15,8.542315847519457e-15,3.6584684660024536e-16,1.788854381999832e-18,4.3309590761849916e-16,6.986112720738718e-17,2.0664500623008558e-16,2.4405805769678717e-15,1.2161860006463679e-14,8.467042972488833e-17,1.2202902884839357e-15,1.2202902884839357e-16,,,,1.264179929059812e-15,1.2538216222415636e-14
0.0008269895085679318,,1.2045937985610958e-15,8.51776443537813e-15,3.6584684660024536e-16,1.788854381999832e-18,4.306267111407986e-16,6.966033981467746e-17,2.0546686736397742e-16,2.4266661694239844e-15,1.2092051829432087e-14,8.467042972488833e-17,1.2133330847119922e-15,1.2133330847119924e-16,,,,1.2608512591270587e-15,1.2466671410883678e-14
0.0008317637711026709,,1.201131683680393e-15,8.49328358628421e-15,3.6584684660024536e-16,1.788854381999832e-18,4.28171783662494e-16,6.946012950365371e-17,2.042955367299888e-16,2.4128321704966785e-15,1.2022644346174131e-14,8.467042972488833e-17,1.2064160852483392e-15,1.2064160852483393e-16,,,,1.25753296032307e-15,1.2395537757461397e-14
0.0008365655957558099,,1.1976795192406283e-15,8.468873097432925e-15,3.6584684660024536e-16,1.788854381999832e-18,4.257310438233745e-16,6.926049461572932e-17,2.0313097550835487e-16,2.399078121705172e-15,1.1953635256737188e-14,8.467042972488833e-17,1.199539060852586e-15,1.199539060852586e-16,,,,1.25422500457064e-15,1.2324812904944922e-14
0.0008413951416451947,,1.194237276643307e-15,8.444532766602374e-15,3.6584684660024536e-16,1.788854381999832e-18,4.233044107331683e-16,6.906143349708469e-17,2.019731451035349e-16,2.385403567216881e-15,1.188502227437019e-14,8.467042972488833e-17,1.1927017836084406e-15,1.1927017836084407e-16,,,,1.2509273638738735e-15,1.2254494509676154e-14
0.0008462525688072697,,1.1908049273721283e-15,8.420262392151862e-15,3.6584684660024536e-16,1.788854381999832e-18,4.2089180396885836e-16,6.886294449865337e-17,2.0082200714293164e-16,2.3718080538322967e-15,1.1816803125447831e-14,8.467042972488833e-17,1.1859040269161483e-15,1.1859040269161483e-16,,,,1.2476400103179233e-15,1.2184580241465063e-14
0.0008511380382023768,,1.1873824429927516e-15,8.396061773020237e-15,3.6584684660024536e-16,1.788854381999832e-18,4.1849314357201567e-16,6.866502597610859e-17,1.996775234756188e-16,2.3582911309699523e-15,1.1748975549395291e-14,8.467042972488833e-17,1.1791455654849762e-15,1.1791455654849762e-16,,,,1.244362916068732e-15,1.2115067783512556e-14
0.0008560517117200949,,1.1839697951525576e-15,8.371930708724211e-15,3.6584684660024536e-16,1.788854381999832e-18,4.1610835004614395e-16,6.846767628984946e-17,1.9853965617107398e-16,2.344852350651464e-15,1.1681537298613242e-14,8.467042972488833e-17,1.172426175325732e-15,1.172426175325732e-16,,,,1.2410960533727696e-15,1.2045954832333582e-14
0.0008609937521846007,,1.1805669555804156e-15,8.347868999356696e-15,3.6584684660024536e-16,1.788854381999832e-18,4.1373734435404325e-16,6.827089380498744e-17,1.974083675179212e-16,2.331491267486673e-15,1.1614486138403428e-14,8.467042972488833e-17,1.1657456337433365e-15,1.1657456337433367e-16,,,,1.2378393945567763e-15,1.197723909768087e-14
0.0008659643233600654,,1.1771738960864489e-15,8.323876445585163e-15,3.6584684660024536e-16,1.788854381999832e-18,4.1138004791518684e-16,6.807467689133282e-17,1.962836200226788e-16,2.318207438658865e-15,1.1547819846894583e-14,8.467042972488833e-17,1.1591037193294325e-15,1.1591037193294326e-16,,,,1.2345929120275041e-15,1.1908918302468992e-14
0.0008709635899560805,,1.173790588561801e-15,8.299952848649983e-15,3.6584684660024536e-16,1.788854381999832e-18,4.090363826031142e-16,6.787902392338126e-17,1.951653764085159e-16,2.3050004239100756e-15,1.148153621496883e-14,8.467042972488833e-17,1.152500211955038e-15,1.152500211955038e-16,,,,1.2313565782714582e-15,1.1840990182698923e-14
0.000875991717633117,,1.1704170049784031e-15,8.276098010362779e-15,3.6584684660024536e-16,1.788854381999832e-18,4.067062707428378e-16,6.768393328030022e-17,1.9405359961401486e-16,2.2918697855264814e-15,1.1415633046188461e-14,8.467042972488833e-17,1.1459348927632407e-15,1.1459348927632407e-16,,,,1.2281303658546397e-15,1.1773452487382995e-14
0.0008810488730080147,,1.1670531173887404e-15,8.252311733104783e-15,3.6584684660024536e-16,1.788854381999832e-18,4.043896351082652e-16,6.748940334591554e-17,1.9294825279194147e-16,2.2788150883238705e-15,1.1350108156723144e-14,8.467042972488833e-17,1.1394075441619352e-15,1.1394075441619352e-16,,,,1.2249142474222872e-15,1.1706302978470282e-14
0.0008861352236594994,,1.1636988979256251e-15,8.228593819825216e-15,3.6584684660024536e-16,1.788854381999832e-18,4.020863989196385e-16,6.729543250869828e-17,1.9184929930802313e-16,2.2658358996332133e-15,1.1284959375277623e-14,8.467042972488833e-17,1.1329179498166067e-15,1.1329179498166067e-16,,,,1.2217081956986255e-15,1.1639539430772505e-14
0.0008912509381337459,,1.1603543188019578e-15,8.204944074039614e-15,3.6584684660024536e-16,1.788854381999832e-18,3.997964858409812e-16,6.710201916175092e-17,1.9075670273973063e-16,2.252931789286277e-15,1.122018454301963e-14,8.467042972488833e-17,1.1264658946431383e-15,1.1264658946431383e-16,,,,1.2185121834866007e-15,1.1573159631890135e-14
0.0008963961859499502,,1.1570193523105059e-15,8.181362299828258e-15,3.6584684660024536e-16,1.788854381999832e-18,3.97519819977571e-16,6.690916170279453e-17,1.8967042687507243e-16,2.2401023296013817e-15,1.115578151350852e-14,8.467042972488833e-17,1.1200511648006907e-15,1.1200511648006908e-16,,,,1.2153261836676345e-15,1.1507161382139253e-14
0.000901571137605957,,1.1536939708236673e-15,8.157848301834502e-15,3.6584684660024536e-16,1.788854381999832e-18,3.9525632587341615e-16,6.671685853415518e-17,1.8859043571139035e-16,2.227347095369181e-15,1.1091748152624011e-14,8.467042972488833e-17,1.1136735476845903e-15,1.1136735476845905e-16,,,,1.2121501692013621e-15,1.1441542494478515e-14
0.0009067759645839049,,1.1503781467932456e-15,8.134401885263176e-15,3.6584684660024536e-16,1.788854381999832e-18,3.9300592850875257e-16,6.652510806275084e-17,1.8751669345416564e-16,2.2146656638385563e-15,1.102808233849552e-14,8.467042972488833e-17,1.1073328319192781e-15,1.1073328319192781e-16,,,,1.208984113125382e-15,1.1376300794436718e-14
0.0009120108393559096,,1.14707185275022e-15,8.111022855878973e-15,3.6584684660024536e-16,1.788854381999832e-18,3.9076855329755406e-16,6.633390870007809e-17,1.8644916451583076e-16,2.2020576147025886e-15,1.0964781961431854e-14,8.467042972488833e-17,1.1010288073512943e-15,1.1010288073512944e-16,,,,1.2058279885549996e-15,1.1311434120040745e-14
0.0009172759353897794,,1.143775061304518e-15,8.087711020004836e-15,3.6584684660024536e-16,1.788854381999832e-18,3.8854412608505593e-16,6.614325886219909e-17,1.8538781351458797e-16,2.189522530084602e-15,1.090184492385128e-14,8.467042972488833e-17,1.094761265042301e-15,1.094761265042301e-16,,,,1.2026817686829752e-15,1.1246940321743889e-14
0.0009225714271547628,,1.1404877451447888e-15,8.064466184520351e-15,3.6584684660024536e-16,1.788854381999832e-18,3.863325731452941e-16,6.595315696972833e-17,1.843326052732351e-16,2.1770599945242947e-15,1.0839269140212041e-14,8.467042972488833e-17,1.0885299972621474e-15,1.0885299972621474e-16,,,,1.1995454267792704e-15,1.1182817262354636e-14
0.0009278974901273316,,1.137209877038177e-15,8.041288156860149e-15,3.6584684660024536e-16,1.788854381999832e-18,3.841338211786564e-16,6.576360144781959e-17,1.8328350481799714e-16,2.1646695949639445e-15,1.0777052536943214e-14,8.467042972488833e-17,1.0823347974819723e-15,1.0823347974819723e-16,,,,1.1964189361907964e-15,1.1119062816965813e-14
0.0009332543007969905,,1.1339414298300987e-15,8.018176745012323e-15,3.6584684660024536e-16,1.788854381999832e-18,3.8194779730945196e-16,6.557459072615306e-17,1.8224047737736666e-16,2.152350920734706e-15,1.0715193052376071e-14,8.467042972488833e-17,1.076175460367353e-15,1.0761754603673531e-16,,,,1.1933022703411633e-15,1.1055674872884208e-14
0.0009386420366721355,,1.1306823764440107e-15,7.995131757516806e-15,3.6584684660024536e-16,1.788854381999832e-18,3.7977442908348705e-16,6.538612323892188e-17,1.8120348838094694e-16,2.1401035635429557e-15,1.065368863667563e-14,8.467042972488833e-17,1.0700517817714779e-15,1.070051781771478e-16,,,,1.1901954027304234e-15,1.0992651329560456e-14
0.0009440608762859235,,1.127432689881195e-15,7.972153003463827e-15,3.6584684660024536e-16,1.788854381999832e-18,3.776136444656652e-16,6.519819742481978e-17,1.8017250345830714e-16,2.127927117456764e-15,1.0592537251772887e-14,8.467042972488833e-17,1.063963558728382e-15,1.0639635587283821e-16,,,,1.1870983069348283e-15,1.0929990098519556e-14
0.0009495109992021983,,1.124192343220527e-15,7.949240292492294e-15,3.6584684660024536e-16,1.788854381999832e-18,3.754653718375912e-16,6.501081172702761e-17,1.7914748843783893e-16,2.115821178892395e-15,1.0531736871297162e-14,8.467042972488833e-17,1.0579105894461975e-15,1.0579105894461976e-16,,,,1.1840109566065721e-15,1.0867689103291541e-14
0.0009549925860214359,,1.1209613096182577e-15,7.926393434788231e-15,3.6584684660024536e-16,1.788854381999832e-18,3.73329539995195e-16,6.482396459320079e-17,1.781284093456228e-16,2.1037853466009173e-15,1.0471285480508996e-14,8.467042972488833e-17,1.0518926733004585e-15,1.0518926733004586e-16,,,,1.180933325473544e-15,1.0805746279342703e-14
0.0009605058183867305,,1.1177395623077889e-15,7.903612241083211e-15,3.6584684660024536e-16,1.788854381999832e-18,3.71206078146367e-16,6.463765447545623e-17,1.7711523240429986e-16,2.0918192216548766e-15,1.0411181076233396e-14,8.467042972488833e-17,1.0459096108274383e-15,1.0459096108274385e-16,,,,1.1778653873390795e-15,1.0744159574007187e-14
0.0009660508789898131,,1.1145270745994522e-15,7.880896522652778e-15,3.6584684660024536e-16,1.788854381999832e-18,3.690949159086079e-16,6.445187983035966e-17,1.761079240319503e-16,2.079922407435054e-15,1.035142166679344e-14,8.467042972488833e-17,1.0399612037175268e-15,1.039961203717527e-16,,,,1.1748071160817097e-15,1.0682926946418923e-14
0.0009716279515771057,,1.1113238198802878e-15,7.858246091314889e-15,3.6584684660024536e-16,1.788854381999832e-18,3.6699598330669013e-16,6.426663911891278e-17,1.7510645084097776e-16,2.0680945096172853e-15,1.0292005271944286e-14,8.467042972488833e-17,1.0340472548086427e-15,1.0340472548086427e-16,,,,1.1717584856549145e-15,1.0622046367444019e-14
0.000977237220955811,,1.1081297716138234e-15,7.835660759428347e-15,3.6584684660024536e-16,1.788854381999832e-18,3.649092107703349e-16,6.408193080654046e-17,1.7411077963700106e-16,2.056335136159375e-15,1.0232929922807539e-14,8.467042972488833e-17,1.0281675680796875e-15,1.0281675680796876e-16,,,,1.1687194700868734e-15,1.0561515819613474e-14
0.0009828788730000325,,1.1049449033398569e-15,7.813140339891271e-15,3.6584684660024536e-16,1.788854381999832e-18,3.628345291319025e-16,6.389775336307817e-17,1.7312087741775184e-16,2.0446438972880758e-15,1.0174193661806046e-14,8.467042972488833e-17,1.0223219486440379e-15,1.0223219486440381e-16,,,,1.1656900434802202e-15,1.050133329705637e-14
0.000988553094656939,,1.1017691886742332e-15,7.79068464613951e-15,3.6584684660024536e-16,1.788854381999832e-18,3.607718696240934e-16,6.371410526275917e-17,1.721367113719779e-16,2.0330204054861367e-15,1.0115794542598985e-14,8.467042972488833e-17,1.0165102027430683e-15,1.0165102027430683e-16,,,,1.1626701800117933e-15,1.0441496805433331e-14
0.0009942600739529567,,1.0986026013086288e-15,7.768293492145123e-15,3.6584684660024536e-16,1.788854381999832e-18,3.587211638776647e-16,6.35309849842019e-17,1.7115824887835373e-16,2.021464275479434e-15,1.0057730630017383e-14,8.467042972488833e-17,1.010732137739717e-15,1.010732137739717e-16,,,,1.1596598539323902e-15,1.0382004361870452e-14
0.001,1e-15,1.0954451150103323e-15,7.745966692414833e-15,3.6584684660024536e-16,1.788854381999832e-18,3.5668234391915986e-16,6.334839101039741e-17,1.7018545750439698e-16,2.0099751242241782e-15,1e-14,8.467042972488833e-17,1.004987562112089e-15,1.0049875621120891e-16,1e-15,1.0000000000000001e-16,,1.1566590395665224e-15,1.0322853994893581e-14
0.0010057730630017381,1e-15,1.0922967036220278e-15,7.723704061988485e-15,3.6584684660024536e-16,1.788854381999832e-18,3.5465534216865015e-16,6.316632182869676e-17,1.6921830500539103e-16,1.9985525708941853e-15,9.942600739529568e-15,8.467042972488833e-17,9.992762854470927e-16,9.992762854470928e-17,1e-15,1.0000000000000001e-16,,1.153667711312169e-15,1.0264043744362983e-14
0.0010115794542598982,1e-15,1.0891573410615782e-15,7.701505416437514e-15,3.6584684660024536e-16,1.788854381999832e-18,3.526400914374895e-16,6.298477593079855e-17,1.6825675932331382e-16,1.9871962368682276e-15,9.885530946569392e-15,8.467042972488833e-17,9.935981184341138e-16,9.935981184341138e-17,1e-15,1.0000000000000001e-16,,1.1506858436405323e-15,1.0205571661408355e-14
0.0010174193661806057,1e-15,1.0860270013218076e-15,7.679370571863419e-15,3.6584684660024536e-16,1.788854381999832e-18,3.506365249260826e-16,6.280375181273628e-17,1.6730078858577275e-16,1.9759057457174538e-15,9.828788730000315e-15,8.467042972488833e-17,9.879528728587269e-16,9.87952872858727e-17,1e-15,1.0000000000000001e-16,,1.1477134110957913e-15,1.0147435808364238e-14
0.0010232929922807535,1e-15,1.0829056584702905e-15,7.657299344896259e-15,3.6584684660024536e-16,1.788854381999832e-18,3.48644576221667e-16,6.262324797486618e-17,1.6635036110494661e-16,1.964680723192893e-15,9.772372209558113e-15,8.467042972488833e-17,9.823403615964464e-16,9.823403615964464e-17,1e-15,1.0000000000000001e-16,,1.1447503882948626e-15,1.0089634258705848e-14
0.0010292005271944286,1e-15,1.0797932866491285e-15,7.635291552693083e-15,3.6584684660024536e-16,1.788854381999832e-18,3.466641792961025e-16,6.244326292185432e-17,1.654054453765306e-16,1.9535207972129936e-15,9.716279515771058e-15,8.467042972488833e-17,9.767603986064968e-16,9.767603986064968e-17,1e-15,1.0000000000000001e-16,,1.141796749927148e-15,1.0032165096985096e-14
0.0010351421666793441,1e-15,1.0766898600747457e-15,7.613347012936478e-15,3.6584684660024536e-16,1.788854381999832e-18,3.446952685036824e-16,6.226379516266476e-17,1.6446601007869232e-16,1.9424255978512954e-15,9.660508789898131e-15,8.467042972488833e-17,9.712127989256477e-16,9.712127989256477e-17,1e-15,1.0000000000000001e-16,,1.1388524707543016e-15,9.975026418767269e-15
0.0010411181076233397,1e-15,1.0735953530376688e-15,7.59146554383301e-15,3.6584684660024536e-16,1.788854381999832e-18,3.42737778578948e-16,6.20848432105468e-17,1.635320240710287e-16,1.9313947573241084e-15,9.605058183867305e-15,8.467042972488833e-17,9.656973786620542e-16,9.656973786620542e-17,1e-15,1.0000000000000001e-16,,1.1359175256099796e-15,9.918216330567777e-15
0.0010471285480508996,1e-15,1.0705097399023155e-15,7.569646964111745e-15,3.6584684660024536e-16,1.788854381999832e-18,3.4079164463452184e-16,6.190640558302281e-17,1.6260345639353222e-16,1.9204279099783043e-15,9.549925860214359e-15,8.467042972488833e-17,9.602139549891521e-16,9.602139549891523e-17,1e-15,1.0000000000000001e-16,,1.1329918893996005e-15,9.861732949789452e-15
0.0010531736871297159,1e-15,1.0674329951067833e-15,7.547891093022733e-15,3.6584684660024536e-16,1.788854381999832e-18,3.3885680215895037e-16,6.172848080187599e-17,1.6168027626556183e-16,1.909524692279162e-15,9.495109992021984e-15,8.467042972488833e-17,9.54762346139581e-16,9.547623461395811e-17,1e-15,1.0000000000000001e-16,,1.1300755371001043e-15,9.805574404660143e-15
0.0010592537251772887,1e-15,1.0643650931626367e-15,7.526197750335517e-15,3.6584684660024536e-16,1.788854381999832e-18,3.3693318701456024e-16,6.1551067393138e-17,1.6076245308481974e-16,1.8986847427982835e-15,9.440608762859235e-15,8.467042972488833e-17,9.493423713991418e-16,9.493423713991418e-17,1e-15,1.0000000000000001e-16,,1.12716844375971e-15,9.749738834170675e-15
0.001065368863667563,1e-15,1.0613060086546965e-15,7.504566756337646e-15,3.6584684660024536e-16,1.788854381999832e-18,3.350207354353264e-16,6.137416388707689e-17,1.598499564263345e-16,1.8879077022015826e-15,9.386420366721356e-15,8.467042972488833e-17,9.439538511007913e-16,9.439538511007913e-17,1e-15,1.0000000000000001e-16,,1.1242705844976752e-15,9.69422438801317e-15
0.001071519305237607,1e-15,1.0582557162408283e-15,7.482997931833166e-15,3.6584684660024536e-16,1.788854381999832e-18,3.3311938402475206e-16,6.119776881818478e-17,1.5894275604144926e-16,1.877193213237337e-15,9.332543007969905e-15,8.467042972488833e-17,9.385966066186684e-16,9.385966066186685e-17,1e-15,1.0000000000000001e-16,,1.1213819345040547e-15,9.639029226519694e-15
0.0010777052536943214,1e-15,1.0552141906517359e-15,7.461491098141168e-15,3.6584684660024536e-16,1.788854381999832e-18,3.3122906975376297e-16,6.102188072516596e-17,1.5804082185681725e-16,1.866540920724324e-15,9.278974901273317e-15,8.467042972488833e-17,9.332704603621619e-16,9.332704603621621e-17,1e-15,1.0000000000000001e-16,,1.1185024690394643e-15,9.584151520601357e-15
0.0010839269140212038,1e-15,1.0521814066907453e-15,7.440046077094266e-15,3.6584684660024536e-16,1.788854381999832e-18,3.2934972995860814e-16,6.084649815092436e-17,1.571441239733999e-16,1.855950471539988e-15,9.22571427154763e-15,8.467042972488833e-17,9.27975235769994e-16,9.27975235769994e-17,1e-15,1.0000000000000001e-16,,1.1156321634348346e-15,9.52958945168756e-15
0.0010901844923851278,1e-15,1.0491573392336038e-15,7.418662691037164e-15,3.6584684660024536e-16,1.788854381999832e-18,3.274813023387816e-16,6.067161964255199e-17,1.562526326654755e-16,1.8454215146087306e-15,9.172759353897795e-15,8.467042972488833e-17,9.22710757304365e-16,9.227107573043652e-17,1e-15,1.0000000000000001e-16,,1.1127709930911792e-15,9.475341211665849e-15
0.0010964781961431851,1e-15,1.0461419632282664e-15,7.39734076282515e-15,3.6584684660024536e-16,1.788854381999832e-18,3.256237249549462e-16,6.04972437513165e-17,1.5536631837964841e-16,1.8349537008902115e-15,9.120108393559097e-15,8.467042972488833e-17,9.174768504451057e-16,9.174768504451057e-17,1e-15,1.0000000000000001e-16,,1.1099189334793516e-15,9.421405002821904e-15
0.001102808233849552,1e-15,1.0431352536946903e-15,7.376080115822651e-15,3.6584684660024536e-16,1.788854381999832e-18,3.2377693622687707e-16,6.03233690326494e-17,1.544851517338678e-16,1.8245466833677575e-15,9.067759645839048e-15,8.467042972488833e-17,9.122733416838787e-16,9.122733416838788e-17,1e-15,1.0000000000000001e-16,,1.1070759601398084e-15,9.367779037779973e-15
0.0011091748152624009,1e-15,1.0401371857246276e-15,7.354880573901757e-15,3.6584684660024536e-16,1.788854381999832e-18,3.2194087493141224e-16,6.0149994046134e-17,1.5360910351644997e-16,1.8142001170368165e-15,9.015711376059572e-15,8.467042972488833e-17,9.071000585184083e-16,9.071000585184083e-17,1e-15,1.0000000000000001e-16,,1.104242048682372e-15,9.314461539443645e-15
0.0011155781513508532,1e-15,1.0371477344814185e-15,7.33374196144076e-15,3.6584684660024536e-16,1.788854381999832e-18,3.2011548020041646e-16,5.997711735549346e-17,1.5273814468510663e-16,1.8039136588934805e-15,8.963961859499493e-15,8.467042972488833e-17,9.019568294467402e-16,9.019568294467403e-17,1e-15,1.0000000000000001e-16,,1.1014171747859923e-15,9.2614507409369e-15
0.001122018454301963,1e-15,1.0341668751997887e-15,7.312664103322724e-15,3.6584684660024536e-16,1.788854381999832e-18,3.183006915187587e-16,5.980473752857909e-17,1.5187224636598006e-16,1.79368696792309e-15,8.91250938133746e-15,8.467042972488833e-17,8.96843483961545e-16,8.968434839615452e-17,1e-15,1.0000000000000001e-16,,1.0986013141985135e-15,9.208744885545638e-15
0.0011284959375277622,1e-15,1.0311945831856367e-15,7.291646824933992e-15,3.6584684660024536e-16,1.788854381999832e-18,3.164964487222951e-16,5.96328531373581e-17,1.5101137985268058e-16,1.7835197050888686e-15,8.861352236594993e-15,8.467042972488833e-17,8.917598525444341e-16,8.917598525444343e-17,1e-15,1.0000000000000001e-16,,1.0957944427364305e-15,9.156342226659301e-15
0.0011350108156723143,1e-15,1.0282308338158401e-15,7.270689952162784e-15,3.6584684660024536e-16,1.788854381999832e-18,3.147026919958729e-16,5.946146275790221e-17,1.5015551660533429e-16,1.7734115333206702e-15,8.810488730080146e-15,8.467042972488833e-17,8.867057666603351e-16,8.867057666603352e-17,1e-15,1.0000000000000001e-16,,1.092996536284663e-15,9.104241027713159e-15
0.001141563304618846,1e-15,1.0252756025380396e-15,7.249793311397713e-15,3.6584684660024536e-16,1.788854381999832e-18,3.1291936187133493e-16,5.929056497037547e-17,1.4930462824963071e-16,1.7633621175037401e-15,8.759917176331171e-15,8.467042972488833e-17,8.816810587518701e-16,8.816810587518701e-17,1e-15,1.0000000000000001e-16,,1.0902075707963094e-15,9.05243956213057e-15
0.0011481536214968829,1e-15,1.022328864870447e-15,7.228956729526386e-15,3.6584684660024536e-16,1.788854381999832e-18,3.1114639922554586e-16,5.912015835902282e-17,1.4845868657588131e-16,1.7533711244675876e-15,8.709635899560806e-15,8.467042972488833e-17,8.766855622337939e-16,8.76685562233794e-17,1e-15,1.0000000000000001e-16,,1.087427522292422e-15,9.0009361132659e-15
0.0011547819846894581,1e-15,1.0193905964016337e-15,7.208180033933942e-15,3.6584684660024536e-16,1.788854381999832e-18,3.0938374527842153e-16,5.895024151215811e-17,1.476176635380792e-16,1.743438222974885e-15,8.659643233600654e-15,8.467042972488833e-17,8.717191114874425e-16,8.717191114874425e-17,1e-15,1.0000000000000001e-16,,1.084656366861765e-15,8.94972897434753e-15
0.0011614486138403425,1e-15,1.016460772790333e-15,7.187463052501629e-15,3.6584684660024536e-16,1.788854381999832e-18,3.0763134159097407e-16,5.878081302215254e-17,1.4678153125296603e-16,1.733563083710446e-15,8.609937521846008e-15,8.467042972488833e-17,8.66781541855223e-16,8.667815418552231e-17,1e-15,1.0000000000000001e-16,,1.0818940806605838e-15,8.898816448421307e-15
0.0011681537298613243,1e-15,1.013539369765237e-15,7.166805613605388e-15,3.6584684660024536e-16,1.788854381999832e-18,3.058891300633672e-16,5.861187148542299e-17,1.4595026199910467e-16,1.7237453792702734e-15,8.56051711720095e-15,8.467042972488833e-17,8.618726896351367e-16,8.618726896351367e-17,1e-15,1.0000000000000001e-16,,1.0791406399123709e-15,8.8481968482943e-15
0.0011748975549395304,1e-15,1.0106263631247955e-15,7.146207546114411e-15,3.6584684660024536e-16,1.788854381999832e-18,3.041570529329817e-16,5.844341550242028e-17,1.4512382821595567e-16,1.713984784150652e-15,8.511380382023759e-15,8.467042972488833e-17,8.569923920753259e-16,8.56992392075326e-17,1e-15,1.0000000000000001e-16,,1.0763960209076318e-15,8.797868496478854e-15
0.001181680312544783,1e-15,1.0077217287370177e-15,7.125668679389758e-15,3.6584684660024536e-16,1.788854381999832e-18,3.024350527724943e-16,5.827544367761786e-17,1.4430220250296096e-16,1.704280974737326e-15,8.462525688072698e-15,8.467042972488833e-17,8.521404873686631e-16,8.521404873686631e-17,1e-15,1.0000000000000001e-16,,1.073660200003656e-15,8.747829725137048e-15
0.001188502227437019,1e-15,1.004825442539267e-15,7.105188843282892e-15,3.6584684660024536e-16,1.788854381999832e-18,3.0072307248796235e-16,5.810795461949977e-17,1.4348535761862993e-16,1.6946336292947067e-15,8.413951416451947e-15,8.467042972488833e-17,8.473168146473533e-16,8.473168146473534e-17,1e-15,1.0000000000000001e-16,,1.070933153624277e-15,8.69807887602528e-15
0.0011953635256737188,1e-15,1.0019374805380683e-15,7.0847678681343256e-15,3.6584684660024536e-16,1.788854381999832e-18,2.9902105531692746e-16,5.794094694054967e-17,1.426732664796344e-16,1.6850424279551812e-15,8.3656559575581e-15,8.467042972488833e-17,8.425212139775906e-16,8.425212139775907e-17,1e-15,1.0000000000000001e-16,,1.0682148582596496e-15,8.648614300439465e-15
0.001202264434617413,1e-15,9.990578188089042e-16,7.064405584772172e-15,3.6584684660024536e-16,1.788854381999832e-18,2.973289448265219e-16,5.77744192572389e-17,1.418659021599053e-16,1.6755070527084467e-15,8.317637711026709e-15,8.467042972488833e-17,8.377535263542233e-16,8.377535263542234e-17,1e-15,1.0000000000000001e-16,,1.0655052904660118e-15,8.599434359160239e-15
0.0012092051829432084,1e-15,9.96186433496019e-16,7.0441018245107665e-15,3.6584684660024536e-16,1.788854381999832e-18,2.956466849115905e-16,5.760837019001525e-17,1.410632378897367e-16,1.6660271873909253e-15,8.26989508567932e-15,8.467042972488833e-17,8.330135936954626e-16,8.330135936954627e-17,1e-15,1.0000000000000001e-16,,1.0628044268654565e-15,8.550537422398704e-15
0.001216186000646368,1e-15,9.933233008122208e-16,7.0238564191492604e-15,3.6584684660024536e-16,1.788854381999832e-18,2.939742197928226e-16,5.744279836329148e-17,1.4026524705489406e-16,1.656602517675235e-15,8.222426499470714e-15,8.467042972488833e-17,8.283012588376175e-16,8.283012588376176e-17,1e-15,1.0000000000000001e-16,,1.0601122441457013e-15,8.501921869742373e-15
0.0012232071190499325,1e-15,9.904683970386836e-16,7.003669200970229e-15,3.6584684660024536e-16,1.788854381999832e-18,2.9231149401489273e-16,5.727770240543384e-17,1.3947190319572767e-16,1.6472327310597175e-15,8.175230379436495e-15,8.467042972488833e-17,8.236163655298587e-16,8.236163655298587e-17,1e-15,1.0000000000000001e-16,,1.0574287190598562e-15,8.453586090101452e-15
0.001230268770812381,1e-15,9.876216985247537e-16,6.983540002738295e-15,3.6584684660024536e-16,1.788854381999832e-18,2.9065845244461556e-16,5.711308094875097e-17,1.3868318000629174e-16,1.6379175168580335e-15,8.128305161640998e-15,8.467042972488833e-17,8.189587584290168e-16,8.189587584290169e-17,1e-15,1.0000000000000001e-16,,1.054753828426198e-15,8.405528481655476e-15
0.0012373711899353532,1e-15,9.84783181687748e-16,6.963468657698705e-15,3.6584684660024536e-16,1.788854381999832e-18,2.890150402691053e-16,5.694893262948211e-17,1.3789905133346657e-16,1.6286565661887981e-15,8.081649291125368e-15,8.467042972488833e-17,8.14328283094399e-16,8.14328283094399e-17,1e-15,1.0000000000000001e-16,,1.052087549127935e-15,8.35774745180011e-15
0.0012445146117713844,1e-15,9.819528230127663e-16,6.943454999576008e-15,3.6584684660024536e-16,1.788854381999832e-18,2.873812029939543e-16,5.678525608778635e-17,1.371194911760893e-16,1.6194495719653103e-15,8.035261221856176e-15,8.467042972488833e-17,8.09724785982655e-16,8.097247859826551e-17,1e-15,1.0000000000000001e-16,,1.0494298581129852e-15,8.310241417094495e-15
0.0012516992730317255,1e-15,9.791305990524884e-16,6.923498862572611e-15,3.6584684660024536e-16,1.788854381999832e-18,2.857568864414113e-16,5.662204996773084e-17,1.3634447368408482e-16,1.6102962288852923e-15,7.989139416674042e-15,8.467042972488833e-17,8.05148114442646e-16,8.051481144426461e-17,1e-15,1.0000000000000001e-16,,1.046780732393741e-15,8.263008803208607e-15
0.0012589254117941675,1e-15,9.763164864269872e-16,6.9036000813674655e-15,3.6584684660024536e-16,1.788854381999832e-18,2.8414203674858124e-16,5.645931291728e-17,1.3557397315760685e-16,1.6011962334207422e-15,7.943282347242812e-15,8.467042972488833e-17,8.00598116710371e-16,8.005981167103711e-17,1e-15,1.0000000000000001e-16,,1.0441401490468472e-15,8.216048044871194e-15
0.0012661932675109443,1e-15,9.735104618235301e-16,6.883758491114657e-15,3.6584684660024536e-16,1.788854381999832e-18,2.825366003656261e-16,5.629704358828407e-17,1.3480796404617927e-16,1.5921492838077959e-15,7.897688493998855e-15,8.467042972488833e-17,7.960746419038978e-16,7.96074641903898e-17,1e-15,1.0000000000000001e-16,,1.0415080852129701e-15,8.169357585817813e-15
0.0012735030810166615,1e-15,9.707125019963873e-16,6.863973927442056e-15,3.6584684660024536e-16,1.788854381999832e-18,2.8094052405398103e-16,5.613524063646795e-17,1.340464209478452e-16,1.5831550800366745e-15,7.85235634610072e-15,8.467042972488833e-17,7.915775400183373e-16,7.915775400183374e-17,1e-15,1.0000000000000001e-16,,1.0388845180965707e-15,8.122935878739254e-15
0.0012808550945362783,1e-15,9.679225837666401e-16,6.844246226449953e-15,3.6584684660024536e-16,1.788854381999832e-18,2.7935375488457925e-16,5.597390272142015e-17,1.3328931860832006e-16,1.5742133238416826e-15,7.80728440137907e-15,8.467042972488833e-17,7.871066619208412e-16,7.871066619208413e-17,1e-15,1.0000000000000001e-16,,1.0362694249656791e-15,8.07678138523025e-15
0.001288249551693135,1e-15,9.651406840219872e-16,6.824575224709701e-15,3.6584684660024536e-16,1.788854381999832e-18,2.777762402360867e-16,5.581302850658162e-17,1.3253663192014902e-16,1.565323718691258e-15,7.762471166286912e-15,8.467042972488833e-17,7.826618593456288e-16,7.82661859345629e-17,1e-15,1.0000000000000001e-16,,1.0336627831516666e-15,8.030892575738471e-15
0.0012956866975170189,1e-15,9.623667797165566e-16,6.8049607592623755e-15,3.6584684660024536e-16,1.788854381999832e-18,2.762079277931483e-16,5.565261665923481e-17,1.3178833592187052e-16,1.5564859697780912e-15,7.717915155850128e-15,8.467042972488833e-17,7.782429848890454e-16,7.782429848890455e-17,1e-15,1.0000000000000001e-16,,1.031064570049024e-15,7.985267929513854e-15
0.0013031667784523,1e-15,9.596008478707083e-16,6.785402667617385e-15,3.6584684660024536e-16,1.788854381999832e-18,2.746487655446402e-16,5.549266585049233e-17,1.310444057971821e-16,1.547699784009274e-15,7.673614893618186e-15,8.467042972488833e-17,7.73849892004637e-16,7.738498920046371e-17,1e-15,1.0000000000000001e-16,,1.0284747631151287e-15,7.93990593455809e-15
0.001310690042366076,1e-15,9.568428655708524e-16,6.765900787751178e-15,3.6584684660024536e-16,1.788854381999832e-18,2.7309870178193845e-16,5.533317475528636e-17,1.3030481687411454e-16,1.5389648699965471e-15,7.629568911615335e-15,8.467042972488833e-17,7.694824349982735e-16,7.694824349982735e-17,1e-15,1.0000000000000001e-16,,1.025893339870029e-15,7.894805087574634e-15
0.0013182567385564075,1e-15,9.540928099692504e-16,6.746454958105851e-15,3.6584684660024536e-16,1.788854381999832e-18,2.715576850971896e-16,5.5174142052357217e-17,1.2956954462420655e-16,1.5302809380465492e-15,7.585775750291837e-15,8.467042972488833e-17,7.651404690232746e-16,7.651404690232747e-17,1e-15,1.0000000000000001e-16,,1.0233202778962105e-15,7.849963893918728e-15
0.0013258671177605594,1e-15,9.513506582838341e-16,6.727065017587851e-15,3.6584684660024536e-16,1.788854381999832e-18,2.70025664381599e-16,5.5015566424242865e-17,1.2883856466168815e-16,1.5216477001511765e-15,7.542233958475707e-15,8.467042972488833e-17,7.608238500755883e-16,7.608238500755884e-17,1e-15,1.0000000000000001e-16,,1.0207555548383796e-15,7.805380867547962e-15
0.001333521432163324,1e-15,9.486163877980114e-16,6.707730805566615e-15,3.6584684660024536e-16,1.788854381999832e-18,2.6850258882372236e-16,5.485744655726763e-17,1.2811185274266548e-16,1.5130648699779518e-15,7.498942093324559e-15,8.467042972488833e-17,7.565324349889759e-16,7.56532434988976e-17,1e-15,1.0000000000000001e-16,,1.0181991484032357e-15,7.761054530972943e-15
0.0013412199354053708,1e-15,9.458899758604793e-16,6.688452161873246e-15,3.6584684660024536e-16,1.788854381999832e-18,2.669884079077707e-16,5.469978114153152e-17,1.27389384764312e-16,1.5045321628604736e-15,7.455898720277817e-15,8.467042972488833e-17,7.522660814302369e-16,7.52266081430237e-17,1e-15,1.0000000000000001e-16,,1.0156510363592472e-15,7.716983415208321e-15
0.0013489628825916532,1e-15,9.431713998850374e-16,6.669228926799189e-15,3.6584684660024536e-16,1.788854381999832e-18,2.6548307141192373e-16,5.454256887089929e-17,1.2667113676406376e-16,1.496049295788912e-15,7.413102413009178e-15,8.467042972488833e-17,7.48024647894456e-16,7.480246478944561e-17,1e-15,1.0000000000000001e-16,,1.0131111965364322e-15,7.6731660597241e-15
0.0013567505302998625,1e-15,9.404606373504e-16,6.650060941094904e-15,3.6584684660024536e-16,1.788854381999832e-18,2.639865294066523e-16,5.438580844298965e-17,1.2595708491881912e-16,1.4876159874005556e-15,7.37055175337934e-15,8.467042972488833e-17,7.438079937002778e-16,7.438079937002779e-17,1e-15,1.0000000000000001e-16,,1.0105796068261331e-15,7.629601012397202e-15
0.001364583136588924,1e-15,9.377576658000112e-16,6.63094804596856e-15,3.6584684660024536e-16,1.788854381999832e-18,2.624987322530527e-16,5.422949855916456e-17,1.2524720554414373e-16,1.4792319579704236e-15,7.328245331389044e-15,8.467042972488833e-17,7.396159789852118e-16,7.396159789852118e-17,1e-15,1.0000000000000001e-16,,1.0080562451807972e-15,7.586286829463356e-15
0.0013724609610075624,1e-15,9.350624628418537e-16,6.6118900830846885e-15,3.6584684660024536e-16,1.788854381999832e-18,2.610196306011853e-16,5.407363792451824e-17,1.2454147509347802e-16,1.4708969294019048e-15,7.286181745132275e-15,8.467042972488833e-17,7.354484647009524e-16,7.354484647009525e-17,1e-15,1.0000000000000001e-16,,1.0055410896137504e-15,7.543222075469148e-15
0.0013803842646028853,1e-15,9.323750061482706e-16,6.5928868945629114e-15,3.6584684660024536e-16,1.788854381999832e-18,2.5954917538842934e-16,5.39182252478667e-17,1.2383987015735227e-16,1.4626106252174874e-15,7.244359600749899e-15,8.467042972488833e-17,7.313053126087436e-16,7.313053126087437e-17,1e-15,1.0000000000000001e-16,,1.0030341181989827e-15,7.500405323224539e-15
0.0013883533099290457,1e-15,9.296952734557752e-16,6.573938322976603e-15,3.6584684660024536e-16,1.788854381999832e-18,2.580873178378413e-16,5.3763259241736904e-17,1.2314236746260302e-16,1.4543727705495052e-15,7.202777512383406e-15,8.467042972488833e-17,7.271863852747525e-16,7.271863852747526e-17,1e-15,1.0000000000000001e-16,,1.0005353090709224e-15,7.457835153755455e-15
0.0013963683610559376,1e-15,9.27023242564868e-16,6.5550442113516e-15,3.6584684660024536e-16,1.788854381999832e-18,2.566340094565254e-16,5.360873862235612e-17,1.22448943871596e-16,1.4461830921309582e-15,7.16143410212902e-15,8.467042972488833e-17,7.230915460654791e-16,7.230915460654792e-17,1e-15,1.0000000000000001e-16,,9.980446404242175e-16,7.415510156256784e-15
0.0014044296835779473,1e-15,9.243588913398535e-16,6.536204403164895e-15,3.6584684660024536e-16,1.788854381999832e-18,2.5518920203401247e-16,5.3454662109641324e-17,1.2175957638145236e-16,1.438041318286376e-15,7.120327999992026e-15,8.467042972488833e-17,7.190206591431879e-16,7.19020659143188e-17,1e-15,1.0000000000000001e-16,,9.955620905135163e-16,7.373428928045587e-15
0.0014125375446227555,1e-15,9.217021977086553e-16,6.517418742343339e-15,3.6584684660024536e-16,1.788854381999832e-18,2.5375284764064834e-16,5.330102842718851e-17,1.2107424212327969e-16,1.4299471789227341e-15,7.079457843841374e-15,8.467042972488833e-17,7.149735894613671e-16,7.149735894613672e-17,1e-15,1.0000000000000001e-16,,9.930876376532459e-16,7.331590074514583e-15
0.0014206922128601816,1e-15,9.19053139662636e-16,6.49868707326237e-15,3.6584684660024536e-16,1.788854381999832e-18,2.523248986259917e-16,5.3147836302262293e-17,1.2039291836140775e-16,1.4219004055204297e-15,7.0388222793645716e-15,8.467042972488833e-17,7.109502027602148e-16,7.109502027602149e-17,1e-15,1.0000000000000001e-16,,9.906212602173973e-16,7.289992209085943e-15
0.0014288939585111037,1e-15,9.164116952564103e-16,6.4800092407446755e-15,3.6584684660024536e-16,1.788854381999832e-18,2.509053076172179e-16,5.299508446578509e-17,1.1971558249262684e-16,1.4139007311242832e-15,6.998419960022732e-15,8.467042972488833e-17,7.069503655621416e-16,7.069503655621416e-17,1e-15,1.0000000000000001e-16,,9.881629366393008e-16,7.24863395316524e-15
0.0014371430533563897,1e-15,9.137778426076695e-16,6.461385090058968e-15,3.6584684660024536e-16,1.788854381999832e-18,2.4949402751753806e-16,5.284277165232695e-17,1.1904221204543338e-16,1.4059478903346311e-15,6.958249547006057e-15,8.467042972488833e-17,7.029739451673155e-16,7.029739451673156e-17,1e-15,1.0000000000000001e-16,,9.857126454114151e-16,7.207513936095837e-15
0.001445439770745928,1e-15,9.11151559896993e-16,6.442814466918645e-15,3.6584684660024536e-16,1.788854381999832e-18,2.480910115046191e-16,5.2690896600094674e-17,1.1837278467927608e-16,1.3980416192984215e-15,6.918309709189363e-15,8.467042972488833e-17,6.990208096492106e-16,6.990208096492107e-17,1e-15,1.0000000000000001e-16,,9.832703650851016e-16,7.16663079511333e-15
0.0014537843856076622,1e-15,9.085328253676743e-16,6.4242972174805585e-15,3.6584684660024536e-16,1.788854381999832e-18,2.466962130290202e-16,5.2539458050921775e-17,1.177072781838101e-16,1.3901816557004057e-15,6.878599123088076e-15,8.467042972488833e-17,6.950908278502027e-16,6.950908278502028e-17,1e-15,1.0000000000000001e-16,,9.80836074270414e-16,7.12598317530047e-15
0.0014621771744567182,1e-15,9.059216173255362e-16,6.405833188343711e-15,3.6584684660024536e-16,1.788854381999832e-18,2.4530958581263245e-16,5.238845475025774e-17,1.1704567047815232e-16,1.3823677387543421e-15,6.839116472814294e-15,8.467042972488833e-17,6.91183869377171e-16,6.91183869377171e-17,1e-15,1.0000000000000001e-16,,9.784097516358771e-16,7.0855697295421425e-15
0.0014706184154045603,1e-15,9.033179141387527e-16,6.387422226547995e-15,3.6584684660024536e-16,1.788854381999832e-18,2.4393108384713003e-16,5.223788544715776e-17,1.1638793961014246e-16,1.3745996091942706e-15,6.799860450033224e-15,8.467042972488833e-17,6.872998045971352e-16,6.872998045971354e-17,1e-15,1.0000000000000001e-16,,9.759913759082714e-16,7.045389118480752e-15
0.0014791083881682072,1e-15,9.007216942376697e-16,6.3690641795729236e-15,3.6584684660024536e-16,1.788854381999832e-18,2.425606613924296e-16,5.2087748894272384e-17,1.15734063755608e-16,1.3668770092658302e-15,6.760829753919819e-15,8.467042972488833e-17,6.83438504632915e-16,6.83438504632915e-17,1e-15,1.0000000000000001e-16,,9.73580925872418e-16,7.0054400104717874e-15
0.001487647374079503,1e-15,8.981329361146265e-16,6.350758895336366e-15,3.6584684660024536e-16,1.788854381999832e-18,2.411982729751579e-16,5.193804384783713e-17,1.1508402121763302e-16,1.359199682717623e-15,6.722023091115664e-15,8.467042972488833e-17,6.795998413588115e-16,6.795998413588115e-17,1e-15,1.0000000000000001e-16,,9.71178380370961e-16,6.9657210815396645e-15
0.0014962356560944327,1e-15,8.95551618323778e-16,6.332506222193303e-15,3.6584684660024536e-16,1.788854381999832e-18,2.3984387338712892e-16,5.1788769067662305e-17,1.144377904258316e-16,1.3515673747926348e-15,6.683439175686149e-15,8.467042972488833e-17,6.757836873963173e-16,6.757836873963173e-17,1e-15,1.0000000000000001e-16,,9.687837183041554e-16,6.926231015333852e-15
0.0015048735188025145,1e-15,8.929777194809147e-16,6.314306008934533e-15,3.6584684660024536e-16,1.788854381999832e-18,2.3849741768382708e-16,5.163992331712245e-17,1.1379534993562392e-16,1.3439798322196834e-15,6.645076729077792e-15,8.467042972488833e-17,6.719899161098417e-16,6.719899161098418e-17,1e-15,1.0000000000000001e-16,,9.663969186296473e-16,6.886968503085141e-15
0.0015135612484362072,1e-15,8.904112182632898e-16,6.296158104785472e-15,3.6584684660024536e-16,1.788854381999832e-18,2.3715886118290324e-16,5.149150536314652e-17,1.1315667842751914e-16,1.33643680320495e-15,6.606934480075966e-15,8.467042972488833e-17,6.68218401602475e-16,6.68218401602475e-17,1e-15,1.0000000000000001e-16,,9.640179603622654e-16,6.847932243562362e-15
0.0015222991328804204,1e-15,8.878520934094369e-16,6.278062359404848e-15,3.6584684660024536e-16,1.788854381999832e-18,2.358281594626738e-16,5.1343513976207185e-17,1.1252175470639865e-16,1.3289380374235136e-15,6.569011164762662e-15,8.467042972488833e-17,6.644690187117568e-16,6.644690187117569e-17,1e-15,1.0000000000000001e-16,,9.616468225738012e-16,6.809120943029097e-15
0.0015310874616820303,1e-15,8.853003237190004e-16,6.260018622883509e-15,3.6584684660024536e-16,1.788854381999832e-18,2.345052683606337e-16,5.11959479303111e-17,1.1189055770080696e-16,1.3214832860109772e-15,6.5313055264747234e-15,8.467042972488833e-17,6.607416430054886e-16,6.607416430054887e-17,1e-15,1.0000000000000001e-16,,9.592834843928012e-16,6.7705333152009025e-15
0.001539926526059492,1e-15,8.827558880525542e-16,6.2420267457431385e-15,3.6584684660024536e-16,1.788854381999832e-18,2.331901439719726e-16,5.104880600298843e-17,1.1126306646224374e-16,1.3140723015551042e-15,6.493816315762114e-15,8.467042972488833e-17,6.570361507775521e-16,6.570361507775521e-17,1e-15,1.0000000000000001e-16,,9.569279250043483e-16,6.7321680812025635e-15
0.0015488166189124811,1e-15,8.802187653314298e-16,6.224086578935044e-15,3.6584684660024536e-16,1.788854381999832e-18,2.318827426481032e-16,5.090208697528285e-17,1.1063926016446127e-16,1.306704838087524e-15,6.456542290346556e-15,8.467042972488833e-17,6.53352419043762e-16,6.533524190437619e-17,1e-15,1.0000000000000001e-16,,9.545801236498535e-16,6.694023969525718e-15
0.0015577580348316018,1e-15,8.776889345375406e-16,6.206197973838907e-15,3.6584684660024536e-16,1.788854381999832e-18,2.305830209951953e-16,5.0755789631741423e-17,1.1001911810276553e-16,1.2993806510754737e-15,6.419482215080361e-15,8.467042972488833e-17,6.496903255377368e-16,6.496903255377368e-17,1e-15,1.0000000000000001e-16,,9.522400596268403e-16,6.656099715986682e-15
0.00156675107010815,1e-15,8.751663747132073e-16,6.188360782261559e-15,3.6584684660024536e-16,1.788854381999832e-18,2.292909358727195e-16,5.060991276040453e-17,1.0940261969332083e-16,1.292099497413589e-15,6.3826348619054825e-15,8.467042972488833e-17,6.460497487067945e-16,6.460497487067945e-17,1e-15,1.0000000000000001e-16,,9.499077122887345e-16,6.618394063684512e-15
0.0015757960227439235,1e-15,8.726510649609869e-16,6.170574856435763e-15,3.6584684660024536e-16,1.788854381999832e-18,2.280064443919989e-16,5.046445515279594e-17,1.087897444724591e-16,1.2848611354157454e-15,6.345999009812872e-15,8.467042972488833e-17,6.424305677078727e-16,6.424305677078727e-17,1e-15,1.0000000000000001e-16,,9.47583061044654e-16,6.58090576295936e-15
0.001584893192461114,1e-15,8.701429844434946e-16,6.152840049018955e-15,3.6584684660024536e-16,1.788854381999832e-18,2.267295039147665e-16,5.03194156039125e-17,1.0818047209599146e-16,1.2776653248069259e-15,6.30957344480193e-15,8.467042972488833e-17,6.388326624034629e-16,6.38832662403463e-17,1e-15,1.0000000000000001e-16,,9.452660853591936e-16,6.543633571350948e-15
0.001594042880712218,1e-15,8.676421123832369e-16,6.135156213092074e-15,3.6584684660024536e-16,1.788854381999832e-18,2.2546007205173547e-16,5.0174792912214536e-17,1.0757478233852601e-16,1.2705118267151665e-15,6.27335695984038e-15,8.467042972488833e-17,6.352559133575833e-16,6.352559133575833e-17,1e-15,1.0000000000000001e-16,,9.429567647522196e-16,6.50657625355745e-15
0.0016032453906900418,1e-15,8.651484280624354e-16,6.1175232021583e-15,3.6584684660024536e-16,1.788854381999832e-18,2.2419810666117153e-16,5.0030585879615614e-17,1.0697265509278684e-16,1.2634004036635106e-15,6.237348354824192e-15,8.467042972488833e-17,6.317002018317553e-16,6.317002018317553e-17,1e-15,1.0000000000000001e-16,,9.40655078798655e-16,6.469732581394454e-15
0.0016125010273377416,1e-15,8.626619108228568e-16,6.099940870141867e-15,3.6584684660024536e-16,1.788854381999832e-18,2.2294356584747793e-16,4.988679331147272e-17,1.0637407036893864e-16,1.256330819562035e-15,6.201546436537855e-15,8.467042972488833e-17,6.281654097810175e-16,6.281654097810176e-17,1e-15,1.0000000000000001e-16,,9.383610071282735e-16,6.433101333754258e-15
0.0016218100973589297,1e-15,8.601825400656414e-16,6.0824090713868415e-15,3.6584684660024536e-16,1.788854381999832e-18,2.2169640795978577e-16,4.9743414016576373e-17,1.0577900829391421e-16,1.2493028396999046e-15,6.165950018614824e-15,8.467042972488833e-17,6.246514198499523e-16,6.246514198499523e-17,1e-15,1.0000000000000001e-16,,9.36074529425487e-16,6.396681296565354e-15
0.0016311729092278397,1e-15,8.577102952511321e-16,6.0649276606559135e-15,3.6584684660024536e-16,1.788854381999832e-18,2.204565915905524e-16,4.9600446807140707e-17,1.0518744911074578e-16,1.2423162307374778e-15,6.130557921498202e-15,8.467042972488833e-17,6.211581153687389e-16,6.211581153687389e-17,1e-15,1.0000000000000001e-16,,9.337956254291385e-16,6.3604712627521554e-15
0.0016405897731995387,1e-15,8.552451558987068e-16,6.047496493129216e-15,3.6584684660024536e-16,1.788854381999832e-18,2.1922407557416962e-16,4.945789049879377e-17,1.0459937317790078e-16,1.2353707606984599e-15,6.095368972401694e-15,8.467042972488833e-17,6.176853803492298e-16,6.176853803492299e-17,1e-15,1.0000000000000001e-16,,9.315242749322948e-16,6.324470032194999e-15
0.0016500610013202286,1e-15,8.52787101586603e-16,6.030115424403082e-15,3.6584684660024536e-16,1.788854381999832e-18,2.1799881898557498e-16,4.931574391056742e-17,1.0401476096861936e-16,1.2284661989620785e-15,6.060382005270661e-15,8.467042972488833e-17,6.142330994810392e-16,6.142330994810393e-17,1e-15,1.0000000000000001e-16,,9.292604577820339e-16,6.288676411690252e-15
0.0016595869074375598,1e-15,8.503361119517562e-16,6.0127843104889e-15,3.6584684660024536e-16,1.788854381999832e-18,2.1678078113887709e-16,4.917400586488793e-17,1.0343359307025842e-16,1.221602316255338e-15,6.025595860743582e-15,8.467042972488833e-17,6.10801158127669e-16,6.10801158127669e-17,1e-15,1.0000000000000001e-16,,9.270041538792441e-16,6.253089214910833e-15
0.001669167807211058,1e-15,8.478921666896236e-16,5.995503007811874e-15,3.6584684660024536e-16,1.788854381999832e-18,2.1556992158598161e-16,4.903267518756584e-17,1.0285585018363606e-16,1.2147788846452759e-15,5.991009386113538e-15,8.467042972488833e-17,6.073894423226379e-16,6.07389442322638e-17,1e-15,1.0000000000000001e-16,,9.24755343178409e-16,6.217707262366764e-15
0.0016788040181225606,1e-15,8.454552455540224e-16,5.97827137320987e-15,3.6584684660024536e-16,1.788854381999832e-18,2.1436620011523137e-16,4.8891750707786586e-17,1.022815131223827e-16,1.2079956775312987e-15,5.956621435290105e-15,8.467042972488833e-17,6.039978387656493e-16,6.039978387656494e-17,1e-15,1.0000000000000001e-16,,9.225140056874086e-16,6.182529381366128e-15
0.0016884958594867534,1e-15,8.430253283569579e-16,5.961089263932208e-15,3.6584684660024536e-16,1.788854381999832e-18,2.1316957675004874e-16,4.875123125810052e-17,1.017105628122933e-16,1.201252469637533e-15,5.922430868761306e-15,8.467042972488833e-17,6.006262348187665e-16,6.006262348187665e-17,1e-15,1.0000000000000001e-16,,9.202801214673067e-16,6.147554405976106e-15
0.0016982436524617442,1e-15,8.4060239496845755e-16,5.94395653763849e-15,3.6584684660024536e-16,1.788854381999832e-18,2.1198001174758823e-16,4.8611115674413414e-17,1.0114298029068453e-16,1.194549037005232e-15,5.8884365535558904e-15,8.467042972488833e-17,5.972745185026159e-16,5.97274518502616e-17,1e-15,1.0000000000000001e-16,,9.180536706321485e-16,6.112781176984328e-15
0.0017080477200597077,1e-15,8.381864253164047e-16,5.926873052397414e-15,3.6584684660024536e-16,1.788854381999832e-18,2.1079746559739587e-16,4.8471402795976725e-17,1.0057874670575506e-16,1.1878851569852205e-15,5.8546373632057734e-15,8.467042972488833e-17,5.939425784926102e-16,5.939425784926103e-17,1e-15,1.0000000000000001e-16,,9.158346333487539e-16,6.0782085418604055e-15
0.0017179083871575894,1e-15,8.357773993863709e-16,5.9098386666856025e-15,3.6584684660024536e-16,1.788854381999832e-18,2.0962189902007555e-16,4.833209146537799e-17,1.0001784331594928e-16,1.1812606082303804e-15,5.82103217770871e-15,8.467042972488833e-17,5.906303041151902e-16,5.906303041151902e-17,1e-15,1.0000000000000001e-16,,9.136229898365114e-16,6.043835354717696e-15
0.0017278259805078627,1e-15,8.333752972214529e-16,5.8928532393864395e-15,3.6584684660024536e-16,1.788854381999832e-18,2.0845327296596415e-16,4.819318052853137e-17,9.9460251489325e-17,1.174675170688183e-15,5.787619883491209e-15,8.467042972488833e-17,5.873375853440915e-16,5.873375853440915e-17,1e-15,1.0000000000000001e-16,,9.11418720367178e-16,6.009660476275311e-15
0.0017378008287493763,1e-15,8.30980098922103e-16,5.87591662978887e-15,3.6584684660024536e-16,1.788854381999832e-18,2.0729154861381017e-16,4.80546688346678e-17,9.890595270292323e-17,1.1681286255932449e-15,5.754399373371567e-15,8.467042972488833e-17,5.840643127966224e-16,5.840643127966225e-17,1e-15,1.0000000000000001e-16,,9.092218052646676e-16,5.975682773820259e-15
0.0017478332624182174,1e-15,8.285917846459692e-16,5.859028697586282e-15,3.6584684660024536e-16,1.788854381999832e-18,2.0613668736946533e-16,4.79165552363258e-17,9.835492854214374e-17,1.161620755459954e-15,5.721369546523268e-15,8.467042972488833e-17,5.80810377729977e-16,5.808103777299771e-17,1e-15,1.0000000000000001e-16,,9.07032224904855e-16,5.941901121169947e-15
0.0017579236139586931,1e-15,8.262103346077254e-16,5.842189302875291e-15,3.6584684660024536e-16,1.788854381999832e-18,2.0498865086457703e-16,4.7778838589341645e-17,9.780716070012114e-17,1.155151344075101e-15,5.688529308438413e-15,8.467042972488833e-17,5.775756720375504e-16,5.775756720375505e-17,1e-15,1.0000000000000001e-16,,9.04849959715366e-16,5.908314398634728e-15
0.0017680722177343198,1e-15,8.238357290789133e-16,5.8253983061546295e-15,3.6584684660024536e-16,1.788854381999832e-18,2.0384740095529384e-16,4.76415177528402e-17,9.726263097710735e-17,1.1487201764905843e-15,5.655877570891538e-15,8.467042972488833e-17,5.743600882452921e-16,5.743600882452922e-17,1e-15,1.0000000000000001e-16,,9.0267499017538e-16,5.874921492980829e-15
0.0017782794100389228,1e-15,8.214679483877742e-16,5.80865556832396e-15,3.6584684660024536e-16,1.788854381999832e-18,2.0271289972097284e-16,4.750459158922521e-17,9.672132127985475e-17,1.1423270390161269e-15,5.623413251903491e-15,8.467042972488833e-17,5.711635195080634e-16,5.711635195080635e-17,1e-15,1.0000000000000001e-16,,9.005072968154238e-16,5.841721297393362e-15
0.0017885455291077712,1e-15,8.191069729190884e-16,5.791960950682732e-15,3.6584684660024536e-16,1.788854381999832e-18,2.0158510946289755e-16,4.736805896417e-17,9.618321362100452e-17,1.1359717192120507e-15,5.5911352757056026e-15,8.467042972488833e-17,5.679858596060254e-16,5.679858596060255e-17,1e-15,1.0000000000000001e-16,,8.983468602171707e-16,5.8087127114396135e-15
0.0017988709151287874,1e-15,8.167527831140121e-16,5.7753143149290344e-15,3.6584684660024536e-16,1.788854381999832e-18,2.004639927030013e-16,4.723191874660807e-17,9.56482901184775e-17,1.129654005882083e-15,5.559042572704038e-15,8.467042972488833e-17,5.648270029410415e-16,5.648270029410415e-17,1e-15,1.0000000000000001e-16,,8.9619366101324e-16,5.775894641032535e-15
0.001809255910253822,1e-15,8.14405359469915e-16,5.7587155231584474e-15,3.6584684660024536e-16,1.788854381999832e-18,1.9934951218259754e-16,4.7096169808723667e-17,9.511653299486826e-17,1.1233736890662002e-15,5.527134079444346e-15,8.467042972488833e-17,5.616868445331001e-16,5.616868445331001e-17,1e-15,1.0000000000000001e-16,,8.940476798869941e-16,5.743265998394431e-15
0.0018197008586099824,1e-15,8.120646825402209e-16,5.742164437862912e-15,3.6584684660024536e-16,1.788854381999832e-18,1.982416308611183e-16,4.6960811025942584e-17,9.458792457684337e-17,1.1171305600335208e-15,5.49540873857625e-15,8.467042972488833e-17,5.585652800167603e-16,5.585652800167604e-17,1e-15,1.0000000000000001e-16,,8.919088975723405e-16,5.710825702020887e-15
0.0018302061063110568,1e-15,8.09730732934242e-16,5.725660921929558e-15,3.6584684660024536e-16,1.788854381999832e-18,1.971403119148563e-16,4.68258412769226e-17,9.406244729454105e-17,1.1109244112752153e-15,5.4638654988185406e-15,8.467042972488833e-17,5.554622056376075e-16,5.554622056376077e-17,1e-15,1.0000000000000001e-16,,8.897772948535266e-16,5.678572676644816e-15
0.0018407720014689563,1e-15,8.07403491317024e-16,5.7092048386396146e-15,3.6584684660024536e-16,1.788854381999832e-18,1.960455187357184e-16,4.669125944354448e-17,9.354008368097653e-17,1.1047550364974826e-15,5.432503314924331e-15,8.467042972488833e-17,5.523775182487412e-16,5.523775182487413e-17,1e-15,1.0000000000000001e-16,,8.87652852564947e-16,5.646505853200862e-15
0.001851398894205272,1e-15,8.050829384091813e-16,5.6927960516672375e-15,3.6584684660024536e-16,1.788854381999832e-18,1.949572149299817e-16,4.655706441090248e-17,9.302081637144843e-17,1.0986222306145397e-15,5.401321147646349e-15,8.467042972488833e-17,5.493111153072697e-16,5.493111153072698e-17,1e-15,1.0000000000000001e-16,,8.855355515909376e-16,5.614624168789856e-15
0.0018620871366628676,1e-15,8.027690549867397e-16,5.6764344250784015e-15,3.6584684660024536e-16,1.788854381999832e-18,1.938753643170584e-16,4.6423255067295225e-17,9.250462810294952e-17,1.0925257897416619e-15,5.370317963702527e-15,8.467042972488833e-17,5.462628948708309e-16,5.4626289487083104e-17,1e-15,1.0000000000000001e-16,,8.834253728655804e-16,5.582926566643565e-15
0.0018728370830175484,1e-15,8.004618218809765e-16,5.660119823329768e-15,3.6584684660024536e-16,1.788854381999832e-18,1.9279993092826694e-16,4.6289830304216476e-17,9.199150171358034e-17,1.0864655111882587e-15,5.339492735741768e-15,8.467042972488833e-17,5.432327555941293e-16,5.4323275559412936e-17,1e-15,1.0000000000000001e-16,,8.813222973725042e-16,5.551411996089624e-15
0.0018836490894898021,1e-15,7.981612199782607e-16,5.643852111267558e-15,3.6584684660024536e-16,1.788854381999832e-18,1.9173087900560925e-16,4.61567890163459e-17,9.148142014196576e-17,1.080441193450981e-15,5.30884444230988e-15,8.467042972488833e-17,5.402205967254904e-16,5.4022059672549046e-17,1e-15,1.0000000000000001e-16,,8.792263061446856e-16,5.520079412516642e-15
0.0018945235143565913,1e-15,7.958672302198982e-16,5.627631154126452e-15,3.6584684660024536e-16,1.788854381999832e-18,1.9066817300055597e-16,4.602413010154009e-17,9.097436642667545e-17,1.0744526362068778e-15,5.278372067815769e-15,8.467042972488833e-17,5.372263181034389e-16,5.372263181034389e-17,1e-15,1.0000000000000001e-16,,8.771373802642545e-16,5.4889277773395755e-15
0.0019054607179632482,1e-15,7.935798336019677e-16,5.611456817528434e-15,3.6584684660024536e-16,1.788854381999832e-18,1.8961177757283488e-16,4.5891852460823094e-17,9.047032370564575e-17,1.0684996403065683e-15,5.248074602497724e-15,8.467042972488833e-17,5.342498201532841e-16,5.342498201532841e-17,1e-15,1.0000000000000001e-16,,8.750555008622916e-16,5.457956057965193e-15
0.0019164610627353852,1e-15,7.912990111751709e-16,5.595328967481729e-15,3.6584684660024536e-16,1.788854381999832e-18,1.885616575892309e-16,4.575995499837775e-17,8.996927521560708e-17,1.062582007767479e-15,5.217951042390026e-15,8.467042972488833e-17,5.312910038837395e-16,5.3129100388373944e-17,1e-15,1.0000000000000001e-16,,8.729806491186389e-16,5.427163227757869e-15
0.0019275249131909366,1e-15,7.890247440446675e-16,5.5792474703796446e-15,3.6584684660024536e-16,1.788854381999832e-18,1.8751777812238655e-16,4.5628436621536156e-17,8.947120429151162e-17,1.0566995417670842e-15,5.188000389289609e-15,8.467042972488833e-17,5.283497708835421e-16,5.2834977088354215e-17,1e-15,1.0000000000000001e-16,,8.709128062616958e-16,5.3965482660054356e-15
0.0019386526359522077,1e-15,7.867570133699266e-16,5.563212192999503e-15,3.6584684660024536e-16,1.788854381999832e-18,1.8648010444961459e-16,4.549729624077101e-17,8.89760943659668e-17,1.0508520466362158e-15,5.158221650723056e-15,8.467042972488833e-17,5.254260233181079e-16,5.25426023318108e-17,1e-15,1.0000000000000001e-16,,8.688519535682306e-16,5.366110157885372e-15
0.0019498445997580456,1e-15,7.84495800364564e-16,5.5472230025015115e-15,3.6584684660024536e-16,1.788854381999832e-18,1.8544860205171198e-16,4.536653276968634e-17,8.848392896866941e-17,1.045039327852379e-15,5.1286138399136486e-15,8.467042972488833e-17,5.225196639261895e-16,5.225196639261896e-17,1e-15,1.0000000000000001e-16,,8.667980723631798e-16,5.335847894431061e-15
0.0019611011754760476,1e-15,7.822410862961905e-16,5.531279766427676e-15,3.6584684660024536e-16,1.788854381999832e-18,1.8442323661178357e-16,4.523614512500857e-17,8.799469172584427e-17,1.0392611920331237e-15,5.0991759757487025e-15,8.467042972488833e-17,5.196305960165618e-16,5.196305960165618e-17,1e-15,1.0000000000000001e-16,,8.647511440194563e-16,5.305760472498319e-15
0.0019724227361148533,1e-15,7.799928524862554e-16,5.5153823527006965e-15,3.6584684660024536e-16,1.788854381999832e-18,1.8340397401407e-16,4.510613222657758e-17,8.75083663596851e-17,1.0335174469294391e-15,5.069907082747045e-15,8.467042972488833e-17,5.167587234647196e-16,5.1675872346471964e-17,1e-15,1.0000000000000001e-16,,8.62711149957754e-16,5.275846894732084e-15
0.001983809656836507,1e-15,7.777510803098913e-16,5.499530629622872e-15,3.6584684660024536e-16,1.788854381999832e-18,1.8239078034278287e-16,4.4976492997337687e-17,8.702493668779854e-17,1.0278079014191906e-15,5.040806191026691e-15,8.467042972488833e-17,5.139039507095953e-16,5.1390395070959534e-17,1e-15,1.0000000000000001e-16,,8.606780716463538e-16,5.246106169533311e-15
0.001995262314968879,1e-15,7.75515751195762e-16,5.4837244658750265e-15,3.6584684660024536e-16,1.788854381999832e-18,1.8138362188094613e-16,4.4847226363328865e-17,8.654438662265164e-17,1.0221323655005907e-15,5.011872336272725e-15,8.467042972488833e-17,5.110661827502952e-16,5.110661827502953e-17,1e-15,1.0000000000000001e-16,,8.586518906009316e-16,5.216537311026062e-15
0.00200678109001819,1e-15,7.732868466259045e-16,5.467963730515387e-15,3.6584684660024536e-16,1.788854381999832e-18,1.803824651092416e-16,4.471833125367761e-17,8.606670017102066e-17,1.0164906502856913e-15,4.9831045597052934e-15,8.467042972488833e-17,5.082453251428456e-16,5.082453251428456e-17,1e-15,1.0000000000000001e-16,,8.566325883843623e-16,5.187139339024727e-15
0.0020183663636815594,1e-15,7.710643481355811e-16,5.452248292978543e-15,3.6584684660024536e-16,1.788854381999832e-18,1.7938727670486416e-16,4.458980660058836e-17,8.559186143344515e-17,1.0108825679939353e-15,4.954501908047906e-15,8.467042972488833e-17,5.054412839969676e-16,5.0544128399696775e-17,1e-15,1.0000000000000001e-16,,8.546201466065318e-16,5.1579112790015435e-15
0.0020300185198596846,1e-15,7.688482373131205e-16,5.436578023074315e-15,3.6584684660024536e-16,1.788854381999832e-18,1.783980235403785e-16,4.4461651339334317e-17,8.51198546036823e-17,1.0053079319457127e-15,4.926063433495771e-15,8.467042972488833e-17,5.026539659728564e-16,5.026539659728564e-17,1e-15,1.0000000000000001e-16,,8.5261454692414e-16,5.128852162054173e-15
0.0020417379446695297,1e-15,7.666384957997709e-16,5.420952790986725e-15,3.6584684660024536e-16,1.788854381999832e-18,1.7741467268258627e-16,4.4333864408248994e-17,8.465066396816646e-17,9.997665565559772e-16,4.897788193684462e-15,8.467042972488833e-17,4.998832782779886e-16,4.998832782779886e-17,1e-15,1.0000000000000001e-16,,8.506157710405138e-16,5.099961024873586e-15
0.002053525026457146,1e-15,7.644351052895437e-16,5.405372467272888e-15,3.6584684660024536e-16,1.788854381999832e-18,1.7643719139139565e-16,4.420644474871712e-17,8.418427390546977e-17,9.942582573278747e-16,4.869675251658631e-15,8.467042972488833e-17,4.971291286639374e-16,4.9712912866393736e-17,1e-15,1.0000000000000001e-16,,8.486238007054129e-16,5.071236909712029e-15
0.002065380155810529,1e-15,7.622380475290638e-16,5.389836922861949e-15,3.6584684660024536e-16,1.788854381999832e-18,1.754655471186985e-16,4.4079391305166e-17,8.372066888576637e-17,9.88782850846418e-16,4.8417236758409946e-15,8.467042972488833e-17,4.943914254232089e-16,4.943914254232089e-17,1e-15,1.0000000000000001e-16,,8.46638617714841e-16,5.042678864351244e-15
0.002077303725572563,1e-15,7.60047304317418e-16,5.374346029054018e-15,3.6584684660024536e-16,1.788854381999832e-18,1.7449970750725304e-16,4.395270302505678e-17,8.325983347029942e-17,9.833401547721885e-16,4.813932540001448e-15,8.467042972488833e-17,4.9167007738609425e-16,4.9167007738609435e-17,1e-15,1.0000000000000001e-16,,8.446602039108543e-16,5.01428594207083e-15
0.0020892961308540407,1e-15,7.57862857506004e-16,5.358899657519096e-15,3.6584684660024536e-16,1.788854381999832e-18,1.735396403895723e-16,4.382637885887565e-17,8.280175231085055e-17,9.779299878350743e-16,4.786300923226381e-15,8.467042972488833e-17,4.88964993917537e-16,4.889649939175371e-17,1e-15,1.0000000000000001e-16,,8.426885411813731e-16,4.9860572016168084e-15
0.0021013577690467467,1e-15,7.556846889983815e-16,5.343497680296027e-15,3.6584684660024536e-16,1.788854381999832e-18,1.725853137868186e-16,4.37004177601253e-17,8.234641014921256e-17,9.72552169828038e-16,4.7588279098881715e-15,8.467042972488833e-17,4.86276084914019e-16,4.8627608491401904e-17,1e-15,1.0000000000000001e-16,,8.407236114599931e-16,4.957991707170378e-15
0.0021134890398366475,1e-15,7.535127807501186e-16,5.328139969791411e-15,3.6584684660024536e-16,1.788854381999832e-18,1.71636695907702e-16,4.3574818685316006e-17,8.189379181666372e-17,9.67206521600912e-16,4.731512589614803e-15,8.467042972488833e-17,4.83603260800456e-16,4.83603260800456e-17,1e-15,1.0000000000000001e-16,,8.387653967257936e-16,4.9300885283167805e-15
0.0021256903452171075,1e-15,7.513471147686475e-16,5.312826398778579e-15,3.6584684660024536e-16,1.788854381999832e-18,1.7069375514738792e-16,4.344958059395727e-17,8.144388223344653e-17,9.618928650542401e-16,4.704354057259761e-15,8.467042972488833e-17,4.809464325271201e-16,4.8094643252712006e-17,1e-15,1.0000000000000001e-16,,8.36813879003154e-16,4.902346740014467e-15
0.002137962089502232,1e-15,7.491876731131112e-16,5.297556840396514e-15,3.6584684660024536e-16,1.788854381999832e-18,1.6975646008640661e-16,4.3324702448548974e-17,8.099666640824754e-17,9.566110231331338e-16,4.677351412871981e-15,8.467042972488833e-17,4.783055115665669e-16,4.7830551156656694e-17,1e-15,1.0000000000000001e-16,,8.348690403615627e-16,4.87476542256431e-15
0.0021503046793402564,1e-15,7.470344378942162e-16,5.282331168148811e-15,3.6584684660024536e-16,1.788854381999832e-18,1.6882477948957022e-16,4.32001832145729e-17,8.05521294376805e-17,9.513608198211698e-16,4.6505037616660634e-15,8.467042972488833e-17,4.756804099105849e-16,4.756804099105849e-17,1e-15,1.0000000000000001e-16,,8.329308629154305e-16,4.8473436615790855e-15
0.00216271852372702,1e-15,7.448873912740854e-16,5.267149255902629e-15,3.6584684660024536e-16,1.788854381999832e-18,1.6789868230489536e-16,4.307602186048415e-17,8.011025650577237e-17,9.461420801343172e-16,4.623810213992604e-15,8.467042972488833e-17,4.730710400671586e-16,4.7307104006715864e-17,1e-15,1.0000000000000001e-16,,8.309993288239051e-16,4.82008054795308e-15
0.0021752040340195246,1e-15,7.427465154661085e-16,5.252010977887642e-15,3.6584684660024536e-16,1.788854381999832e-18,1.6697813766253044e-16,4.2952217357702517e-17,7.967103288345144e-17,9.40954630114894e-16,4.597269885308718e-15,8.467042972488833e-17,4.70477315057447e-16,4.704773150574471e-17,1e-15,1.0000000000000001e-16,,8.290744202906834e-16,4.792975177831895e-15
0.002187761623949552,1e-15,7.406117927347971e-16,5.236916208695009e-15,3.6584684660024536e-16,1.788854381999832e-18,1.6606311487368948e-16,4.282876868060415e-17,7.923444392803864e-17,9.357982968255587e-16,4.570881896148752e-15,8.467042972488833e-17,4.678991484127792e-16,4.6789914841277933e-17,1e-15,1.0000000000000001e-16,,8.271561195638284e-16,4.766026652582433e-15
0.0022003917096374,1e-15,7.38483205395634e-16,5.221864823276308e-15,3.6584684660024536e-16,1.788854381999832e-18,1.6515358342958898e-16,4.2705674806512774e-17,7.880047508274039e-17,9.306729083433186e-16,4.5446453720950854e-15,8.467042972488833e-17,4.653364541716592e-16,4.653364541716593e-17,1e-15,1.0000000000000001e-16,,8.25244408935579e-16,4.739234078762989e-15
0.0022130947096056365,1e-15,7.363607358149313e-16,5.206856696942538e-15,3.6584684660024536e-16,1.788854381999832e-18,1.6424951300039431e-16,4.2582934715691567e-17,7.836911187614565e-17,9.255782937535933e-16,4.518559443749227e-15,8.467042972488833e-17,4.627891468767966e-16,4.627891468767966e-17,1e-15,1.0000000000000001e-16,,8.233392707421719e-16,4.712596568093638e-15
0.002225871044793005,1e-15,7.342443664096796e-16,5.191891705363045e-15,3.6584684660024536e-16,1.788854381999832e-18,1.6335087343416622e-16,4.246054739133433e-17,7.794033992172355e-17,9.205142831442781e-16,4.492623246702933e-15,8.467042972488833e-17,4.60257141572139e-16,4.60257141572139e-17,1e-15,1.0000000000000001e-16,,8.214406873636508e-16,4.6861132374266365e-15
0.00223872113856834,1e-15,7.32134079647407e-16,5.176969724564533e-15,3.6584684660024536e-16,1.788854381999832e-18,1.6245763475581793e-16,4.2338511819557405e-17,7.751414491732551e-17,9.154807075998662e-16,4.466835921509631e-15,8.467042972488833e-17,4.577403537999331e-16,4.577403537999331e-17,1e-15,1.0000000000000001e-16,,8.195486412236884e-16,4.659783208717152e-15
0.002251645416744618,1e-15,7.3002985804603e-16,5.162090630930005e-15,3.6584684660024536e-16,1.788854381999832e-18,1.6156976716607286e-16,4.2216826989391084e-17,7.709051264468818e-17,9.104773991955765e-16,4.4411966136558886e-15,8.467042972488833e-17,4.552386995977882e-16,4.552386995977883e-17,1e-15,1.0000000000000001e-16,,8.176631147893993e-16,4.633605608994026e-15
0.0022646443075930596,1e-15,7.279316841737108e-16,5.147254301197751e-15,3.6584684660024536e-16,1.788854381999832e-18,1.6068724104043073e-16,4.209549189277128e-17,7.666942896893988e-17,9.055041909915262e-16,4.415704473533126e-15,8.467042972488833e-17,4.527520954957631e-16,4.5275209549576316e-17,1e-15,1.0000000000000001e-16,,8.157840905711589e-16,4.60757957033079e-15
0.0022777182418573217,1e-15,7.258395406487123e-16,5.132460612460332e-15,3.6584684660024536e-16,1.788854381999832e-18,1.5981002692813698e-16,4.1974505524531165e-17,7.625087983810918e-17,9.005609170269243e-16,4.390358656409448e-15,8.467042972488833e-17,4.502804585134621e-16,4.5028045851346216e-17,1e-15,1.0000000000000001e-16,,8.139115511224214e-16,4.581704229816805e-15
0.0022908676527677745,1e-15,7.237534101392537e-16,5.117709442163548e-15,3.6584684660024536e-16,1.788854381999832e-18,1.5893809555115843e-16,4.1853866882392846e-17,7.583485128263585e-17,8.956474123142977e-16,4.365158322401657e-15,8.467042972488833e-17,4.478237061571489e-16,4.4782370615714893e-17,1e-15,1.0000000000000001e-16,,8.120454790395372e-16,4.555978729528581e-15
0.0023040929760558444,1e-15,7.216732753633689e-16,5.103000668105447e-15,3.6584684660024536e-16,1.788854381999832e-18,1.5807141780316392e-16,4.173357496695915e-17,7.542132941488463e-17,8.907635128337492e-16,4.340102636447441e-15,8.467042972488833e-17,4.453817564168746e-16,4.4538175641687466e-17,1e-15,1.0000000000000001e-16,,8.101858569615735e-16,4.530402216501288e-15
0.0023173946499684796,1e-15,7.19599119088759e-16,5.088334168435275e-15,3.6584684660024536e-16,1.788854381999832e-18,1.5720996474850801e-16,4.161362878170512e-17,7.501030042866041e-17,8.859090555272287e-16,4.3151907682776505e-15,8.467042972488833e-17,4.4295452776361434e-16,4.4295452776361437e-17,1e-15,1.0000000000000001e-16,,8.083326675701304e-16,4.504973842700335e-15
0.0023307731152826363,1e-15,7.175309241326557e-16,5.07370982165251e-15,3.6584684660024536e-16,1.788854381999832e-18,1.5635370762122388e-16,4.149402733297006e-17,7.460175059872748e-17,8.810838782928579e-16,4.290421892388857e-15,8.467042972488833e-17,4.405419391464289e-16,4.4054193914642893e-17,1e-15,1.0000000000000001e-16,,8.064858935891661e-16,4.479692764993258e-15
0.0023442288153199225,1e-15,7.154686733616722e-16,5.0591275066058134e-15,3.6584684660024536e-16,1.788854381999832e-18,1.555026178240158e-16,4.137476962994902e-17,7.419566628032901e-17,8.762878199792539e-16,4.265795188015926e-15,8.467042972488833e-17,4.381439099896269e-16,4.3814390998962694e-17,1e-15,1.0000000000000001e-16,,8.046455177848106e-16,4.454558145121615e-15
0.0023577621959612544,1e-15,7.134123496916673e-16,5.044587102492065e-15,3.6584684660024536e-16,1.788854381999832e-18,1.546566669272619e-16,4.1255854684684806e-17,7.379203390871111e-17,8.715207203799088e-16,4.2413098391048814e-15,8.467042972488833e-17,4.3576036018995434e-16,4.357603601899544e-17,1e-15,1.0000000000000001e-16,,8.028115229651933e-16,4.4295691496731734e-15
0.0023713737056616554,1e-15,7.113619360876e-16,5.0300884888553336e-15,3.6584684660024536e-16,1.788854381999832e-18,1.538158266680174e-16,4.113728151205966e-17,7.339083999864734e-17,8.66782420227573e-16,4.2169650342858226e-15,8.467042972488833e-17,4.333912101137865e-16,4.333912101137865e-17,1e-15,1.0000000000000001e-16,,8.009838919802598e-16,4.404724950054163e-15
0.002385063795465105,1e-15,7.093174155633898e-16,5.015631545585893e-15,3.6584684660024536e-16,1.788854381999832e-18,1.529800689490256e-16,4.101904912978716e-17,7.29920711439667e-17,8.620727611886816e-16,4.192759966846055e-15,8.467042972488833e-17,4.310363805943408e-16,4.3103638059434083e-17,1e-15,1.0000000000000001e-16,,7.991626077215962e-16,4.38002472246173e-15
0.00239883291901949,1e-15,7.072787711817757e-16,5.00121615291922e-15,3.6584684660024536e-16,1.788854381999832e-18,1.5214936583773193e-16,4.090115655840404e-17,7.259571401708329e-17,8.573915858577986e-16,4.168693834703355e-15,8.467042972488833e-17,4.2869579292889925e-16,4.286957929288993e-17,1e-15,1.0000000000000001e-16,,7.973476531222508e-16,4.355467647856546e-15
0.002412681532591635,1e-15,7.052459860541757e-16,4.98684219143501e-15,3.6584684660024536e-16,1.788854381999832e-18,1.513236895653039e-16,4.0783602821262123e-17,7.220175536852866e-17,8.52738737752094e-16,4.144765840379389e-15,8.467042972488833e-17,4.26369368876047e-16,4.26369368876047e-17,1e-15,1.0000000000000001e-16,,7.955390111565569e-16,4.331052911935563e-15
0.002426610095082414,1e-15,7.032190433405487e-16,4.9725095420561866e-15,3.6584684660024536e-16,1.788854381999832e-18,1.505030125256556e-16,4.0666386944520266e-17,7.181018202648638e-17,8.481140613058474e-16,4.120975190973305e-15,8.467042972488833e-17,4.2405703065292363e-16,4.240570306529237e-17,1e-15,1.0000000000000001e-16,,7.93736664839959e-16,4.306779705104945e-15
0.002440619068041981,1e-15,7.011979262492507e-16,4.958218086047898e-15,3.6584684660024536e-16,1.788854381999832e-18,1.4968730727447533e-16,4.05495079571361e-17,7.142098089632805e-17,8.435174018649668e-16,4.097321098135414e-15,8.467042972488833e-17,4.217587009324833e-16,4.217587009324834e-17,1e-15,1.0000000000000001e-16,,7.919405972288319e-16,4.282647222453098e-15
0.002454708915685031,1e-15,6.991826180369011e-16,4.943967705016565e-15,3.6584684660024536e-16,1.788854381999832e-18,1.4887654652826087e-16,4.0432964890858253e-17,7.103413896015309e-17,8.389486056815542e-16,4.073802778041126e-15,8.467042972488833e-17,4.194743028407771e-16,4.1947430284077714e-17,1e-15,1.0000000000000001e-16,,7.90150791420311e-16,4.25865466372395e-15
0.002468880104906209,1e-15,6.9717310200824e-16,4.929758280908871e-15,3.6584684660024536e-16,1.788854381999832e-18,1.480707031633564e-16,4.0316756780218146e-17,7.064964327632906e-17,8.344075199084771e-16,4.0504194513649315e-15,8.467042972488833e-17,4.172037599542385e-16,4.172037599542385e-17,1e-15,1.0000000000000001e-16,,7.883672305521143e-16,4.234801233290287e-15
0.0024831331052955702,1e-15,6.951693615159912e-16,4.9155896960108e-15,3.6584684660024536e-16,1.788854381999832e-18,1.4726975021499568e-16,4.0200882662522036e-17,7.026748097903533e-17,8.29893992593977e-16,4.027170343254591e-15,8.467042972488833e-17,4.149469962969885e-16,4.149469962969885e-17,1e-15,1.0000000000000001e-16,,7.865898978023683e-16,4.211086140127294e-15
0.0024974683891541435,1e-15,6.931713799607249e-16,4.901461832946655e-15,3.6584684660024536e-16,1.788854381999832e-18,1.464736608763494e-16,4.0085341577843063e-17,6.988763927780832e-17,8.254078726763011e-16,4.0040546833054645e-15,8.467042972488833e-17,4.1270393633815053e-16,4.1270393633815056e-17,1e-15,1.0000000000000001e-16,,7.84818776389436e-16,4.187508597786241e-15
0.002511886431509582,1e-15,6.911791407907188e-16,4.8873745746780875e-15,3.6584684660024536e-16,1.788854381999832e-18,1.4568240849757668e-16,3.9970132569013274e-17,6.951010545708913e-17,8.209490099783571e-16,3.98107170553497e-15,8.467042972488833e-17,4.104745049891785e-16,4.104745049891785e-17,1e-15,1.0000000000000001e-16,,7.830538495717419e-16,4.1640678243683025e-15
0.0025263877101318957,1e-15,6.891926275018234e-16,4.873327804503136e-15,3.6584684660024536e-16,1.788854381999832e-18,1.4489596658488201e-16,3.9855254681615775e-17,6.913486687577344e-17,8.165172552023991e-16,3.958220648357225e-15,8.467042972488833e-17,4.0825862760119957e-16,4.082586276011996e-17,1e-15,1.0000000000000001e-16,,7.812951006476023e-16,4.1407630424985585e-15
0.0025409727055493063,1e-15,6.872118236373212e-16,4.859321406055236e-15,3.6584684660024536e-16,1.788854381999832e-18,1.4411430879957463e-16,3.974070696397663e-17,6.876191096676283e-17,8.121124599247274e-16,3.935500754557773e-15,8.467042972488833e-17,4.060562299623637e-16,4.0605622996236374e-17,1e-15,1.0000000000000001e-16,,7.79542512955049e-16,4.117593479300089e-15
0.002555641901064137,1e-15,6.852367127877956e-16,4.845355263302289e-15,3.6584684660024536e-16,1.788854381999832e-18,1.433374089571352e-16,3.962648846715723e-17,6.839122523651931e-17,8.077344765904281e-16,3.912911271268533e-15,8.467042972488833e-17,4.03867238295214e-16,4.0386723829521407e-17,1e-15,1.0000000000000001e-16,,7.777960698716631e-16,4.094558366368286e-15
0.0025703957827688645,1e-15,6.832672785909893e-16,4.831429260545665e-15,3.6584684660024536e-16,1.788854381999832e-18,1.4256524102628352e-16,3.9512598244946184e-17,6.802279726462059e-17,8.033831585081199e-16,3.890451449942806e-15,8.467042972488833e-17,4.016915792540599e-16,4.0169157925406e-17,1e-15,1.0000000000000001e-16,,7.76055754814399e-16,4.0716569397452375e-15
0.002585234839562191,1e-15,6.813035047316743e-16,4.8175432824192794e-15,3.6584684660024536e-16,1.788854381999832e-18,1.4179777912805403e-16,3.9399035353851717e-17,6.765661470331898e-17,7.990583598447446e-16,3.868120546330521e-15,8.467042972488833e-17,3.9952917992237225e-16,3.995291799223723e-17,1e-15,1.0000000000000001e-16,,7.743215512394189e-16,4.04888843989434e-15
0.002600159563165272,1e-15,6.793453749415125e-16,4.803697213888612e-15,3.6584684660024536e-16,1.788854381999832e-18,1.4103499753487227e-16,3.928579885309366e-17,6.72926652771007e-17,7.947599356203626e-16,3.8459178204535354e-15,8.467042972488833e-17,3.973799678101813e-16,3.9737996781018134e-17,1e-15,1.0000000000000001e-16,,7.725934426419198e-16,4.026252111674975e-15
0.002615170448137997,1e-15,6.773928729989231e-16,4.789890940249763e-15,3.6584684660024536e-16,1.788854381999832e-18,1.40276870669638e-16,3.917288780459577e-17,6.693093678224839e-17,7.904877417029864e-16,3.8238425365811255e-15,8.467042972488833e-17,3.952438708514932e-16,3.952438708514932e-17,1e-15,1.0000000000000001e-16,,7.708714125559658e-16,4.00374720431738e-15
0.0026302679918953813,1e-15,6.754459827289474e-16,4.776124347128504e-15,3.6584684660024536e-16,1.788854381999832e-18,1.3952337310481145e-16,3.9060301272977886e-17,6.65714170864052e-17,7.862416348034307e-16,3.801893963205613e-15,8.467042972488833e-17,3.9312081740171534e-16,3.9312081740171536e-17,1e-15,1.0000000000000001e-16,,7.691554445543195e-16,3.981372971397654e-15
0.0026454526947240512,1e-15,6.735046880031148e-16,4.7623973204793244e-15,3.6584684660024536e-16,1.788854381999832e-18,1.3877447956150382e-16,3.894803832554825e-17,6.621409412814072e-17,7.820214724701876e-16,3.780071373018109e-15,8.467042972488833e-17,3.910107362350938e-16,3.9101073623509384e-17,1e-15,1.0000000000000001e-16,,7.674455222482733e-16,3.959128670812881e-15
0.0026607250597988083,1e-15,6.715689727393109e-16,4.7487097465845035e-15,3.6584684660024536e-16,1.788854381999832e-18,1.3803016490857264e-16,3.883609803229577e-17,6.585895591651948e-17,7.778271130843296e-16,3.7583740428844435e-15,8.467042972488833e-17,3.8891355654216474e-16,3.889135565421648e-17,1e-15,1.0000000000000001e-16,,7.657416292874842e-16,3.9370135647564524e-15
0.0026760855931993333,1e-15,6.6963882090164e-16,4.7350615120531365e-15,3.6584684660024536e-16,1.788854381999832e-18,1.3729040416171936e-16,3.872447946588219e-17,6.550599053067032e-17,7.736584158544225e-16,3.736801253821156e-15,8.467042972488833e-17,3.8682920792721123e-16,3.868292079272113e-17,1e-15,1.0000000000000001e-16,,7.640437493598031e-16,3.915026919693435e-15
0.002691534803926914,1e-15,6.677142165002985e-16,4.7214525038202354e-15,3.6584684660024536e-16,1.788854381999832e-18,1.3655517248259428e-16,3.861318170163467e-17,6.51551861193592e-17,7.695152408114831e-16,3.715352290971729e-15,8.467042972488833e-17,3.847576204057415e-16,3.8475762040574155e-17,1e-15,1.0000000000000001e-16,,7.623518661911141e-16,3.8931680063362015e-15
0.0027070732039213576,1e-15,6.657951435914354e-16,4.707882609145751e-15,3.6584684660024536e-16,1.788854381999832e-18,1.3582444517790124e-16,3.8502203817537785e-17,6.480653090056225e-17,7.653974488039333e-16,3.694026443582834e-15,8.467042972488833e-17,3.8269872440196664e-16,3.8269872440196666e-17,1e-15,1.0000000000000001e-16,,7.606659635451627e-16,3.871436099620066e-15
0.0027227013080779127,1e-15,6.638815862770269e-16,4.694351715613678e-15,3.6584684660024536e-16,1.788854381999832e-18,1.350981976985107e-16,3.8391544894226226e-17,6.446001316104244e-17,7.613049014926026e-16,3.672823004980847e-15,8.467042972488833e-17,3.806524507463013e-16,3.806524507463013e-17,1e-15,1.0000000000000001e-16,,7.589860252233966e-16,3.849830478679195e-15
0.0027384196342643613,1e-15,6.6197352870474e-16,4.680859711131093e-15,3.6584684660024536e-16,1.788854381999832e-18,1.3437640563857337e-16,3.828120401497694e-17,6.411562125592668e-17,7.572374613457324e-16,3.6517412725483775e-15,8.467042972488833e-17,3.786187306728662e-16,3.7861873067286624e-17,1e-15,1.0000000000000001e-16,,7.573120350647974e-16,3.828350426822527e-15
0.002754228703338166,1e-15,6.60070955067803e-16,4.667406483927244e-15,3.6584684660024536e-16,1.788854381999832e-18,1.3365904473463963e-16,3.817118026570163e-17,6.377334360828568e-17,7.531949916340144e-16,3.630780547701014e-15,8.467042972488833e-17,3.765974958170072e-16,3.7659749581700724e-17,1e-15,1.0000000000000001e-16,,7.556439769457187e-16,3.8069952315099285e-15
0.0027701290391637327,1e-15,6.581738496048746e-16,4.653991922552617e-15,3.6584684660024536e-16,1.788854381999832e-18,1.329460908647822e-16,3.806147273493919e-17,6.343316870871532e-17,7.491773564256465e-16,3.6099401358641676e-15,8.467042972488833e-17,3.745886782128232e-16,3.745886782128233e-17,1e-15,1.0000000000000001e-16,,7.53981834779722e-16,3.785764184328424e-15
0.0027861211686297724,1e-15,6.562821965999123e-16,4.640615915878009e-15,3.6584684660024536e-16,1.788854381999832e-18,1.3223752004772267e-16,3.795208051384812e-17,6.309508511491996e-17,7.451844205814106e-16,3.58921934645005e-15,8.467042972488833e-17,3.725922102907053e-16,3.7259221029070535e-17,1e-15,1.0000000000000001e-16,,7.523255925174145e-16,3.764656580968587e-15
0.0028022056216667453,1e-15,6.543959803820448e-16,4.6272783530936285e-15,3.6584684660024536e-16,1.788854381999832e-18,1.3153330844196284e-16,3.7843002696199085e-17,6.27590814512979e-17,7.412160497497779e-16,3.568617492834814e-15,8.467042972488833e-17,3.7060802487488896e-16,3.7060802487488896e-17,1e-15,1.0000000000000001e-16,,7.506752341462889e-16,3.743671721201081e-15
0.002818382931264455,1e-15,6.525151853254377e-16,4.613979123708138e-15,3.6584684660024536e-16,1.788854381999832e-18,1.3083343234491731e-16,3.77342383783672e-17,6.242514640852752e-17,7.3727211036202e-16,3.5481338923357537e-15,8.467042972488833e-17,3.6863605518100993e-16,3.6863605518101e-17,1e-15,1.0000000000000001e-16,,7.490307436905572e-16,3.7228089088532665e-15
0.002834653633489668,1e-15,6.506397958491692e-16,4.600718117547785e-15,3.6584684660024536e-16,1.788854381999832e-18,1.3013786819205362e-16,3.7625786659324826e-17,6.209326874315703e-17,7.33352469627364e-16,3.5277678661887378e-15,8.467042972488833e-17,3.6667623481368196e-16,3.66676234813682e-17,1e-15,1.0000000000000001e-16,,7.473921052109964e-16,3.702067451786044e-15
0.00285101826750391,1e-15,6.48769796417097e-16,4.587495224755452e-15,3.6584684660024536e-16,1.788854381999832e-18,1.2944659255603248e-16,3.7517646640633877e-17,6.176343727719423e-17,7.294569955281479e-16,3.5075187395256793e-15,8.467042972488833e-17,3.6472849776407394e-16,3.64728497764074e-17,1e-15,1.0000000000000001e-16,,7.457593028047833e-16,3.6814466618707305e-15
0.0028674773755813163,1e-15,6.469051715377317e-16,4.574310335789768e-15,3.6584684660024536e-16,1.788854381999832e-18,1.2875958214585406e-16,3.7409817426438477e-17,6.143564089769922e-17,7.255855568150094e-16,3.4873858413521837e-15,8.467042972488833e-17,3.6279277840750467e-16,3.627927784075047e-17,1e-15,1.0000000000000001e-16,,7.441323206053375e-16,3.660945854966128e-15
0.0028840315031266055,1e-15,6.450459057641076e-16,4.5611633414241925e-15,3.6584684660024536e-16,1.788854381999832e-18,1.2807681380600706e-16,3.730229812345754e-17,6.11098685563783e-17,7.2173802300209e-16,3.4673685045253176e-15,8.467042972488833e-17,3.60869011501045e-16,3.60869011501045e-17,1e-15,1.0000000000000001e-16,,7.425111427821623e-16,3.640564350895697e-15
0.002900681198693156,1e-15,6.43191983693655e-16,4.548054132746107e-15,3.6584684660024536e-16,1.788854381999832e-18,1.2739826451562134e-16,3.7195087840977314e-17,6.078610926917974e-17,7.179142643622612e-16,3.447466065731491e-15,8.467042972488833e-17,3.5895713218113053e-16,3.589571321811306e-17,1e-15,1.0000000000000001e-16,,7.408957535406857e-16,3.620301473424859e-15
0.002917427014001166,1e-15,6.413433899680737e-16,4.5349826011559326e-15,3.6584684660024536e-16,1.788854381999832e-18,1.2672391138762512e-16,3.708818569084413e-17,6.046435211589164e-17,7.141141519223745e-16,3.427677865464505e-15,8.467042972488833e-17,3.570570759611872e-16,3.570570759611872e-17,1e-15,1.0000000000000001e-16,,7.392861371221042e-16,3.600156550238463e-15
0.0029342695039559705,1e-15,6.3950010927320235e-16,4.521948638366195e-15,3.6584684660024536e-16,1.788854381999832e-18,1.2605373166790367e-16,3.698159078745683e-17,6.014458623974046e-17,7.103375574585203e-16,3.4080032480036482e-15,8.467042972488833e-17,3.551687787292601e-16,3.5516877872926015e-17,1e-15,1.0000000000000001e-16,,7.376822778032234e-16,3.580128912918294e-15
0.002951209226666384,1e-15,6.376621263388969e-16,4.5089521364006695e-15,3.6584684660024536e-16,1.788854381999832e-18,1.2538770273446472e-16,3.687530224775968e-17,5.982680084699289e-17,7.065843534913251e-16,3.388441561392028e-15,8.467042972488833e-17,3.532921767456625e-16,3.532921767456625e-17,1e-15,1.0000000000000001e-16,,7.360841598963059e-16,3.560217896920839e-15
0.002968246743463243,1e-15,6.35829425938898e-16,4.495992987593446e-15,3.6584684660024536e-16,1.788854381999832e-18,1.2472580209660358e-16,3.6769319191234806e-17,5.951098520655743e-17,7.028544132812469e-16,3.3689921574149063e-15,8.467042972488833e-17,3.5142720664062344e-16,3.5142720664062345e-17,1e-15,1.0000000000000001e-16,,7.344917677489101e-16,3.5404228415550294e-15
0.0029853826189179603,1e-15,6.34001992890711e-16,4.48307108458807e-15,3.6584684660024536e-16,1.788854381999832e-18,1.240680073940758e-16,3.6663640739895155e-17,5.919712864958967e-17,6.991476108239127e-16,3.349654391578276e-15,8.467042972488833e-17,3.495738054119563e-16,3.4957380541195635e-17,1e-15,1.0000000000000001e-16,,7.329050857437412e-16,3.5207430899602492e-15
0.0030026174208612677,1e-15,6.321798120554749e-16,4.4701863203366346e-15,3.6584684660024536e-16,1.788854381999832e-18,1.2341429639626978e-16,3.6558266018276997e-17,5.888522056909751e-17,6.95463820845456e-16,3.330427623087463e-15,8.467042972488833e-17,3.4773191042272796e-16,3.47731910422728e-17,1e-15,1.0000000000000001e-16,,7.313240982984918e-16,3.501177989084364e-15
0.003019951720402016,1e-15,6.303628683378403e-16,4.457338588098897e-15,3.6584684660024536e-16,1.788854381999832e-18,1.2276464700138496e-16,3.64531941534328e-17,5.857525041954902e-17,6.918029187978857e-16,3.3113112148259114e-15,8.467042972488833e-17,3.4590145939894286e-16,3.459014593989429e-17,1e-15,1.0000000000000001e-16,,7.297487898656912e-16,3.4817268896619266e-15
0.0030373860919461044,1e-15,6.285511466858428e-16,4.444527781441397e-15,3.6584684660024536e-16,1.788854381999832e-18,1.2211903723561265e-16,3.634842427492395e-17,5.826720771648163e-17,6.881647808544706e-16,3.2923045333340664e-15,8.467042972488833e-17,3.440823904272353e-16,3.440823904272353e-17,1e-15,1.0000000000000001e-16,,7.281791449325511e-16,3.462389146192495e-15
0.0030549211132155155,1e-15,6.267446320907787e-16,4.431753794236575e-15,3.6584684660024536e-16,1.788854381999832e-18,1.2147744525232029e-16,3.624395551481357e-17,5.796108203611291e-17,6.845492839051414e-16,3.2734069487883797e-15,8.467042972488833e-17,3.422746419525707e-16,3.422746419525707e-17,1e-15,1.0000000000000001e-16,,7.266151480208135e-16,3.4431641169190617e-15
0.0030725573652674453,1e-15,6.249433095870819e-16,4.419016520661895e-15,3.6584684660024536e-16,1.788854381999832e-18,1.2083984933123968e-16,3.6139787007659344e-17,5.76568630149532e-17,6.809563055519172e-16,3.2546178349804607e-15,8.467042972488833e-17,3.4047815277595853e-16,3.404781527759586e-17,1e-15,1.0000000000000001e-16,,7.250567836866004e-16,3.424051163806639e-15
0.003090295432513592,1e-15,6.231471642521963e-16,4.406315855198954e-15,3.6584684660024536e-16,1.788854381999832e-18,1.202062278776567e-16,3.603591789050621e-17,5.735454034941902e-17,6.773857241043388e-16,3.235936569296281e-15,8.467042972488833e-17,3.3869286205216935e-16,3.386928620521694e-17,1e-15,1.0000000000000001e-16,,7.235040365202591e-16,3.4050496525208934e-15
0.003108135902739473,1e-15,6.213561812064575e-16,4.3936516926326336e-15,3.6584684660024536e-16,1.788854381999832e-18,1.1957655942160754e-16,3.593234730287948e-17,5.705410379544957e-17,6.738374185749394e-16,3.2173625326956014e-15,8.467042972488833e-17,3.3691870928746967e-16,3.369187092874697e-17,1e-15,1.0000000000000001e-16,,7.219568911462167e-16,3.386158952407008e-15
0.0031260793671239557,1e-15,6.19570345612964e-16,4.381023928050197e-15,3.6584684660024536e-16,1.788854381999832e-18,1.189508226170742e-16,3.5829074386777387e-17,5.675554316812292e-17,6.703112686747116e-16,3.198895109691398e-15,8.467042972488833e-17,3.351556343373558e-16,3.3515563433735585e-17,1e-15,1.0000000000000001e-16,,7.204153322228258e-16,3.3673784364685397e-15
0.0031441264202587958,1e-15,6.17789642677459e-16,4.368432456840454e-15,3.6584684660024536e-16,1.788854381999832e-18,1.1832899624118727e-16,3.5726098286664264e-17,5.645884834127552e-17,6.668071548086143e-16,3.1805336883295205e-15,8.467042972488833e-17,3.3340357740430713e-16,3.3340357740430715e-17,1e-15,1.0000000000000001e-16,,7.188793444422187e-16,3.348707481346517e-15
0.0031622776601683794,1e-15,6.160140576482046e-16,4.355877174692862e-15,3.6584684660024536e-16,1.788854381999832e-18,1.1771105919342863e-16,3.562341814946327e-17,5.616400924712189e-17,6.633249580710801e-16,3.16227766016838e-15,8.467042972488833e-17,3.3166247903554003e-16,3.316624790355401e-17,1e-15,1.0000000000000001e-16,,7.173489125301582e-16,3.3301454672985607e-15
0.0031805336883295203,1e-15,6.142435758158611e-16,4.343357977596686e-15,3.6584684660024536e-16,1.788854381999832e-18,1.1709699049483937e-16,3.552103312454941e-17,5.58710158758766e-17,6.598645602415512e-16,3.1441264202587964e-15,8.467042972488833e-17,3.299322801207756e-16,3.299322801207756e-17,1e-15,1.0000000000000001e-16,,7.158240212458885e-16,3.311691778178172e-15
0.0031988951096913972,1e-15,6.124781825133649e-16,4.330874761840122e-15,3.6584684660024536e-16,1.788854381999832e-18,1.164867692872301e-16,3.5418942363742457e-17,5.557985827537757e-17,6.564258437800301e-16,3.1260793671239557e-15,8.467042972488833e-17,3.2821292189001506e-16,3.282129218900151e-17,1e-15,1.0000000000000001e-16,,7.143046553819906e-16,3.2933458014141244e-15
0.003217362532695601,1e-15,6.107178631158064e-16,4.318427424009444e-15,3.6584684660024536e-16,1.788854381999832e-18,1.1588037483239433e-16,3.531714502129991e-17,5.5290526550710706e-17,6.530086918226472e-16,3.1081359027394737e-15,8.467042972488833e-17,3.2650434591132356e-16,3.265043459113236e-17,1e-15,1.0000000000000001e-16,,7.127907997642336e-16,3.2751069279899704e-15
0.003235936569296281,1e-15,6.089626030403107e-16,4.306015860988154e-15,3.6584684660024536e-16,1.788854381999832e-18,1.1527778651132595e-16,3.521564025391009e-17,5.5003010863836483e-17,6.49612988177249e-16,3.0902954325135926e-15,8.467042972488833e-17,3.248064940886245e-16,3.248064940886245e-17,1e-15,1.0000000000000001e-16,,7.112824392514322e-16,3.2569745524236774e-15
0.0032546178349804602,1e-15,6.072123877459134e-16,4.293639969956106e-15,3.6584684660024536e-16,1.788854381999832e-18,1.1467898382343776e-16,3.511442722068494e-17,5.4717301433217134e-17,6.462386173189969e-16,3.072557365267446e-15,8.467042972488833e-17,3.2311930865949846e-16,3.231193086594985e-17,1e-15,1.0000000000000001e-16,,7.097795587352976e-16,3.2389480727473322e-15
0.003273406948788383,1e-15,6.054672027334441e-16,4.281299648388685e-15,3.6584684660024536e-16,1.788854381999832e-18,1.1408394638578577e-16,3.501350508315335e-17,5.443338853344658e-17,6.428854643859948e-16,3.054921113215512e-15,8.467042972488833e-17,3.214427321929974e-16,3.214427321929974e-17,1e-15,1.0000000000000001e-16,,7.082821431402975e-16,3.2210268904870376e-15
0.0032923045333340655,1e-15,6.037270335454033e-16,4.268994794055929e-15,3.6584684660024536e-16,1.788854381999832e-18,1.134926539322941e-16,3.491287300525393e-17,5.41512624948805e-17,6.395534151749212e-16,3.0373860919461046e-15,8.467042972488833e-17,3.197767075874606e-16,3.1977670758746064e-17,1e-15,1.0000000000000001e-16,,7.067901774235102e-16,3.2032104106428453e-15
0.003311311214825911,1e-15,6.01991865765844e-16,4.256725305021702e-15,3.6584684660024536e-16,1.788854381999832e-18,1.1290508631298457e-16,3.4812530153328274e-17,5.38709137032688e-17,6.362423561366879e-16,3.0199517204020163e-15,8.467042972488833e-17,3.181211780683439e-16,3.1812117806834395e-17,1e-15,1.0000000000000001e-16,,7.053036465744819e-16,3.1854980416688433e-15
0.003330427623087463,1e-15,6.002616850202519e-16,4.244491079642836e-15,3.6584684660024536e-16,1.788854381999832e-18,1.1232122349320842e-16,3.471247569611396e-17,5.3592332599389064e-17,6.329521743721107e-16,3.002617420861268e-15,8.467042972488833e-17,3.1647608718605533e-16,3.1647608718605536e-17,1e-15,1.0000000000000001e-16,,7.03822535615086e-16,3.1678891954533474e-15
0.0033496543915782794,1e-15,5.985364769754261e-16,4.232292016568297e-15,3.6584684660024536e-16,1.788854381999832e-18,1.1174104555288138e-16,3.461270880473769e-17,5.3315509678681525e-17,6.296827576275991e-16,2.985382618917957e-15,8.467042972488833e-17,3.148413788137995e-16,3.148413788137996e-17,1e-15,1.0000000000000001e-16,,7.023468295993795e-16,3.150383287299196e-15
0.003368992157414906,1e-15,5.968162273393621e-16,4.220128014738351e-15,3.6584684660024536e-16,1.788854381999832e-18,1.1116453268572205e-16,3.451322865270848e-17,5.304043549088568e-17,6.264339942908638e-16,2.968246743463243e-15,8.467042972488833e-17,3.132169971454319e-16,3.132169971454319e-17,1e-15,1.0000000000000001e-16,,7.008765136134657e-16,3.1329797359041797e-15
0.0033884415613920273,1e-15,5.951009218611294e-16,4.207998973383704e-15,3.6584684660024536e-16,1.788854381999832e-18,1.1059166519849176e-16,3.4414034415910655e-17,5.276710063967763e-17,6.232057733866334e-16,2.951209226666385e-15,8.467042972488833e-17,3.116028866933167e-16,3.116028866933167e-17,1e-15,1.0000000000000001e-16,,6.994115727753502e-16,3.1156779633415226e-15
0.0034080032480036477,1e-15,5.933905463307588e-16,4.1959047920246984e-15,3.6584684660024536e-16,1.788854381999832e-18,1.1002242351023991e-16,3.4315125272597245e-17,5.2495495782309995e-17,6.199979845724024e-16,2.9342695039559713e-15,8.467042972488833e-17,3.0999899228620114e-16,3.099989922862012e-17,1e-15,1.0000000000000001e-16,,6.979519922348053e-16,3.09847739504056e-15
0.003427677865464505,1e-15,5.916850865791193e-16,4.183845370470447e-15,3.6584684660024536e-16,1.788854381999832e-18,1.0945678815154902e-16,3.4216500403382927e-17,5.2225611629251686e-17,6.168105181341758e-16,2.917427014001166e-15,8.467042972488833e-17,3.0840525906708785e-16,3.084052590670879e-17,1e-15,1.0000000000000001e-16,,6.964977571732289e-16,3.0813774597674312e-15
0.0034474660657314946,1e-15,5.899845284778054e-16,4.171820608818039e-15,3.6584684660024536e-16,1.788854381999832e-18,1.0889473976378617e-16,3.411815899123749e-17,5.1957438943830776e-17,6.136432649822517e-16,2.900681198693154e-15,8.467042972488833e-17,3.0682163249112583e-16,3.068216324911259e-17,1e-15,1.0000000000000001e-16,,6.950488528035084e-16,3.064377589605969e-15
0.0034673685045253167,1e-15,5.882888579390168e-16,4.159830407451683e-15,3.6584684660024536e-16,1.788854381999832e-18,1.0833625909835413e-16,3.4020100221478883e-17,5.1690968541877114e-17,6.104961166470007e-16,2.884031503126606e-15,8.467042972488833e-17,3.0524805832350036e-16,3.052480583235004e-17,1e-15,1.0000000000000001e-16,,6.936052643698832e-16,3.0474772199386145e-15
0.0034873858413521836,1e-15,5.865980609154432e-16,4.147874667041893e-15,3.6584684660024536e-16,1.788854381999832e-18,1.0778132701594742e-16,3.392232328176653e-17,5.142619129136746e-17,6.073689652746744e-16,2.8674773755813162e-15,8.467042972488833e-17,3.036844826373372e-16,3.036844826373372e-17,1e-15,1.0000000000000001e-16,,6.921669771478079e-16,3.030675789427497e-15
0.0035075187395256792,1e-15,5.849121234001474e-16,4.135953288544669e-15,3.6584684660024536e-16,1.788854381999832e-18,1.0722992448581035e-16,3.3824827362094597e-17,5.1163098112071407e-17,6.04261703623223e-16,2.8510182675039094e-15,8.467042972488833e-17,3.021308518116115e-16,3.0213085181161156e-17,1e-15,1.0000000000000001e-16,,6.907339764438174e-16,3.013972739995594e-15
0.003527767866188742,1e-15,5.832310314264493e-16,4.1240661732006665e-15,3.6584684660024536e-16,1.788854381999832e-18,1.0668203258499807e-16,3.3727611654785275e-17,5.090167997519883e-17,6.011742250581327e-16,2.8346536334896652e-15,8.467042972488833e-17,3.0058711252906637e-16,3.005871125290664e-17,1e-15,1.0000000000000001e-16,,6.893062475953916e-16,2.997367516808e-15
0.0035481338923357532,1e-15,5.815547710678115e-16,4.112213222534397e-15,3.6584684660024536e-16,1.788854381999832e-18,1.0613763249764084e-16,3.363067535448217e-17,5.0641927903048826e-17,5.981064235482786e-16,2.8183829312644554e-15,8.467042972488833e-17,2.990532117741393e-16,2.990532117741393e-17,1e-15,1.0000000000000001e-16,,6.878837759708225e-16,2.980859568253309e-15
0.0035686174928348134,1e-15,5.798833284377207e-16,4.1003943383533826e-15,3.6584684660024536e-16,1.788854381999832e-18,1.0559670551420963e-16,3.353401765814342e-17,5.038383296865931e-17,5.950581936617868e-16,2.8022056216667454e-15,8.467042972488833e-17,2.9752909683089335e-16,2.975290968308934e-17,1e-15,1.0000000000000001e-16,,6.864665469690781e-16,2.9644483459250678e-15
0.00358921934645005,1e-15,5.782166896895771e-16,4.088609422747376e-15,3.6584684660024536e-16,1.788854381999832e-18,1.0505923303078694e-16,3.3437637765035325e-17,5.012738629545911e-17,5.920294305619248e-16,2.786121168629772e-15,8.467042972488833e-17,2.960147152809624e-16,2.9601471528096244e-17,1e-15,1.0000000000000001e-16,,6.850545460196741e-16,2.948133304603398e-15
0.003609940135864167,1e-15,5.765548410165749e-16,4.076858378087519e-15,3.6584684660024536e-16,1.788854381999832e-18,1.0452519654833766e-16,3.334153487672544e-17,4.9872579056920086e-17,5.890200300029937e-16,2.770129039163733e-15,8.467042972488833e-17,2.945100150014968e-16,2.945100150014968e-17,1e-15,1.0000000000000001e-16,,6.836477585825373e-16,2.931913902236633e-15
0.003630780547701014,1e-15,5.748977686515924e-16,4.06514110702556e-15,3.6584684660024536e-16,1.788854381999832e-18,1.0399457767198515e-16,3.324570819707618e-17,4.961940247621165e-17,5.86029888326247e-16,2.754228703338166e-15,8.467042972488833e-17,2.930149441631235e-16,2.930149441631235e-17,1e-15,1.0000000000000001e-16,,6.822461701478789e-16,2.9157895999231445e-15
0.003651741272548377,1e-15,5.73245458867075e-16,4.053457512493028e-15,3.6584684660024536e-16,1.788854381999832e-18,1.0346735811028804e-16,3.3150156932238117e-17,4.93678478258558e-17,5.830589024558173e-16,2.7384196342643613e-15,8.467042972488833e-17,2.9152945122790867e-16,2.915294512279087e-17,1e-15,1.0000000000000001e-16,,6.80849766236061e-16,2.899759861893204e-15
0.003672823004980846,1e-15,5.715978979749222e-16,4.041807497700438e-15,3.6584684660024536e-16,1.788854381999832e-18,1.0294351967452116e-16,3.305488029064339e-17,4.911790642738395e-17,5.801069698946626e-16,2.722701308077913e-15,8.467042972488833e-17,2.900534849473313e-16,2.9005348494733136e-17,1e-15,1.0000000000000001e-16,,6.794585323974686e-16,2.883824155490977e-15
0.0036940264435828337,1e-15,5.699550723263746e-16,4.030190966136487e-15,3.6584684660024536e-16,1.788854381999832e-18,1.0242304427795841e-16,3.29598774829992e-17,4.8869569650994787e-17,5.771739887205259e-16,2.7070732039213584e-15,8.467042972488833e-17,2.8858699436026296e-16,2.88586994360263e-17,1e-15,1.0000000000000001e-16,,6.780724542123804e-16,2.86798195115661e-15
0.003715352290971728,1e-15,5.683169683119005e-16,4.018607821567251e-15,3.6584684660024536e-16,1.788854381999832e-18,1.019059139351585e-16,3.286514772228121e-17,4.86228289152135e-17,5.7425985758191e-16,2.6915348039269138e-15,8.467042972488833e-17,2.87129928790955e-16,2.87129928790955e-17,1e-15,1.0000000000000001e-16,,6.766915172908409e-16,2.8522327224084145e-15
0.0037368012538211556,1e-15,5.666835723610841e-16,4.0070579680354015e-15,3.6584684660024536e-16,1.788854381999832e-18,1.0139211076125405e-16,3.2770690223727177e-17,4.8377675686552545e-17,5.713644756940713e-16,2.676085593199334e-15,8.467042972488833e-17,2.856822378470357e-16,2.856822378470357e-17,1e-15,1.0000000000000001e-16,,6.753157072725341e-16,2.8365759458251686e-15
0.003758374042884443,1e-15,5.650548709425103e-16,3.9955413098593855e-15,3.6584684660024536e-16,1.788854381999832e-18,1.0088161697124159e-16,3.267650420483017e-17,4.8134101479172894e-17,5.684877428350193e-16,2.6607250597988088e-15,8.467042972488833e-17,2.8424387141750964e-16,2.842438714175097e-17,1e-15,1.0000000000000001e-16,,6.739450098266539e-16,2.8210111010284615e-15
0.0037800713730181124,1e-15,5.634308505636569e-16,3.984057751632661e-15,3.6584684660024536e-16,1.788854381999832e-18,1.0037441487927673e-16,3.2582588885332404e-17,4.789209785454775e-17,5.65629559341544e-16,2.645452694724049e-15,8.467042972488833e-17,2.82814779670772e-16,2.82814779670772e-17,1e-15,1.0000000000000001e-16,,6.725794106517831e-16,2.805537670665221e-15
0.0038018939632056127,1e-15,5.618114977707788e-16,3.972607198222886e-15,3.6584684660024536e-16,1.788854381999832e-18,9.98704868979698e-17,3.248894348721855e-17,4.7651656421126474e-17,5.627898261052473e-16,2.630267991895382e-15,8.467042972488833e-17,2.8139491305262366e-16,2.813949130526237e-17,1e-15,1.0000000000000001e-16,,6.712188954757642e-16,2.790155140390256e-15
0.0038238425365811264,1e-15,5.601967991487989e-16,3.96118955477114e-15,3.6584684660024536e-16,1.788854381999832e-18,9.93698155376853e-17,3.239556723470938e-17,4.7412768834000267e-17,5.599684445685951e-16,2.6151704481379973e-15,8.467042972488833e-17,2.7998422228429757e-16,2.799842222842976e-17,1e-15,1.0000000000000001e-16,,6.698634500555779e-16,2.774862998848943e-15
0.0038459178204535353,1e-15,5.585867413211959e-16,3.949804726691135e-15,3.6584684660024536e-16,1.788854381999832e-18,9.887238340584365e-17,3.230245935425534e-17,4.717542679456911e-17,5.571653167209826e-16,2.6001595631652725e-15,8.467042972488833e-17,2.785826583604913e-16,2.785826583604913e-17,1e-15,1.0000000000000001e-16,,6.685130601772185e-16,2.7596607376599954e-15
0.0038681205463305247,1e-15,5.569813109498941e-16,3.938452619668432e-15,3.6584684660024536e-16,1.788854381999832e-18,9.837817320622565e-17,3.2209619074530115e-17,4.693962205020982e-17,5.543803450948144e-16,2.585234839562189e-15,8.467042972488833e-17,2.771901725474072e-16,2.7719017254740718e-17,1e-15,1.0000000000000001e-16,,6.67167711655572e-16,2.744547851398323e-15
0.003890451449942805,1e-15,5.553804947351534e-16,3.927133139659666e-15,3.6584684660024536e-16,1.788854381999832e-18,9.788716773827993e-17,3.2117045626424295e-17,4.670534639394565e-17,5.516134327616021e-16,2.5703957827688644e-15,8.467042972488833e-17,2.7580671638080106e-16,2.758067163808011e-17,1e-15,1.0000000000000001e-16,,6.658273903342946e-16,2.729523837578002e-15
0.003912911271268532,1e-15,5.5378427941545655e-16,3.915846192891751e-15,3.6584684660024536e-16,1.788854381999832e-18,9.739934989643169e-17,3.2024738243038876e-17,4.6472591664116454e-17,5.4886448332806955e-16,2.5556419010641374e-15,8.467042972488833e-17,2.7443224166403473e-16,2.7443224166403478e-17,1e-15,1.0000000000000001e-16,,6.644920820856898e-16,2.7145881966353017e-15
0.003935500754557773,1e-15,5.521926517674033e-16,3.904591685861127e-15,3.6584684660024536e-16,1.788854381999832e-18,9.691470266939634e-17,3.193269615967911e-17,4.624134974405118e-17,5.461334009322836e-16,2.5409727055493066e-15,8.467042972488833e-17,2.7306670046614177e-16,2.730667004661418e-17,1e-15,1.0000000000000001e-16,,6.631617728105915e-16,2.6997404319118642e-15
0.0039582206483572266,1e-15,5.506055986055966e-16,3.8933695253329566e-15,3.6584684660024536e-16,1.788854381999832e-18,9.643320913949318e-17,3.184091861384792e-17,4.6011612561740446e-17,5.43420090239788e-16,2.5263877101318956e-15,8.467042972488833e-17,2.7171004511989396e-16,2.71710045119894e-17,1e-15,1.0000000000000001e-16,,6.618364484382411e-16,2.684980049637904e-15
0.003981071705534973,1e-15,5.490231067825374e-16,3.882179618340382e-15,3.6584684660024536e-16,1.788854381999832e-18,9.595485248196404e-17,3.174940484523983e-17,4.57833720895114e-17,5.40724456439763e-16,2.5118864315095793e-15,8.467042972488833e-17,2.703622282198815e-16,2.7036222821988154e-17,1e-15,1.0000000000000001e-16,,6.60516094926172e-16,2.6703065589155762e-15
0.004004054683305463,1e-15,5.474451631885126e-16,3.871021872183734e-15,3.6584684660024536e-16,1.788854381999832e-18,9.547961596429273e-17,3.165815409573451e-17,4.5556620343703035e-17,5.380464052411909e-16,2.4974683891541437e-15,8.467042972488833e-17,2.6902320262059543e-16,2.6902320262059545e-17,1e-15,1.0000000000000001e-16,,6.592006982600898e-16,2.6557194717023675e-15
0.004027170343254591,1e-15,5.458717547514878e-16,3.8598961944297705e-15,3.6584684660024536e-16,1.788854381999832e-18,9.500748294552813e-17,3.156716560939052e-17,4.53313493843432e-17,5.353858428690405e-16,2.483133105295571e-15,8.467042972488833e-17,2.676929214345202e-16,2.6769292143452025e-17,1e-15,1.0000000000000001e-16,,6.578902444537558e-16,2.6412183027946205e-15
0.004050419451364931,1e-15,5.44302868436999e-16,3.8488024929109126e-15,3.6584684660024536e-16,1.788854381999832e-18,9.453843687560963e-17,3.1476438632439094e-17,4.5107551314826726e-17,5.327426760604671e-16,2.468880104906209e-15,8.467042972488833e-17,2.6637133803023353e-16,2.6637133803023355e-17,1e-15,1.0000000000000001e-16,,6.565847195488714e-16,2.6268025698111364e-15
0.00407380277804113,1e-15,5.427384912480443e-16,3.837740675724478e-15,3.6584684660024536e-16,1.788854381999832e-18,9.407246129469499e-17,3.138597241327784e-17,4.4885218281594756e-17,5.301168120610238e-16,2.454708915685029e-15,8.467042972488833e-17,2.650584060305119e-16,2.6505840603051192e-17,1e-15,1.0000000000000001e-16,,6.552841096149623e-16,2.612471793176861e-15
0.004097321098135413,1e-15,5.411786102249772e-16,3.826710651231928e-15,3.6584684660024536e-16,1.788854381999832e-18,9.360953983249131e-17,3.12957662024646e-17,4.466434247381551e-17,5.275081586208923e-16,2.4406190680419817e-15,8.467042972488833e-17,2.637540793104462e-16,2.637540793104462e-17,1e-15,1.0000000000000001e-16,,6.539884007492645e-16,2.5982254961066776e-15
0.004120975190973304,1e-15,5.396232124453967e-16,3.81571232805809e-15,3.6584684660024536e-16,1.788854381999832e-18,9.314965620758752e-17,3.1205819252711085e-17,4.44449161230658e-17,5.249166239911205e-16,2.426610095082415e-15,8.467042972488833e-17,2.6245831199556027e-16,2.6245831199556027e-17,1e-15,1.0000000000000001e-16,,6.526975790766088e-16,2.5840632045892522e-15
0.004144765840379388,1e-15,5.380722850240442e-16,3.804745615090424e-15,3.6584684660024536e-16,1.788854381999832e-18,9.269279422679138e-17,3.1116130818876904e-17,4.4226931503014696e-17,5.22342116919887e-16,2.4126815325916358e-15,8.467042972488833e-17,2.611710584599435e-16,2.6117105845994354e-17,1e-15,1.0000000000000001e-16,,6.514116307493113e-16,2.569984447371024e-15
0.004168693834703355,1e-15,5.365258151126922e-16,3.793810421478245e-15,3.6584684660024536e-16,1.788854381999832e-18,9.223893778446665e-17,3.1026700157963127e-17,4.401038092910724e-17,5.197845466487654e-16,2.39883291901949e-15,8.467042972488833e-17,2.598922733243827e-16,2.5989227332438275e-17,1e-15,1.0000000000000001e-16,,6.501305419470572e-16,2.5559887559402107e-15
0.0041927599668460545,1e-15,5.349837899000423e-16,3.782906656631992e-15,3.6584684660024536e-16,1.788854381999832e-18,9.178807086187543e-17,3.093752652910641e-17,4.379525675825068e-17,5.17243822909019e-16,2.385063795465106e-15,8.467042972488833e-17,2.586219114545095e-16,2.586219114545095e-17,1e-15,1.0000000000000001e-16,,6.488542988767934e-16,2.5420756645109797e-15
0.004216965034285822,1e-15,5.334461966116158e-16,3.772034230222459e-15,3.6584684660024536e-16,1.788854381999832e-18,9.134017752652095e-17,3.084860919357263e-17,4.3581551388500866e-17,5.147198559178961e-16,2.3713737056616557e-15,8.467042972488833e-17,2.57359927958948e-16,2.5735992795894805e-17,1e-15,1.0000000000000001e-16,,6.475828877726155e-16,2.5282447100076328e-15
0.0042413098391048815,1e-15,5.319130225096492e-16,3.761193052180056e-15,3.6584684660024536e-16,1.788854381999832e-18,9.089524193149434e-17,3.075994741475089e-17,4.336925725875062e-17,5.122125563749502e-16,2.3577621959612545e-15,8.467042972488833e-17,2.561062781874751e-16,2.561062781874751e-17,1e-15,1.0000000000000001e-16,,6.463162948956588e-16,2.514495432048927e-15
0.004265795188015925,1e-15,5.303842548929886e-16,3.750383032694066e-15,3.6584684660024536e-16,1.788854381999832e-18,9.045324831482355e-17,3.067154045814739e-17,4.315836684841904e-17,5.097218354583704e-16,2.3442288153199226e-15,8.467042972488833e-17,2.548609177291852e-16,2.548609177291852e-17,1e-15,1.0000000000000001e-16,,6.450545065339905e-16,2.5008273729324564e-15
0.004290421892388857,1e-15,5.288598810969843e-16,3.739604082211888e-15,3.6584684660024536e-16,1.788854381999832e-18,9.001418099882485e-17,3.058338759137927e-17,4.2948872677142093e-17,5.072476048213269e-16,2.3307731152826367e-15,8.467042972488833e-17,2.5362380241066345e-16,2.5362380241066347e-17,1e-15,1.0000000000000001e-16,,6.437975090025002e-16,2.4872400776191237e-15
0.00431519076827765,1e-15,5.273398884933867e-16,3.728856111438316e-15,3.6584684660024536e-16,1.788854381999832e-18,8.957802438945758e-17,3.049548808416873e-17,4.274076730446472e-17,5.047897765883352e-16,2.31739464996848e-15,8.467042972488833e-17,2.523948882941676e-16,2.5239488829416764e-17,1e-15,1.0000000000000001e-16,,6.42545288642795e-16,2.473733093717706e-15
0.00434010263644744,1e-15,5.258242644902395e-16,3.718139031334771e-15,3.6584684660024536e-16,1.788854381999832e-18,8.914476297568013e-17,3.04078412083367e-17,4.253404332953359e-17,5.023482633516265e-16,2.304092976055845e-15,8.467042972488833e-17,2.5117413167581326e-16,2.511741316758133e-17,1e-15,1.0000000000000001e-16,,6.4129783182309e-16,2.4603059714694734e-15
0.004365158322401661,1e-15,5.243129965317784e-16,3.707452753118593e-15,3.6584684660024536e-16,1.788854381999832e-18,8.87143813288107e-17,3.03204462377971e-17,4.2328693390792116e-17,4.999229781675462e-16,2.2908676527677726e-15,8.467042972488833e-17,2.499614890837731e-16,2.4996148908377314e-17,1e-15,1.0000000000000001e-16,,6.400551249381066e-16,2.446958263732939e-15
0.004390358656409447,1e-15,5.228060720983247e-16,3.696797188262284e-15,3.6584684660024536e-16,1.788854381999832e-18,8.828686410188869e-17,3.023330244855061e-17,4.212471016567564e-17,4.975138345529543e-16,2.2777182418573223e-15,8.467042972488833e-17,2.4875691727647714e-16,2.4875691727647715e-17,1e-15,1.0000000000000001e-16,,6.388171544089651e-16,2.433689525968642e-15
0.004415704473533125,1e-15,5.213034787061824e-16,3.686172248492785e-15,3.6584684660024536e-16,1.788854381999832e-18,8.786219602904007e-17,3.014640911867879e-17,4.192208637030877e-17,4.951207464816496e-16,2.2646443075930592e-15,8.467042972488833e-17,2.4756037324082475e-16,2.475603732408248e-17,1e-15,1.0000000000000001e-16,,6.375839066830823e-16,2.420499316224044e-15
0.004441196613655889,1e-15,5.198052039075352e-16,3.6755778457907416e-15,3.6584684660024536e-16,1.788854381999832e-18,8.744036192484497e-17,3.005976552833804e-17,4.172081475920352e-17,4.92743628380806e-16,2.2516454167446182e-15,8.467042972488833e-17,2.4637181419040297e-16,2.46371814190403e-17,1e-15,1.0000000000000001e-16,,6.36355368234068e-16,2.4073871951184975e-15
0.004466835921509635,1e-15,5.183112352903422e-16,3.665013892389772e-15,3.6584684660024536e-16,1.788854381999832e-18,8.702134668370789e-17,2.997337095975365e-17,4.152088812495894e-17,4.903823951274236e-16,2.238721138568338e-15,8.467042972488833e-17,2.451911975637118e-16,2.4519119756371178e-17,1e-15,1.0000000000000001e-16,,6.351315255616233e-16,2.394352725828286e-15
0.004492623246702933,1e-15,5.168215604782377e-16,3.6544803007757525e-15,3.6584684660024536e-16,1.788854381999832e-18,8.660513527923139e-17,2.988722469721392e-17,4.1322299297962116e-17,4.880369620447987e-16,2.2258710447930055e-15,8.467042972488833e-17,2.4401848102239933e-16,2.4401848102239933e-17,1e-15,1.0000000000000001e-16,,6.339123651914402e-16,2.3813954740717707e-15
0.004518559443749226,1e-15,5.153361671304241e-16,3.643976983686069e-15,3.6584684660024536e-16,1.788854381999832e-18,8.619171276359083e-17,2.9801326027064075e-17,4.112504114609001e-17,4.857072448990012e-16,2.2130947096056368e-15,8.467042972488833e-17,2.428536224495006e-16,2.428536224495006e-17,1e-15,1.0000000000000001e-16,,6.326978736750987e-16,2.368515008094571e-15
0.004544645372095085,1e-15,5.138550429415751e-16,3.633503854108923e-15,3.6584684660024536e-16,1.788854381999832e-18,8.578106426691428e-17,2.971567423770055e-17,4.0929106574413446e-17,4.833931598953796e-16,2.2003917096373996e-15,8.467042972488833e-17,2.416965799476898e-16,2.416965799476898e-17,1e-15,1.0000000000000001e-16,,6.314880375899709e-16,2.355710898654885e-15
0.004570881896148752,1e-15,5.123781756417288e-16,3.6230608252825826e-15,3.6584684660024536e-16,1.788854381999832e-18,8.537317499666259e-17,2.96302686195649e-17,4.073448852490144e-17,4.810946236750679e-16,2.187761623949552e-15,8.467042972488833e-17,2.4054731183753396e-16,2.4054731183753396e-17,1e-15,1.0000000000000001e-16,,6.302828435391188e-16,2.3429827190088223e-15
0.004597269885308722,1e-15,5.109055529961899e-16,3.6126478106946895e-15,3.6584684660024536e-16,1.788854381999832e-18,8.49680302370147e-17,2.9545108465138105e-17,4.054117997612782e-17,4.788115533115217e-16,2.1752040340195224e-15,8.467042972488833e-17,2.3940577665576086e-16,2.3940577665576087e-17,1e-15,1.0000000000000001e-16,,6.290822781511992e-16,2.3303300448958772e-15
0.004623810213992603,1e-15,5.094371628054263e-16,3.6022647240815216e-15,3.6584684660024536e-16,1.788854381999832e-18,8.456561534825368e-17,2.9460193068934575e-17,4.0349173942978346e-17,4.765438663070582e-16,2.1627185237270203e-15,8.467042972488833e-17,2.382719331535291e-16,2.3827193315352907e-17,1e-15,1.0000000000000001e-16,,6.278863280803659e-16,2.3177524545244303e-15
0.004650503761666063,1e-15,5.079729929049681e-16,3.5919114794272895e-15,3.6584684660024536e-16,1.788854381999832e-18,8.416591576615696e-17,2.937552172749634e-17,4.015846347635973e-17,4.7429148058942e-16,2.150304679340257e-15,8.467042972488833e-17,2.3714574029471e-16,2.3714574029471e-17,1e-15,1.0000000000000001e-16,,6.266949800061724e-16,2.305249528557355e-15
0.004677351412871981,1e-15,5.065130311653076e-16,3.581587990963421e-15,3.6584684660024536e-16,1.788854381999832e-18,8.376891700138877e-17,2.9291093739387273e-17,3.9969041662909747e-17,4.72054314508352e-16,2.137962089502233e-15,8.467042972488833e-17,2.36027157254176e-16,2.36027157254176e-17,1e-15,1.0000000000000001e-16,,6.255082206334789e-16,2.2928208500976916e-15
0.004704354057259765,1e-15,5.050572654917981e-16,3.57129417316785e-15,3.6584684660024536e-16,1.788854381999832e-18,8.337460463889558e-17,2.9206908405187185e-17,3.978090162470883e-17,4.698322868321936e-16,2.1256903452171055e-15,8.467042972488833e-17,2.349161434160968e-16,2.3491614341609684e-17,1e-15,1.0000000000000001e-16,,6.243260366923561e-16,2.280466004674396e-15
0.0047315125896148025,1e-15,5.03605683824555e-16,3.561029940764313e-15,3.6584684660024536e-16,1.788854381999832e-18,8.29829643373047e-17,2.912296502748618e-17,3.9594036518993064e-17,4.676253167444909e-16,2.113489039836648e-15,8.467042972488833e-17,2.3381265837224544e-16,2.3381265837224544e-17,1e-15,1.0000000000000001e-16,,6.231484149379932e-16,2.2681845802281773e-15
0.004758827909888171,1e-15,5.021582741383533e-16,3.5507952087216297e-15,3.6584684660024536e-16,1.788854381999832e-18,8.259398182832485e-17,2.903926291087865e-17,3.940843953786817e-17,4.654333238406173e-16,2.1013577690467475e-15,8.467042972488833e-17,2.327166619203086e-16,2.3271666192030864e-17,1e-15,1.0000000000000001e-16,,6.219753421506035e-16,2.255976167097374e-15
0.00478630092322638,1e-15,5.007150244425315e-16,3.540589892253019e-15,3.6584684660024536e-16,1.788854381999832e-18,8.220764291615123e-17,2.895580136195778e-17,3.922410390802573e-17,4.632562281244222e-16,2.089296130854041e-15,8.467042972488833e-17,2.316281140622111e-16,2.316281140622111e-17,1e-15,1.0000000000000001e-16,,6.208068051353348e-16,2.2438403580039615e-15
0.004813932540001448,1e-15,4.992759227808884e-16,3.5304139068153723e-15,3.6584684660024536e-16,1.788854381999832e-18,8.182393347687155e-17,2.887257968930956e-17,3.904102289045966e-17,4.610939500048836e-16,2.0773037255725633e-15,8.467042972488833e-17,2.3054697500244174e-16,2.305469750024418e-17,1e-15,1.0000000000000001e-16,,6.196427907221762e-16,2.2317767480395717e-15
0.004841723675840994,1e-15,4.978409572315877e-16,3.5202671681085762e-15,3.6584684660024536e-16,1.788854381999832e-18,8.144283945787715e-17,2.878959720350725e-17,3.8859189780185353e-17,4.589464102927889e-16,2.0653801558105294e-15,8.467042972488833e-17,2.2947320514639446e-16,2.294732051463945e-17,1e-15,1.0000000000000001e-16,,6.184832857658703e-16,2.219784934651644e-15
0.004869675251658631,1e-15,4.964101159070568e-16,3.510149592074799e-15,3.6584684660024536e-16,1.788854381999832e-18,8.106434687727523e-17,2.8706853217105564e-17,3.867859790595915e-17,4.568135301974241e-16,2.053525026457146e-15,8.467042972488833e-17,2.2840676509871203e-16,2.2840676509871206e-17,1e-15,1.0000000000000001e-16,,6.173282771458226e-16,2.2078645176295983e-15
0.004897788193684461,1e-15,4.949833869538891e-16,3.500061094897799e-15,3.6584684660024536e-16,1.788854381999832e-18,8.068844182330526e-17,2.8624347044634964e-17,3.8499240629999916e-17,4.546952313232834e-16,2.0417379446695295e-15,8.467042972488833e-17,2.273476156616417e-16,2.2734761566164174e-17,1e-15,1.0000000000000001e-16,,6.161777517660133e-16,2.196015099091117e-15
0.004926063433495771,1e-15,4.935607585527462e-16,3.4900015930022303e-15,3.6584684660024536e-16,1.788854381999832e-18,8.031511045375793e-17,2.8542078002596046e-17,3.832111134771182e-17,4.525914356667967e-16,2.0300185198596846e-15,8.467042972488833e-17,2.2629571783339834e-16,2.2629571783339833e-17,1e-15,1.0000000000000001e-16,,6.150316965549109e-16,2.1842362834684802e-15
0.004954501908047905,1e-15,4.921422189182586e-16,3.4799710030529507e-15,3.6584684660024536e-16,1.788854381999832e-18,7.994433899539745e-17,2.846004540945384e-17,3.8144203487408675e-17,4.505020656130724e-16,2.0183663636815598e-15,8.467042972488833e-17,2.2525103280653614e-16,2.2525103280653618e-17,1e-15,1.0000000000000001e-16,,6.13890098465384e-16,2.172527677494977e-15
0.004983104559705293,1e-15,4.907277562989308e-16,3.4699692419543347e-15,3.6584684660024536e-16,1.788854381999832e-18,7.957611374338681e-17,2.837824858563221e-17,3.79685105100397e-17,4.4842704393266e-16,2.00678109001819e-15,8.467042972488833e-17,2.2421352196633e-16,2.2421352196633e-17,1e-15,1.0000000000000001e-16,,6.127529444746179e-16,2.1608888901913983e-15
0.005011872336272725,1e-15,4.8931735897704e-16,3.4599962268495717e-15,3.6584684660024536e-16,1.788854381999832e-18,7.921042106071575e-17,2.8296686853508086e-17,3.779402590891661e-17,4.46366293778326e-16,1.9952623149688794e-15,8.467042972488833e-17,2.2318314688916295e-16,2.2318314688916298e-17,1e-15,1.0000000000000001e-16,,6.116202215840271e-16,2.149319532852569e-15
0.0050408061910266954,1e-15,4.879110152685432e-16,3.4500518751200005e-15,3.6584684660024536e-16,1.788854381999832e-18,7.884724737763292e-17,2.821535953740606e-17,3.762074320944266e-17,4.443197386818539e-16,1.9838096568365055e-15,8.467042972488833e-17,2.2215986934092695e-16,2.2215986934092694e-17,1e-15,1.0000000000000001e-16,,6.104919168191739e-16,2.1378192190339963e-15
0.005069907082747045,1e-15,4.865087135229773e-16,3.4401361043844063e-15,3.6584684660024536e-16,1.788854381999832e-18,7.848657919108001e-17,2.8134265963592607e-17,3.7448655968842657e-17,4.422873025508557e-16,1.9724227361148534e-15,8.467042972488833e-17,2.2114365127542786e-16,2.2114365127542788e-17,1e-15,1.0000000000000001e-16,,6.093680172296836e-16,2.1263875645385446e-15
0.0050991759757487015,1e-15,4.85110442123364e-16,3.430248832498349e-15,3.6584684660024536e-16,1.788854381999832e-18,7.812840306412989e-17,2.805340546027061e-17,3.727775777589489e-17,4.4026890966560586e-16,1.9611011754760476e-15,8.467042972488833e-17,2.2013445483280288e-16,2.2013445483280292e-17,1e-15,1.0000000000000001e-16,,6.082485098891632e-16,2.1150241874032062e-15
0.005128613839913648,1e-15,4.837161894861133e-16,3.420389977553477e-15,3.6584684660024536e-16,1.788854381999832e-18,7.777270562542778e-17,2.7972777357573746e-17,3.710804225066445e-17,4.382644846758913e-16,1.949844599758046e-15,8.467042972488833e-17,2.1913224233794562e-16,2.1913224233794567e-17,1e-15,1.0000000000000001e-16,,6.071333818951197e-16,2.1037287078859275e-15
0.005158221650723061,1e-15,4.823259440609272e-16,3.4105594578768503e-15,3.6584684660024536e-16,1.788854381999832e-18,7.741947356863539e-17,2.7892380987560927e-17,3.6939503044238084e-17,4.3627395259788025e-16,1.9386526359522056e-15,8.467042972488833e-17,2.181369762989401e-16,2.1813697629894012e-17,1e-15,1.0000000000000001e-16,,6.060226203688798e-16,2.092500748452508e-15
0.005188000389289609,1e-15,4.809396943307055e-16,3.400757192030272e-15,3.6584684660024536e-16,1.788854381999832e-18,7.706869365187913e-17,2.781221568421087e-17,3.6772133838460836e-17,4.3429723881101196e-16,1.927524913190937e-15,8.467042972488833e-17,2.1714861940550598e-16,2.17148619405506e-17,1e-15,1.0000000000000001e-16,,6.049162124555111e-16,2.0813399337635773e-15
0.005217951042390026,1e-15,4.795574288114472e-16,3.390983098809593e-15,3.6584684660024536e-16,1.788854381999832e-18,7.672035269720036e-17,2.773228078341637e-17,3.660592834567378e-17,4.323342690548989e-16,1.9164610627353852e-15,8.467042972488833e-17,2.1616713452744943e-16,2.1616713452744947e-17,1e-15,1.0000000000000001e-16,,6.038141453237411e-16,2.0702458906616023e-15
0.005248074602497723,1e-15,4.781791360521597e-16,3.3812370972440677e-15,3.6584684660024536e-16,1.788854381999832e-18,7.637443759001073e-17,2.765257562297908e-17,3.644088030845416e-17,4.3038496942625766e-16,1.9054607179632486e-15,8.467042972488833e-17,2.1519248471312883e-16,2.1519248471312886e-17,1e-15,1.0000000000000001e-16,,6.027164061658832e-16,2.0592182481580235e-15
0.005278372067815769,1e-15,4.768048046347593e-16,3.3715191065956528e-15,3.6584684660024536e-16,1.788854381999832e-18,7.603093527854892e-17,2.757309954260372e-17,3.627698349935617e-17,4.284492663758476e-16,1.8945235143565917e-15,8.467042972488833e-17,2.142246331879238e-16,2.1422463318792382e-17,1e-15,1.0000000000000001e-16,,6.016229821977554e-16,2.0482566374203843e-15
0.005308844442309885,1e-15,4.75434423173981e-16,3.361829046358366e-15,3.6584684660024536e-16,1.788854381999832e-18,7.56898327733429e-17,2.7493851883892894e-17,3.6114231720654334e-17,4.2652708670544025e-16,1.8836490894898e-15,8.467042972488833e-17,2.1326354335272012e-16,2.1326354335272015e-17,1e-15,1.0000000000000001e-16,,6.005338606586084e-16,2.0373606917595948e-15
0.0053394927357417665,1e-15,4.740679803172808e-16,3.3521668362576005e-15,3.6584684660024536e-16,1.788854381999832e-18,7.535111714667383e-17,2.7414831990341418e-17,3.595261880408779e-17,4.246183575647987e-16,1.8728370830175484e-15,8.467042972488833e-17,2.1230917878239932e-16,2.1230917878239933e-17,1e-15,1.0000000000000001e-16,,5.994490288110474e-16,2.0265300466172084e-15
0.005370317963702527,1e-15,4.727054647447437e-16,3.342532396249467e-15,3.6584684660024536e-16,1.788854381999832e-18,7.501477553204458e-17,2.7336039207330988e-17,3.579213861060667e-17,4.227230064486823e-16,1.8620871366628675e-15,8.467042972488833e-17,2.1136150322434113e-16,2.1136150322434116e-17,1e-15,1.0000000000000001e-16,,5.983684739409591e-16,2.015764339552793e-15
0.005401321147646348,1e-15,4.713468651689885e-16,3.332925646520131e-15,3.6584684660024536e-16,1.788854381999832e-18,7.468079512365142e-17,2.725747288212474e-17,3.563278503012001e-17,4.2084096119386976e-16,1.8513988942052722e-15,8.467042972488833e-17,2.1042048059693488e-16,2.104204805969349e-17,1e-15,1.0000000000000001e-16,,5.972921833574384e-16,2.005063210231357e-15
0.005432503314924336,1e-15,4.699921703350754e-16,3.3233465074851474e-15,3.6584684660024536e-16,1.788854381999832e-18,7.434916317585926e-17,2.7179132363861822e-17,3.5474551981245365e-17,4.1897214997620173e-16,1.8407720014689546e-15,8.467042972488833e-17,2.0948607498810084e-16,2.0948607498810088e-17,1e-15,1.0000000000000001e-16,,5.962201443927154e-16,1.9944263004108346e-15
0.0054638654988185395,1e-15,4.686413690204129e-16,3.3137948997888117e-15,3.6584684660024536e-16,1.788854381999832e-18,7.401986700268077e-17,2.710101700355206e-17,3.5317433411060316e-17,4.171165013076457e-16,1.830206106311057e-15,8.467042972488833e-17,2.0855825065382286e-16,2.0855825065382288e-17,1e-15,1.0000000000000001e-16,,5.951523444020843e-16,1.9838532539296565e-15
0.005495408738576248,1e-15,4.672944500346627e-16,3.3042707443034834e-15,3.6584684660024536e-16,1.788854381999832e-18,7.36928939772583e-17,2.7023126154070453e-17,3.516142329485526e-17,4.15273944033377e-16,1.8197008586099827e-15,8.467042972488833e-17,2.0763697201668848e-16,2.076369720166885e-17,1e-15,1.0000000000000001e-16,,5.940887707638313e-16,1.973343716694339e-15
0.005527134079444346,1e-15,4.659514022196506e-16,3.294773962128955e-15,3.6584684660024536e-16,1.788854381999832e-18,7.336823153135108e-17,2.694545917015201e-17,3.5006515635888714e-17,4.1344440732888805e-16,1.809255910253822e-15,8.467042972488833e-17,2.06722203664444e-16,2.06722203664444e-17,1e-15,1.0000000000000001e-16,,5.930294108791674e-16,1.9628973366671977e-15
0.005559042572704037,1e-15,4.6461221444927e-16,3.2853044745917727e-15,3.6584684660024536e-16,1.788854381999832e-18,7.304586715482414e-17,2.6868015408386172e-17,3.485270446514349e-17,4.116278206971089e-16,1.7988709151287877e-15,8.467042972488833e-17,2.0581391034855442e-16,2.0581391034855443e-17,1e-15,1.0000000000000001e-16,,5.91974252172156e-16,1.9525137638540584e-15
0.005591135275705602,1e-15,4.632768756293935e-16,3.2758622032446097e-15,3.6584684660024536e-16,1.788854381999832e-18,7.272578839514291e-17,2.67907942272117e-17,3.469998384108554e-17,4.098241139655595e-16,1.7885455291077714e-15,8.467042972488833e-17,2.0491205698277976e-16,2.049120569827798e-17,1e-15,1.0000000000000001e-16,,5.909232820896473e-16,1.9421926502920872e-15
0.005623413251903491,1e-15,4.619453746977782e-16,3.2664470698655956e-15,3.6584684660024536e-16,1.788854381999832e-18,7.240798285687006e-17,2.6713794986911215e-17,3.454834784942384e-17,4.0803321728351375e-16,1.7782794100389227e-15,8.467042972488833e-17,2.0401660864175687e-16,2.040166086417569e-17,1e-15,1.0000000000000001e-16,,5.8987648810121e-16,1.931933650037639e-15
0.005655877570891539,1e-15,4.606177006239756e-16,3.2570589964576815e-15,3.6584684660024536e-16,1.788854381999832e-18,7.209243820116717e-17,2.663701704960595e-17,3.4397790602872734e-17,4.0625506111919175e-16,1.7680722177343196e-15,8.467042972488833e-17,2.0312753055959587e-16,2.0312753055959588e-17,1e-15,1.0000000000000001e-16,,5.888338576990651e-16,1.9217364191541914e-15
0.005688529308438413,1e-15,4.592938424092393e-16,3.2476979052479866e-15,3.6584684660024536e-16,1.788854381999832e-18,7.177914214529987e-17,2.6560459779250474e-17,3.42483062409157e-17,4.044895762569706e-16,1.7579236139586933e-15,8.467042972488833e-17,2.0224478812848532e-16,2.0224478812848533e-17,1e-15,1.0000000000000001e-16,,5.877953783980202e-16,1.91160061570033e-15
0.005721369546523267,1e-15,4.579737890864346e-16,3.238363718687156e-15,3.6584684660024536e-16,1.788854381999832e-18,7.146808246214691e-17,2.6484122541627372e-17,3.409988892957113e-17,4.0273669379461863e-16,1.7478332624182177e-15,8.467042972488833e-17,2.0136834689730931e-16,2.013683468973093e-17,1e-15,1.0000000000000001e-16,,5.867610377354052e-16,1.9015258997177924e-15
0.005754399373371567,1e-15,4.566575297199479e-16,3.2290563594487258e-15,3.6584684660024536e-16,1.788854381999832e-18,7.115924697971346e-17,2.640800470434211e-17,3.3952532861160184e-17,4.0099634514055216e-16,1.7378008287493764e-15,8.467042972488833e-17,2.0049817257027603e-16,2.0049817257027605e-17,1e-15,1.0000000000000001e-16,,5.857308232710083e-16,1.891511933219587e-15
0.005787619883491209,1e-15,4.553450534055943e-16,3.219775750428464e-15,3.6584684660024536e-16,1.788854381999832e-18,7.085262358064768e-17,2.6332105636817602e-17,3.3806232254076053e-17,3.992684620111114e-16,1.7278259805078626e-15,8.467042972488833e-17,1.9963423100555568e-16,1.996342310055557e-17,1e-15,1.0000000000000001e-16,,5.847047225870127e-16,1.8815583801781375e-15
0.005821032177708716,1e-15,4.540363492705298e-16,3.2105218147437535e-15,3.6584684660024536e-16,1.788854381999832e-18,7.054820020176249e-17,2.62564247102892e-17,3.3660981352555816e-17,3.97552976427866e-16,1.7179083871575877e-15,8.467042972488833e-17,1.9877648821393299e-16,1.9877648821393302e-17,1e-15,1.0000000000000001e-16,,5.836827232879358e-16,1.8716649065135334e-15
0.005854637363205773,1e-15,4.527314064731593e-16,3.2012944757329413e-15,3.6584684660024536e-16,1.788854381999832e-18,7.024596483356022e-17,2.6180961297799338e-17,3.35167744264536e-17,3.958498207149356e-16,1.708047720059708e-15,8.467042972488833e-17,1.979249103574678e-16,1.9792491035746782e-17,1e-15,1.0000000000000001e-16,,5.826648130005667e-16,1.8618311800817926e-15
0.00588843655355589,1e-15,4.514302142030474e-16,3.1920936569547057e-15,3.6584684660024536e-16,1.788854381999832e-18,6.994590551976208e-17,2.6105714774192382e-17,3.337360577101613e-17,3.9415892749633907e-16,1.6982436524617445e-15,8.467042972488833e-17,1.970794637481695e-16,1.9707946374816953e-17,1e-15,1.0000000000000001e-16,,5.816509793739062e-16,1.852056870663212e-15
0.005922430868761306,1e-15,4.501327616808294e-16,3.182919282187426e-15,3.6584684660024536e-16,1.788854381999832e-18,6.964801035684163e-17,2.603068451610947e-17,3.3231469706660076e-17,3.924802296933648e-16,1.6884958594867534e-15,8.467042972488833e-17,1.962401148466824e-16,1.962401148466824e-17,1e-15,1.0000000000000001e-16,,5.806412100791081e-16,1.8423416499507676e-15
0.005956621435290109,1e-15,4.488390381581209e-16,3.1737712754285484e-15,3.6584684660024536e-16,1.788854381999832e-18,6.935226749356236e-17,2.5955869901983304e-17,3.309036057875143e-17,3.908136605219653e-16,1.678804018122559e-15,8.467042972488833e-17,1.9540683026098266e-16,1.9540683026098268e-17,1e-15,1.0000000000000001e-16,,5.796354928094201e-16,1.832685191538565e-15
0.005991009386113536,1e-15,4.475490329174302e-16,3.1646495608939624e-15,3.6584684660024536e-16,1.788854381999832e-18,6.905866513051974e-17,2.588127031203309e-17,3.295027275738704e-17,3.8915915349017673e-16,1.6691678072110583e-15,8.467042972488833e-17,1.9457957674508834e-16,1.9457957674508837e-17,1e-15,1.0000000000000001e-16,,5.786338152801261e-16,1.823087170910363e-15
0.0060255958607435805,1e-15,4.462627352720673e-16,3.1555540630173585e-15,3.6584684660024536e-16,1.788854381999832e-18,6.876719151968684e-17,2.5806885128259243e-17,3.281120063717775e-17,3.8751664239555767e-16,1.65958690743756e-15,8.467042972488833e-17,1.9375832119777884e-16,1.9375832119777886e-17,1e-15,1.0000000000000001e-16,,5.776361652284887e-16,1.8135472654281268e-15
0.00606038200527066,1e-15,4.449801345660583e-16,3.146484706449623e-15,3.6584684660024536e-16,1.788854381999832e-18,6.847783496396556e-17,2.5732713734438482e-17,3.2673138637034334e-17,3.8588606132266115e-16,1.6500610013202288e-15,8.467042972488833e-17,1.9294303066133058e-16,1.929430306613306e-17,1e-15,1.0000000000000001e-16,,5.766425304136952e-16,1.804065154320673e-15
0.006095368972401693,1e-15,4.4370122017405434e-16,3.137441416058192e-15,3.6584684660024536e-16,1.788854381999832e-18,6.819058381674063e-17,2.5658755516118496e-17,3.2536081199954643e-17,3.842673446405205e-16,1.640589773199539e-15,8.467042972488833e-17,1.9213367232026027e-16,1.9213367232026027e-17,1e-15,1.0000000000000001e-16,,5.756528986168002e-16,1.7946405186723307e-15
0.0061305579214982085,1e-15,4.4242598150124565e-16,3.1284241169264485e-15,3.6584684660024536e-16,1.788854381999832e-18,6.790542648143951e-17,2.558500986061306e-17,3.2400022792813646e-17,3.826604270001699e-16,1.631172909227838e-15,8.467042972488833e-17,1.9133021350008495e-16,1.9133021350008495e-17,1e-15,1.0000000000000001e-16,,5.746672576406731e-16,1.7852730414116995e-15
0.006165950018614822,1e-15,4.4115440798327244e-16,3.1194327343530873e-15,3.6584684660024536e-16,1.788854381999832e-18,6.762235141109553e-17,2.5511476156996812e-17,3.226495790615501e-17,3.810652433321822e-16,1.6218100973589298e-15,8.467042972488833e-17,1.905326216660911e-16,1.9053262166609112e-17,1e-15,1.0000000000000001e-16,,5.736855953099433e-16,1.7759624073004227e-15
0.006201546436537854,1e-15,4.39886489086138e-16,3.110467193851504e-15,3.6584684660024536e-16,1.788854381999832e-18,6.734134710791624e-17,2.5438153796100267e-17,3.2130881053985087e-17,3.7948172884423687e-16,1.6125010273377417e-15,8.467042972488833e-17,1.897408644221184e-16,1.8974086442211843e-17,1e-15,1.0000000000000001e-16,,5.727078994709489e-16,1.7667083029220445e-15
0.006237348354824191,1e-15,4.386222143061213e-16,3.101527421149175e-15,3.6584684660024536e-16,1.788854381999832e-18,6.706240212285598e-17,2.5365042170504746e-17,3.199778677356901e-17,3.7790981901871067e-16,1.6032453906900419e-15,8.467042972488833e-17,1.889549095093553e-16,1.8895490950935532e-17,1e-15,1.0000000000000001e-16,,5.717341579916841e-16,1.7575104166709046e-15
0.006273356959840385,1e-15,4.3736157316968984e-16,3.092613342187041e-15,3.6584684660024536e-16,1.788854381999832e-18,6.67855050551929e-17,2.529214067453733e-17,3.1865669625228895e-17,3.7634944961029516e-16,1.5940428807122168e-15,8.467042972488833e-17,1.8817472480514756e-16,1.881747248051476e-17,1e-15,1.0000000000000001e-16,,5.707643587617485e-16,1.748368438741094e-15
0.006309573444801929,1e-15,4.3610455523341383e-16,3.083724883118902e-15,3.6584684660024536e-16,1.788854381999832e-18,6.651064455211117e-17,2.5219448704265916e-17,3.173452419214445e-17,3.7480055664364124e-16,1.5848931924611143e-15,8.467042972488833e-17,1.874002783218206e-16,1.8740027832182063e-17,1e-15,1.0000000000000001e-16,,5.697984896922984e-16,1.7392820611154686e-15
0.006345999009812872,1e-15,4.3485115008387736e-16,3.074861970310788e-15,3.6584684660024536e-16,1.788854381999832e-18,6.623780930828665e-17,2.514696565749407e-17,3.1604345080155323e-17,3.73263076411025e-16,1.5757960227439237e-15,8.467042972488833e-17,1.8663153820551253e-16,1.8663153820551254e-17,1e-15,1.0000000000000001e-16,,5.688365387159948e-16,1.7302509775546938e-15
0.006382634861905483,1e-15,4.3360134733759537e-16,3.0660245303403726e-15,3.6584684660024536e-16,1.788854381999832e-18,6.596698806547878e-17,2.507469093375623e-17,3.1475126917566335e-17,3.7173694547004786e-16,1.5667510701081503e-15,8.467042972488833e-17,1.8586847273502393e-16,1.8586847273502397e-17,1e-15,1.0000000000000001e-16,,5.678784937869587e-16,1.7212748835863794e-15
0.0064194822150803596,1e-15,4.323551366409242e-16,3.0572124899963387e-15,3.6584684660024536e-16,1.788854381999832e-18,6.569816961212552e-17,2.500262393431252e-17,3.134686435495427e-17,3.702221006413536e-16,1.5577580348316021e-15,8.467042972488833e-17,1.8511105032067684e-16,1.8511105032067685e-17,1e-15,1.0000000000000001e-16,,5.669243428807202e-16,1.7123534764942223e-15
0.006456542290346556,1e-15,4.3111250766997902e-16,3.0484257762777966e-15,3.6584684660024536e-16,1.788854381999832e-18,6.543134278294458e-17,2.493076406214399e-17,3.121955206497756e-17,3.687184790063818e-16,1.5488166189124815e-15,8.467042972488833e-17,1.8435923950319087e-16,1.843592395031909e-17,1e-15,1.0000000000000001e-16,,5.659740739941747e-16,1.7034864553072458e-15
0.006493816315762113,1e-15,4.29873450130546e-16,3.0396643163936626e-15,3.6584684660024536e-16,1.788854381999832e-18,6.516649645853816e-17,2.485911072194753e-17,3.109318474218774e-17,3.6722601790514006e-16,1.539926526059492e-15,8.467042972488833e-17,1.8361300895257e-16,1.8361300895257002e-17,1e-15,1.0000000000000001e-16,,5.650276751455353e-16,1.6946735207890523e-15
0.006531305526474723,1e-15,4.2863795375799804e-16,3.0309280377620617e-15,3.6584684660024536e-16,1.788854381999832e-18,6.490361956500338e-17,2.4787663320131e-17,3.09677571028435e-17,3.657446549340085e-16,1.5310874616820306e-15,8.467042972488833e-17,1.8287232746700424e-16,1.8287232746700424e-17,1e-15,1.0000000000000001e-16,,5.640851343742886e-16,1.685914375427153e-15
0.0065690111647626614,1e-15,4.2740600831720937e-16,3.0222168680097266e-15,3.6584684660024536e-16,1.788854381999832e-18,6.464270107354702e-17,2.4716421264808292e-17,3.0843263884726926e-17,3.642743279435695e-16,1.5222991328804203e-15,8.467042972488833e-17,1.8213716397178475e-16,1.8213716397178476e-17,1e-15,1.0000000000000001e-16,,5.631464397411506e-16,1.6772087234223347e-15
0.006606934480075964,1e-15,4.2617760360247097e-16,3.0135307349713964e-15,3.6584684660024536e-16,1.788854381999832e-18,6.438373000010544e-17,2.464538396579443e-17,3.071969984696214e-17,3.6281497503646516e-16,1.5135612484362074e-15,8.467042972488833e-17,1.8140748751823255e-16,1.814074875182326e-17,1e-15,1.0000000000000001e-16,,5.622115793280229e-16,1.6685562706780844e-15
0.006645076729077792,1e-15,4.2495272943740667e-16,3.0048695666892245e-15,3.6584684660024536e-16,1.788854381999832e-18,6.412669540496947e-17,2.457455083460073e-17,3.0597059769836297e-17,3.613665345652839e-16,1.5048735188025148e-15,8.467042972488833e-17,1.8068326728264191e-16,1.8068326728264195e-17,1e-15,1.0000000000000001e-16,,5.612805412379514e-16,1.6599567247900654e-15
0.006683439175686149,1e-15,4.2373137567488666e-16,2.9962332914121687e-15,3.6584684660024536e-16,1.788854381999832e-18,6.38715863924137e-17,2.4503921284429788e-17,3.047533845462272e-17,3.5992894513047084e-16,1.496235656094433e-15,8.467042972488833e-17,1.7996447256523542e-16,1.7996447256523543e-17,1e-15,1.0000000000000001e-16,,5.603533135950825e-16,1.6514097950356251e-15
0.006722023091115669,1e-15,4.2251353219694655e-16,2.9876218375954158e-15,3.6584684660024536e-16,1.788854381999832e-18,6.361839211033167e-17,2.4433494730170802e-17,3.0354530723406873e-17,3.5850214557827327e-16,1.4876473740795018e-15,8.467042972488833e-17,1.7925107278913663e-16,1.7925107278913666e-17,1e-15,1.0000000000000001e-16,,5.594298845446254e-16,1.642915192363389e-15
0.006760829753919818,1e-15,4.2129918891470095e-16,2.9790351338997738e-15,3.6584684660024536e-16,1.788854381999832e-18,6.336710174987526e-17,2.4363270588394592e-17,3.023463141891421e-17,3.5708607499870683e-16,1.4791083881682074e-15,8.467042972488833e-17,1.7854303749935341e-16,1.7854303749935343e-17,1e-15,1.0000000000000001e-16,,5.585102422528093e-16,1.6344726293828631e-15
0.006799860450033224,1e-15,4.200883357682611e-16,2.9704731091910868e-15,3.6584684660024536e-16,1.788854381999832e-18,6.311770454509946e-17,2.42932482773488e-17,3.011563540434079e-17,3.556806727235552e-16,1.4706184154045603e-15,8.467042972488833e-17,1.778403363617776e-16,1.7784033636177763e-17,1e-15,1.0000000000000001e-16,,5.575943749068453e-16,1.6260818203541132e-15
0.006839116472814293,1e-15,4.188809627266512e-16,2.9619356925396455e-15,3.6584684660024536e-16,1.788854381999832e-18,6.287018977261232e-17,2.42234272169531e-17,2.9997537563186175e-17,3.542858783243968e-16,1.4621771744567183e-15,8.467042972488833e-17,1.7714293916219838e-16,1.771429391621984e-17,1e-15,1.0000000000000001e-16,,5.566822707148887e-16,1.6177424811774819e-15
0.006878599123088081,1e-15,4.1767705978772557e-16,2.953422813219598e-15,3.6584684660024536e-16,1.788854381999832e-18,6.26245467512298e-17,2.4153806828794346e-17,2.9880332799088785e-17,3.5290163161065964e-16,1.4537843856076609e-15,8.467042972488833e-17,1.7645081580532982e-16,1.7645081580532983e-17,1e-15,1.0000000000000001e-16,,5.557739179060002e-16,1.6094543293833545e-15
0.006918309709189363,1e-15,4.16476616978086e-16,2.94493440070837e-15,3.6584684660024536e-16,1.788854381999832e-18,6.238076484163599e-17,2.4084386536121857e-17,2.9764016035663786e-17,3.515278726277073e-16,1.4454397707459283e-15,8.467042972488833e-17,1.7576393631385366e-16,1.7576393631385367e-17,1e-15,1.0000000000000001e-16,,5.548693047301105e-16,1.6012170841219816e-15
0.0069582495470060565,1e-15,4.1527962435299757e-16,2.936470384686067e-15,3.6584684660024536e-16,1.788854381999832e-18,6.213883344604797e-17,2.40151657638425e-17,2.964858221634316e-17,3.501645416549498e-16,1.4371430533563901e-15,8.467042972488833e-17,1.750822708274749e-16,1.7508227082747492e-17,1e-15,1.0000000000000001e-16,,5.539684194579823e-16,1.5930304661533258e-15
0.006998419960022731,1e-15,4.1408607199630906e-16,2.928030695034911e-15,3.6584684660024536e-16,1.788854381999832e-18,6.189874200788687e-17,2.3946143938516113e-17,2.953402630421874e-17,3.4881157920398985e-16,1.4288939585111036e-15,8.467042972488833e-17,1.744057896019949e-16,1.7440578960199492e-17,1e-15,1.0000000000000001e-16,,5.530712503811783e-16,1.5848941978369941e-15
0.007038822279364571,1e-15,4.128959500203675e-16,2.9196152618386363e-15,3.6584684660024536e-16,1.788854381999832e-18,6.166048001145279e-17,2.3877320488350563e-17,2.942034328188715e-17,3.474689260167913e-16,1.4206922128601819e-15,8.467042972488833e-17,1.7373446300839566e-16,1.7373446300839566e-17,1e-15,1.0000000000000001e-16,,5.521777858120234e-16,1.5768080031221744e-15
0.00707945784384138,1e-15,4.117092485659394e-16,2.911224015381936e-15,3.6584684660024536e-16,1.788854381999832e-18,6.142403698160635e-17,2.3808694843197168e-17,2.930752815129784e-17,3.461365230638847e-16,1.412537544622754e-15,8.467042972488833e-17,1.7306826153194235e-16,1.7306826153194237e-17,1e-15,1.0000000000000001e-16,,5.512880140835736e-16,1.5687716075376568e-15
0.007120327999992026,1e-15,4.105259578021269e-16,2.902856886149864e-15,3.6584684660024536e-16,1.788854381999832e-18,6.118940248345436e-17,2.374026643454588e-17,2.9195575933603095e-17,3.448143115425956e-16,1.4044296835779473e-15,8.467042972488833e-17,1.724071557712978e-16,1.724071557712978e-17,1e-15,1.0000000000000001e-16,,5.504019235495824e-16,1.5607847381818742e-15
0.00716143410212902,1e-15,4.0934606792628717e-16,2.8945138048272677e-15,3.6584684660024536e-16,1.788854381999832e-18,6.095656612204151e-17,2.3672034695520597e-17,2.908448166901093e-17,3.435022328753073e-16,1.396368361055938e-15,8.467042972488833e-17,1.7175111643765364e-16,1.7175111643765364e-17,1e-15,1.0000000000000001e-16,,5.495195025844688e-16,1.552847123713004e-15
0.007202777512383406,1e-15,4.081695691639511e-16,2.8861947022982137e-15,3.6584684660024536e-16,1.788854381999832e-18,6.0725517542047e-17,2.3603999060874483e-17,2.8974240416640394e-17,3.4220022870775155e-16,1.3883533099290459e-15,8.467042972488833e-17,1.7110011435387577e-16,1.711001143538758e-17,1e-15,1.0000000000000001e-16,,5.486407395832857e-16,1.5449584943391087e-15
0.007244359600749906,1e-15,4.0699645176874217e-16,2.877899509645412e-15,3.6584684660024536e-16,1.788854381999832e-18,6.049624642748661e-17,2.3536158966985256e-17,2.886484725437934e-17,3.4090824090732945e-16,1.3803842646028839e-15,8.467042972488833e-17,1.7045412045366472e-16,1.7045412045366473e-17,1e-15,1.0000000000000001e-16,,5.477656229616904e-16,1.537118581808327e-15
0.007286181745132274,1e-15,4.0582670602229656e-16,2.8696281581496538e-15,3.6584684660024536e-16,1.788854381999832e-18,6.026874250142034e-17,2.3468513851850585e-17,2.875629727874497e-17,3.3962621156146373e-16,1.3724609610075628e-15,8.467042972488833e-17,1.6981310578073184e-16,1.6981310578073187e-17,1e-15,1.0000000000000001e-16,,5.468941411559147e-16,1.5293271193991135e-15
0.007328245331389044,1e-15,4.046603222341806e-16,2.8613805792892255e-15,3.6584684660024536e-16,1.788854381999832e-18,6.004299552566464e-17,2.3401063155083308e-17,2.8648585604746535e-17,3.383540829759775e-16,1.3645831365889238e-15,8.467042972488833e-17,1.6917704148798872e-16,1.6917704148798874e-17,1e-15,1.0000000000000001e-16,,5.460262826227347e-16,1.5215838419105017e-15
0.007370551753379339,1e-15,4.034972907418134e-16,2.853156704739362e-15,3.6584684660024536e-16,1.788854381999832e-18,5.981899530051125e-17,2.3333806317906953e-17,2.8541707365751175e-17,3.3709179767350965e-16,1.356750530299863e-15,8.467042972488833e-17,1.685458988367548e-16,1.685458988367548e-17,1e-15,1.0000000000000001e-16,,5.451620358394452e-16,1.513888485652452e-15
0.007413102413009177,1e-15,4.023376019103837e-16,2.8449564663716597e-15,3.6584684660024536e-16,1.788854381999832e-18,5.959673166445004e-17,2.326674278315094e-17,2.8435657713351665e-17,3.3583929839195307e-16,1.3489628825916536e-15,8.467042972488833e-17,1.6791964919597654e-16,1.6791964919597655e-17,1e-15,1.0000000000000001e-16,,5.443013893038297e-16,1.5062407884361965e-15
0.0074558987202778156,1e-15,4.011812461327729e-16,2.836779796253531e-15,3.6584684660024536e-16,1.788854381999832e-18,5.937619449389859e-17,2.3199871995246128e-17,2.833043181723742e-17,3.3459652808293087e-16,1.3412199354053711e-15,8.467042972488833e-17,1.6729826404146541e-16,1.6729826404146542e-17,1e-15,1.0000000000000001e-16,,5.434443315341359e-16,1.4986404895646753e-15
0.007498942093324558,1e-15,4.000282138294734e-16,2.828626626647629e-15,3.6584684660024536e-16,1.788854381999832e-18,5.915737370293604e-17,2.3133193400220077e-17,2.822602486506747e-17,3.3336342991029614e-16,1.3335214321633242e-15,8.467042972488833e-17,1.6668171495514807e-16,1.6668171495514808e-17,1e-15,1.0000000000000001e-16,,5.425908510690485e-16,1.4910873298229775e-15
0.0075422339584757065,1e-15,3.9887849544851013e-16,2.8204968900112895e-15,3.6584684660024536e-16,1.788854381999832e-18,5.894025924304314e-17,2.3066706445692546e-17,2.812243206234643e-17,3.3213994724866765e-16,1.3258671177605593e-15,8.467042972488833e-17,1.6606997362433383e-16,1.6606997362433383e-17,1e-15,1.0000000000000001e-16,,5.417409364676647e-16,1.4835810514688509e-15
0.007585775750291836,1e-15,3.977320814653614e-16,2.812390518995974e-15,3.6584684660024536e-16,1.788854381999832e-18,5.872484110284735e-17,2.3000410580870866e-17,2.801964863230293e-17,3.3092602368199315e-16,1.3182567385564075e-15,8.467042972488833e-17,1.6546301184099655e-16,1.6546301184099656e-17,1e-15,1.0000000000000001e-16,,5.408945763094699e-16,1.4761213982232458e-15
0.007629568911615336,1e-15,3.9658896238287964e-16,2.804307446446708e-15,3.6584684660024536e-16,1.788854381999832e-18,5.851110930787346e-17,2.29343052565454e-17,2.7917669815770564e-17,3.2972160300214396e-16,1.3106900423660759e-15,8.467042972488833e-17,1.6486080150107198e-16,1.64860801501072e-17,1e-15,1.0000000000000001e-16,,5.400517591943137e-16,1.468708115260902e-15
0.007673614893618186,1e-15,3.954491287312137e-16,2.796247605401532e-15,3.6584684660024536e-16,1.788854381999832e-18,5.829905392029989e-17,2.2868389925085035e-17,2.7816490871071636e-17,3.285266292075421e-16,1.3031667784523e-15,8.467042972488833e-17,1.6426331460377104e-16,1.6426331460377106e-17,1e-15,1.0000000000000001e-16,,5.392124737423878e-16,1.4613409492009879e-15
0.007717915155850128,1e-15,3.943125710677283e-16,2.788210929090931e-15,3.6584684660024536e-16,1.788854381999832e-18,5.80886650387198e-17,2.2802664040432516e-17,2.7716107073903196e-17,3.273410465018134e-16,1.2956866975170188e-15,8.467042972488833e-17,1.636705232509067e-16,1.636705232509067e-17,1e-15,1.0000000000000001e-16,,5.383767085942023e-16,1.4540196480977605e-15
0.007762471166286919,1e-15,3.931792799769286e-16,2.7801973509373038e-15,3.6584684660024536e-16,1.788854381999832e-18,5.787993279790857e-17,2.273712705810009e-17,2.7616513717226057e-17,3.261647992924779e-16,1.2882495516931338e-15,8.467042972488833e-17,1.6308239964623894e-16,1.6308239964623896e-17,1e-15,1.0000000000000001e-16,,5.375444524105664e-16,1.4467439614313027e-15
0.007807284401379069,1e-15,3.920492460703801e-16,2.7722068045543917e-15,3.6584684660024536e-16,1.788854381999832e-18,5.767284736859583e-17,2.2671778435164864e-17,2.751770611115607e-17,3.2499783218966483e-16,1.2808550945362785e-15,8.467042972488833e-17,1.6249891609483242e-16,1.6249891609483243e-17,1e-15,1.0000000000000001e-16,,5.367156938725662e-16,1.4395136400982673e-15
0.007852356346100719,1e-15,3.909224599866313e-16,2.764239223746738e-15,3.6584684660024536e-16,1.788854381999832e-18,5.74673989572435e-17,2.2606617630264368e-17,2.741967958285819e-17,3.238400900048621e-16,1.2735030810166616e-15,8.467042972488833e-17,1.6192004500243104e-16,1.6192004500243105e-17,1e-15,1.0000000000000001e-16,,5.358904216815447e-16,1.4323284364026886e-15
0.007897688493998856,1e-15,3.8979891239113704e-16,2.7562945425091394e-15,3.6584684660024536e-16,1.788854381999832e-18,5.726357780582917e-17,2.2541644103592065e-17,2.7322429476443102e-17,3.22691517749695e-16,1.2661932675109444e-15,8.467042972488833e-17,1.6134575887484747e-16,1.613457588748475e-17,1e-15,1.0000000000000001e-16,,5.350686245590838e-16,1.4251881040468236e-15
0.00794328234724282,1e-15,3.886785939761797e-16,2.7483726950260944e-15,3.6584684660024536e-16,1.788854381999832e-18,5.706137419163466e-17,2.2476857316892857e-17,2.7225951152866385e-17,3.215520606347353e-16,1.2589254117941665e-15,8.467042972488833e-17,1.6077603031736761e-16,1.6077603031736763e-17,1e-15,1.0000000000000001e-16,,5.342502912469842e-16,1.4180923981220384e-15
0.00798913941667404,1e-15,3.8756149546079402e-16,2.740473615671268e-15,3.6584684660024536e-16,1.788854381999832e-18,5.686077842704051e-17,2.241225673345868e-17,2.713023998983041e-17,3.20421664068343e-16,1.2516992730317257e-15,8.467042972488833e-17,1.6021083203417146e-16,1.6021083203417148e-17,1e-15,1.0000000000000001e-16,,5.334354105072488e-16,1.4110410750997427e-15
0.008035261221856178,1e-15,3.864476075906877e-16,2.7325972390069318e-15,3.6584684660024536e-16,1.788854381999832e-18,5.666178085932513e-17,2.2347841818123948e-17,2.703529138168854e-17,3.1930027365553443e-16,1.2445146117713843e-15,8.467042972488833e-17,1.5965013682776722e-16,1.5965013682776723e-17,1e-15,1.0000000000000001e-16,,5.326239711220643e-16,1.4040338928223465e-15
0.008081649291125368,1e-15,3.8533692113816756e-16,2.724743499783442e-15,3.6584684660024536e-16,1.788854381999832e-18,5.646437187047042e-17,2.228361203726128e-17,2.6941100739352367e-17,3.1818783519688696e-16,1.237371189935353e-15,8.467042972488833e-17,1.5909391759844345e-16,1.5909391759844348e-17,1e-15,1.0000000000000001e-16,,5.318159618937862e-16,1.3970706104942893e-15
0.008128305161640995,1e-15,3.842294269020604e-16,2.7169123329386774e-15,3.6584684660024536e-16,1.788854381999832e-18,5.626854187697155e-17,2.22195668587769e-17,2.684766349020094e-17,3.170842946874668e-16,1.2302687708123812e-15,8.467042972488833e-17,1.585421473437334e-16,1.5854214734373342e-17,1e-15,1.0000000000000001e-16,,5.310113716449215e-16,1.3901509886730732e-15
0.008175230379436502,1e-15,3.8312511570763897e-16,2.709103673597522e-15,3.6584684660024536e-16,1.788854381999832e-18,5.607428132965334e-17,2.215570575210639e-17,2.6754975077993194e-17,3.159895983157948e-16,1.2232071190499314e-15,8.467042972488833e-17,1.5799479915789737e-16,1.579947991578974e-17,1e-15,1.0000000000000001e-16,,5.3021018921811485e-16,1.3832747892603737e-15
0.008222426499470713,1e-15,3.820239784065447e-16,2.7013174570713097e-15,3.6584684660024536e-16,1.788854381999832e-18,5.588158071349102e-17,2.2092028188210186e-17,2.6663030962782386e-17,3.149036924628358e-16,1.2161860006463679e-15,8.467042972488833e-17,1.574518462314179e-16,1.5745184623141792e-17,1e-15,1.0000000000000001e-16,,5.294124034761334e-16,1.376441775493162e-15
0.008269895085679317,1e-15,3.809260058767123e-16,2.693553618857299e-15,3.6584684660024536e-16,1.788854381999832e-18,5.569043054743701e-17,2.2028533639569247e-17,2.6571826620833473e-17,3.1382652370102303e-16,1.2092051829432085e-15,8.467042972488833e-17,1.5691326185051151e-16,1.5691326185051153e-17,1e-15,1.0000000000000001e-16,,5.286180033018533e-16,1.3696517119348853e-15
0.008317637711026709,1e-15,3.798311890222939e-16,2.6858120946381335e-15,3.6584684660024536e-16,1.788854381999832e-18,5.5500821384252616e-17,2.1965221580180666e-17,2.648135754454279e-17,3.1275803879330924e-16,1.202264434617413e-15,8.467042972488833e-17,1.5637901939665462e-16,1.5637901939665463e-17,1e-15,1.0000000000000001e-16,,5.278269775982462e-16,1.3629043644666797e-15
0.008365655957558107,1e-15,3.787395187735842e-16,2.678092820281311e-15,3.6584684660024536e-16,1.788854381999832e-18,5.531274381034532e-17,2.1902091485553304e-17,2.6391619242360428e-17,3.116981846922501e-16,1.1953635256737179e-15,8.467042972488833e-17,1.5584909234612504e-16,1.5584909234612507e-17,1e-15,1.0000000000000001e-16,,5.270393152883674e-16,1.3561995002786272e-15
0.008413951416451947,1e-15,3.7765098608694546e-16,2.6703957318386566e-15,3.6584684660024536e-16,1.788854381999832e-18,5.512618844561126e-17,2.183914283270351e-17,2.6302607238715077e-17,3.106469085391165e-16,1.188502227437019e-15,8.467042972488833e-17,1.5532345426955824e-16,1.5532345426955825e-17,1e-15,1.0000000000000001e-16,,5.262550053153442e-16,1.3495368878610547e-15
0.008462525688072696,1e-15,3.765655819447311e-16,2.662720765545779e-15,3.6584684660024536e-16,1.788854381999832e-18,5.4941145943282765e-17,2.1776375100150655e-17,2.621431707394126e-17,3.096041576630351e-16,1.1816803125447833e-15,8.467042972488833e-17,1.5480207883151752e-16,1.5480207883151754e-17,1e-15,1.0000000000000001e-16,,5.254740366423634e-16,1.3429162969958591e-15
0.008511380382023759,1e-15,3.7548329735521344e-16,2.6550678578215625e-15,3.6584684660024536e-16,1.788854381999832e-18,5.4757606989781586e-17,2.1713787767912976e-17,2.6126744304209332e-17,3.0856987958016164e-16,1.1748975549395305e-15,8.467042972488833e-17,1.5428493979008082e-16,1.5428493979008082e-17,1e-15,1.0000000000000001e-16,,5.246963982526629e-16,1.336337498747899e-15
0.008560517117200949,1e-15,3.7440412335250653e-16,2.64743694526762e-15,3.6584684660024536e-16,1.788854381999832e-18,5.457556230457675e-17,2.1651380317503115e-17,2.6039884501457644e-17,3.0754402199287986e-16,1.1681537298613241e-15,8.467042972488833e-17,1.537720109964399e-16,1.537720109964399e-17,1e-15,1.0000000000000001e-16,,5.239220791495197e-16,1.3298002654563923e-15
0.008609937521846007,1e-15,3.7332805099649437e-16,2.639827964667784e-15,3.6584684660024536e-16,1.788854381999832e-18,5.4395002640048264e-17,2.1589152231923958e-17,2.5953733253327502e-17,3.06526532789033e-16,1.1614486138403427e-15,8.467042972488833e-17,1.532632663945165e-16,1.5326326639451652e-17,1e-15,1.0000000000000001e-16,,5.231510683562424e-16,1.3233043707263897e-15
0.008659643233600653,1e-15,3.722550713727551e-16,2.632240852987574e-15,3.6584684660024536e-16,1.788854381999832e-18,5.421591878135527e-17,2.1527102995664242e-17,2.586828616310027e-17,3.055173600411816e-16,1.1547819846894584e-15,8.467042972488833e-17,1.5275868002059078e-16,1.527586800205908e-17,1e-15,1.0000000000000001e-16,,5.223833549161615e-16,1.3168495894202539e-15
0.008709635899560805,1e-15,3.7118517559248774e-16,2.6246755473736745e-15,3.6584684660024536e-16,1.788854381999832e-18,5.403830154630982e-17,2.1465232094694356e-17,2.5783538849637154e-17,3.0451645200589137e-16,1.148153621496883e-15,8.467042972488833e-17,1.5225822600294568e-16,1.5225822600294568e-17,1e-15,1.0000000000000001e-16,,5.216189278926222e-16,1.3104356976492018e-15
0.00875991717633117,1e-15,3.701183547924387e-16,2.6171319851534193e-15,3.6584684660024536e-16,1.788854381999832e-18,5.386214178525545e-17,2.1403539016462045e-17,2.5699486947321246e-17,3.035237571230496e-16,1.141563304618846e-15,8.467042972488833e-17,1.517618785615248e-16,1.517618785615248e-17,1e-15,1.0000000000000001e-16,,5.208577763689761e-16,1.3040624727648757e-15
0.008810488730080146,1e-15,3.6905460013482793e-16,2.6096101038342657e-15,3.6584684660024536e-16,1.788854381999832e-18,5.3687430380950956e-17,2.134202324988818e-17,2.561612610600207e-17,3.025392240152098e-16,1.1350108156723145e-15,8.467042972488833e-17,1.512696120076049e-16,1.512696120076049e-17,1e-15,1.0000000000000001e-16,,5.20099889448575e-16,1.297729693350955e-15
0.008861352236594995,1e-15,3.6799390280727673e-16,2.6021098411032867e-15,3.6584684660024536e-16,1.788854381999832e-18,5.3514158248459095e-17,2.1280684285362547e-17,2.55334519909425e-17,3.0156280148696475e-16,1.1284959375277622e-15,8.467042972488833e-17,1.5078140074348235e-16,1.5078140074348238e-17,1e-15,1.0000000000000001e-16,,5.193452562547656e-16,1.291437139214812e-15
0.008912509381337459,1e-15,3.6693625402273287e-16,2.5946311348266402e-15,3.6584684660024536e-16,1.788854381999832e-18,5.334231633503999e-17,2.1219521614739543e-17,2.5451460282767877e-17,3.0059443852434566e-16,1.1220184543019631e-15,8.467042972488833e-17,1.5029721926217283e-16,1.5029721926217283e-17,1e-15,1.0000000000000001e-16,,5.185938659308818e-16,1.2851845913791924e-15
0.008963961859499502,1e-15,3.658816450194e-16,2.5871739230490695e-15,3.6584684660024536e-16,1.788854381999832e-18,5.317189562005009e-17,2.115853473133408e-17,2.5370146677417797e-17,2.996340842942528e-16,1.1155781513508521e-15,8.467042972488833e-17,1.498170421471264e-16,1.498170421471264e-17,1e-15,1.0000000000000001e-16,,5.178457076402418e-16,1.278971832073957e-15
0.00901571137605957,1e-15,3.6483006706066334e-16,2.5797381439933795e-15,3.6584684660024536e-16,1.788854381999832e-18,5.300288711484516e-17,2.1097723129917306e-17,2.5289506886099855e-17,2.98681688143909e-16,1.1091748152624011e-15,8.467042972488833e-17,1.4934084407195447e-16,1.4934084407195448e-17,1e-15,1.0000000000000001e-16,,5.171007705661424e-16,1.272798644727841e-15
0.009067759645839049,1e-15,3.6378151143501815e-16,2.572323736059929e-15,3.6584684660024536e-16,1.788854381999832e-18,5.283528186268872e-17,2.1037086306712427e-17,2.5209536635245925e-17,2.9773719960034334e-16,1.102808233849552e-15,8.467042972488833e-17,1.488685998001717e-16,1.488685998001717e-17,1e-15,1.0000000000000001e-16,,5.163590439118558e-16,1.266664813960263e-15
0.009120108393559097,1e-15,3.627359694559973e-16,2.564930637826121e-15,3.6584684660024536e-16,1.788854381999832e-18,5.266907093866503e-17,2.0976623759390586e-17,2.5130231666470656e-17,2.9680056836990143e-16,1.096478196143185e-15,8.467042972488833e-17,1.484002841849507e-16,1.484002841849507e-17,1e-15,1.0000000000000001e-16,,5.156205169006259e-16,1.2605701255731724e-15
0.009172759353897803,1e-15,3.6169343246209936e-16,2.5575587880458897e-15,3.6584684660024536e-16,1.788854381999832e-18,5.250424544959667e-17,2.0916334987066625e-17,2.505158773653213e-17,2.9587174433778006e-16,1.090184492385127e-15,8.467042972488833e-17,1.4793587216889e-16,1.4793587216889e-17,1e-15,1.0000000000000001e-16,,5.148851787756663e-16,1.254514366542931e-15
0.00922571427154763,1e-15,3.606538918167173e-16,2.5502081256492034e-15,3.6584684660024536e-16,1.788854381999832e-18,5.234079653396705e-17,2.0856219490295033e-17,2.497360061729494e-17,2.9495067756759134e-16,1.0839269140212039e-15,8.467042972488833e-17,1.4747533878379565e-16,1.4747533878379568e-17,1e-15,1.0000000000000001e-16,,5.141530188001577e-16,1.2484973250122387e-15
0.009278974901273317,1e-15,3.5961733890806564e-16,2.542878589741541e-15,3.6584684660024536e-16,1.788854381999832e-18,5.217871536184707e-17,2.079627677106568e-17,2.4896266095695133e-17,2.940373183009491e-16,1.0777052536943212e-15,8.467042972488833e-17,1.4701865915047455e-16,1.4701865915047454e-17,1e-15,1.0000000000000001e-16,,5.134240262572456e-16,1.242518790282087e-15
0.009332543007969905,1e-15,3.585837651491111e-16,2.5355701196034083e-15,3.6584684660024536e-16,1.788854381999832e-18,5.201799313482709e-17,2.0736506332799838e-17,2.4819579973707775e-17,2.931316169570853e-16,1.0715193052376071e-15,8.467042972488833e-17,1.4656580847854263e-16,1.4656580847854266e-17,1e-15,1.0000000000000001e-16,,5.126981904500411e-16,1.2365785528037707e-15
0.009386420366721356,1e-15,3.5755316197749885e-16,2.528282654689815e-15,3.6584684660024536e-16,1.788854381999832e-18,5.1858621085952346e-17,2.067690768034592e-17,2.4743538068316156e-17,2.922335241324865e-16,1.065368863667563e-15,8.467042972488833e-17,1.4611676206624324e-16,1.4611676206624325e-17,1e-15,1.0000000000000001e-16,,5.119755007016181e-16,1.2306764041709103e-15
0.009440608762859235,1e-15,3.5652552085548466e-16,2.521016134629791e-15,3.6584684660024536e-16,1.788854381999832e-18,5.170059047966391e-17,2.061748031997551e-17,2.4668136211483594e-17,2.913429906005609e-16,1.059253725177289e-15,8.467042972488833e-17,1.4567149530028046e-16,1.4567149530028046e-17,1e-15,1.0000000000000001e-16,,5.112559463550157e-16,1.2248121371115435e-15
0.009495109992021983,1e-15,3.555008332698616e-16,2.513770499225873e-15,3.6584684660024536e-16,1.788854381999832e-18,5.154389261174308e-17,2.0558223759379193e-17,2.4593370250126916e-17,2.9045996731132513e-16,1.053173687129716e-15,8.467042972488833e-17,1.4522998365566254e-16,1.4522998365566257e-17,1e-15,1.0000000000000001e-16,,5.105395167732367e-16,1.2189855454802265e-15
0.009549925860214359,1e-15,3.544790907318906e-16,2.5065456884536134e-15,3.6584684660024536e-16,1.788854381999832e-18,5.138851880926066e-17,2.0499137507662485e-17,2.451923604609224e-17,2.895844053911181e-16,1.0471285480508996e-15,8.467042972488833e-17,1.4479220269555904e-16,1.4479220269555905e-17,1e-15,1.0000000000000001e-16,,5.0982620133925e-16,1.213196424250195e-15
0.009605058183867305,1e-15,3.5346028477723034e-16,2.4993416424610778e-15,3.6584684660024536e-16,1.788854381999832e-18,5.123446043053021e-17,2.0440221075341788e-17,2.44457294761327e-17,2.887162561423381e-16,1.0411181076233396e-15,8.467042972488833e-17,1.4435812807116905e-16,1.4435812807116908e-17,1e-15,1.0000000000000001e-16,,5.091159894559914e-16,1.2074445695055506e-15
0.00966050878989814,1e-15,3.524444069658663e-16,2.492158301568353e-15,3.6584684660024536e-16,1.788854381999832e-18,5.108170886506556e-17,2.0381473974340323e-17,2.4372846431888138e-17,2.8785547104320286e-16,1.035142166679343e-15,8.467042972488833e-17,1.4392773552160143e-16,1.4392773552160145e-17,1e-15,1.0000000000000001e-16,,5.084088705463659e-16,1.20172977843349e-15
0.009716279515771057,1e-15,3.514314488820422e-16,2.4849956062670557e-15,3.6584684660024536e-16,1.788854381999832e-18,5.093025553354254e-17,2.0322895717984113e-17,2.430058281986687e-17,2.8700200174753414e-16,1.0292005271944288e-15,8.467042972488833e-17,1.4350100087376707e-16,1.4350100087376707e-17,1e-15,1.0000000000000001e-16,,5.077048340532508e-16,1.1960518493165779e-15
0.009772372209558112,1e-15,3.5042140213418817e-16,2.4778534972198258e-15,3.6584684660024536e-16,1.788854381999832e-18,5.078009188776428e-17,2.026448582099787e-17,2.422893456142912e-17,2.8615580008456226e-16,1.0232929922807538e-15,8.467042972488833e-17,1.430779000422811e-16,1.4307790004228112e-17,1e-15,1.0000000000000001e-16,,5.070038694394978e-16,1.190410581525039e-15
0.009828788730000315,1e-15,3.49414258354854e-16,2.4707319152598554e-15,3.6584684660024536e-16,1.788854381999832e-18,5.0631209410631245e-17,2.0206243799501112e-17,2.415789759277273e-17,2.8531681805875693e-16,1.0174193661806057e-15,8.467042972488833e-17,1.4265840902937847e-16,1.426584090293785e-17,1e-15,1.0000000000000001e-16,,5.063059661879376e-16,1.184805775509119e-15
0.00988553094656939,1e-15,3.4841000920063677e-16,2.463630801390377e-15,3.6584684660024536e-16,1.788854381999832e-18,5.048359961611429e-17,2.014816917100399e-17,2.408746786492029e-17,2.8448500784967593e-16,1.0115794542598983e-15,8.467042972488833e-17,1.4224250392483794e-16,1.4224250392483795e-17,1e-15,1.0000000000000001e-16,,5.056111138013826e-16,1.1792372327914495e-15
0.009942600739529567,1e-15,3.474086463521145e-16,2.456550096784193e-15,3.6584684660024536e-16,1.788854381999832e-18,5.033725404923237e-17,2.009026145440344e-17,2.4017641343708503e-17,2.8366032181183877e-16,1.0057730630017382e-15,8.467042972488833e-17,1.4183016090591938e-16,1.418301609059194e-17,1e-15,1.0000000000000001e-16,,5.049193018026329e-16,1.173704755959482e-15
0.01,1e-15,3.464101615137755e-16,2.449489742783178e-15,3.6584684660024536e-16,1.788854381999832e-18,5.019216428603329e-17,2.0032520169979108e-17,2.3948414009779028e-17,2.82842712474619e-16,1e-15,8.467042972488833e-17,1.414213562373095e-16,1.4142135623730952e-17,1e-15,1.0000000000000001e-16,,5.042305197344803e-16,1.1682081486579356e-15
0.010057730630017381,1e-15,3.4541454641395e-16,2.4424496808977952e-15,3.6584684660024536e-16,1.788854381999832e-18,5.004832193357855e-17,1.99749448393894e-17,2.387978185857121e-17,2.8203213254215833e-16,9.942600739529568e-16,8.467042972488833e-17,1.4101606627107917e-16,1.410160662710792e-17,1e-15,1.0000000000000001e-16,,5.035447571597136e-16,1.162747215581299e-15
0.010115794542598982,1e-15,3.444217928047421e-16,2.435429852806612e-15,3.6584684660024536e-16,1.788854381999832e-18,4.990571862993165e-17,1.9917534985667527e-17,2.3811740900316523e-17,2.812285348933007e-16,9.885530946569395e-16,8.467042972488833e-17,1.4061426744665035e-16,1.4061426744665036e-17,1e-15,1.0000000000000001e-16,,5.028620036611251e-16,1.1573217624663639e-15
0.010174193661806046,1e-15,3.4343189246196093e-16,2.4284302003558175e-15,3.6584684660024536e-16,1.788854381999832e-18,4.9764346044149853e-17,1.986029013321754e-17,2.3744287160034646e-17,2.804318725815462e-16,9.828788730000326e-16,8.467042972488833e-17,1.402159362907731e-16,1.402159362907731e-17,1e-15,1.0000000000000001e-16,,5.021822488415166e-16,1.1519315960847952e-15
0.010232929922807547,1e-15,3.424448371850526e-16,2.4214506655587393e-15,3.6584684660024536e-16,1.788854381999832e-18,4.9624195876279465e-17,1.980320980781039e-17,2.3677416677531186e-17,2.7964209883502413e-16,9.7723722095581e-16,8.467042972488833e-17,1.3982104941751206e-16,1.3982104941751205e-17,1e-15,1.0000000000000001e-16,,5.015054823237058e-16,1.1465765242357474e-15
0.010292005271944286,1e-15,3.41460618797033e-16,2.4144911905953672e-15,3.6584684660024536e-16,1.788854381999832e-18,4.948525985735449e-17,1.9746293536580038e-17,2.3611125507397054e-17,2.7885916705648555e-16,9.716279515771059e-16,8.467042972488833e-17,1.3942958352824277e-16,1.394295835282428e-17,1e-15,1.0000000000000001e-16,,5.008316937505342e-16,1.1412563557385122e-15
0.010351421666793441,1e-15,3.404792291444187e-16,2.4075517178118686e-15,3.6584684660024536e-16,1.788854381999832e-18,4.934752974939834e-17,1.9689540848019475e-17,2.354540971900928e-17,2.7808303082331295e-16,9.660508789898132e-16,8.467042972488833e-17,1.3904151541165647e-16,1.3904151541165648e-17,1e-15,1.0000000000000001e-16,,5.00160872784874e-16,1.1359709004252036e-15
0.010411181076233397,1e-15,3.395006600971604e-16,2.4006321897201127e-15,3.6584684660024536e-16,1.788854381999832e-18,4.921099734542897e-17,1.963295127197686e-17,2.3480265396533457e-17,2.7731364388754934e-16,9.605058183867306e-16,8.467042972488833e-17,1.3865682194377467e-16,1.3865682194377468e-17,1e-15,1.0000000000000001e-16,,4.994930091096361e-16,1.1307199691334883e-15
0.010471285480508996,1e-15,3.3852490354857544e-16,2.3937325489971964e-15,3.6584684660024536e-16,1.788854381999832e-18,4.9075654469467024e-17,1.957652433965161e-17,2.3415688638927633e-17,2.765509601759437e-16,9.549925860214361e-16,8.467042972488833e-17,1.3827548008797182e-16,1.3827548008797185e-17,1e-15,1.0000000000000001e-16,,4.988280924277789e-16,1.1255033736993492e-15
0.01053173687129716,1e-15,3.375519514152804e-16,2.386852738484968e-15,3.6584684660024536e-16,1.788854381999832e-18,4.894149297654698e-17,1.9520259583590512e-17,2.3351675559947627e-17,2.7579493379001417e-16,9.495109992021985e-16,8.467042972488833e-17,1.3789746689500709e-16,1.3789746689500709e-17,1e-15,1.0000000000000001e-16,,4.981661124623172e-16,1.1203209269498905e-15
0.010592537251772886,1e-15,3.3658179563712416e-16,2.3799927011895523e-15,3.6584684660024536e-16,1.788854381999832e-18,4.880850475273119e-17,1.9464156537683866e-17,2.3288222288153725e-17,2.7504551900612713e-16,9.440608762859236e-16,8.467042972488833e-17,1.3752275950306357e-16,1.3752275950306357e-17,1e-15,1.0000000000000001e-16,,4.975070589563305e-16,1.1151724426961784e-15
0.010653688636675629,1e-15,3.3561442817712155e-16,2.3731523802808813e-15,3.6584684660024536e-16,1.788854381999832e-18,4.867668171512687e-17,1.9408214737161615e-17,2.3225324966918798e-17,2.743026702755928e-16,9.386420366721357e-16,8.467042972488833e-17,1.371513351377964e-16,1.3715133513779642e-17,1e-15,1.0000000000000001e-16,,4.968509216729738e-16,1.1100577357261251e-15
0.01071519305237607,1e-15,3.346498410213859e-16,2.3663317190922203e-15,3.6584684660024536e-16,1.788854381999832e-18,4.854601581190571e-17,1.9352433718589477e-17,2.3162979754437636e-17,2.7356634222477584e-16,9.332543007969907e-16,8.467042972488833e-17,1.3678317111238792e-16,1.3678317111238794e-17,1e-15,1.0000000000000001e-16,,4.961976903954861e-16,1.1049766217974053e-15
0.010777052536943223,1e-15,3.33688026179064e-16,2.3595306611197034e-15,3.6584684660024536e-16,1.788854381999832e-18,4.841649902232632e-17,1.9296813019865165e-17,2.3101182823737686e-17,2.728364896552219e-16,9.278974901273308e-16,8.467042972488833e-17,1.3641824482761094e-16,1.3641824482761094e-17,1e-15,1.0000000000000001e-16,,4.955473549272026e-16,1.0999289176304201e-15
0.010839269140212038,1e-15,3.327289756822684e-16,2.3527491500218585e-15,3.6584684660024536e-16,1.788854381999832e-18,4.828812335675905e-17,1.9241352180214468e-17,2.303993036269086e-17,2.7211306754379705e-16,9.22571427154763e-16,8.467042972488833e-17,1.3605653377189853e-16,1.3605653377189854e-17,1e-15,1.0000000000000001e-16,,4.94899905091563e-16,1.0949144409012906e-15
0.01090184492385128,1e-15,3.317726815860123e-16,2.3459871296191453e-15,3.6584684660024536e-16,1.788854381999832e-18,4.8160880856713375e-17,1.9186050740187515e-17,2.2979218574026648e-17,2.7139603104284296e-16,9.172759353897793e-16,8.467042972488833e-17,1.3569801552142148e-16,1.356980155214215e-17,1e-15,1.0000000000000001e-16,,4.942553307321248e-16,1.0899330102348977e-15
0.01096478196143185,1e-15,3.308191359681437e-16,2.3392445438934894e-15,3.6584684660024536e-16,1.788854381999832e-18,4.8034763594867847e-17,1.9130908241654925e-17,2.2919043675346362e-17,2.7068533548034487e-16,9.120108393559097e-16,8.467042972488833e-17,1.3534266774017243e-16,1.3534266774017244e-17,1e-15,1.0000000000000001e-16,,4.936136217125731e-16,1.0849844451979588e-15
0.01102808233849552,1e-15,3.298683309292794e-16,2.3325213369878163e-15,3.6584684660024536e-16,1.788854381999832e-18,4.790976367510206e-17,1.9075924227804022e-17,2.2859401899138413e-17,2.69980936360112e-16,9.06775964583905e-16,8.467042972488833e-17,1.34990468180056e-16,1.34990468180056e-17,1e-15,1.0000000000000001e-16,,4.929747679167333e-16,1.0800685662921424e-15
0.01109174815262401,1e-15,3.289202585927398e-16,2.325817453205591e-15,3.6584684660024536e-16,1.788854381999832e-18,4.7785873232531065e-17,1.9021098243135056e-17,2.2800289492794728e-17,2.6928278936197167e-16,9.01571137605957e-16,8.467042972488833e-17,1.346413946809858e-16,1.3464139468098583e-17,1e-15,1.0000000000000001e-16,,4.923387592485821e-16,1.0751851949472251e-15
0.01115578151350852,1e-15,3.2797491110448375e-16,2.3191328370103558e-15,3.6584684660024536e-16,1.788854381999832e-18,4.766308443354176e-17,1.8966429833457425e-17,2.2741702718628115e-17,2.6859085034197405e-16,8.963961859499503e-16,8.467042972488833e-17,1.3429542517098702e-16,1.3429542517098704e-17,1e-15,1.0000000000000001e-16,,4.917055856322612e-16,1.070334153514285e-15
0.01122018454301963,1e-15,3.2703228063304317e-16,2.3124674330252685e-15,3.6584684660024536e-16,1.788854381999832e-18,4.7541389475831444e-17,1.8911918545885915e-17,2.2683637853890645e-17,2.6790507533260974e-16,8.912509381337457e-16,8.467042972488833e-17,1.3395253766630487e-16,1.3395253766630487e-17,1e-15,1.0000000000000001e-16,,4.910752370120888e-16,1.0655152652589375e-15
0.011284959375277622,1e-15,3.260923593694583e-16,2.3058211860326456e-15,3.6584684660024536e-16,1.788854381999832e-18,4.7420780588448145e-17,1.8857563928836934e-17,2.2626091190792922e-17,2.672254205430367e-16,8.861352236594994e-16,8.467042972488833e-17,1.3361271027151835e-16,1.3361271027151836e-17,1e-15,1.0000000000000001e-16,,4.904477033525732e-16,1.0607283543546097e-15
0.011350108156723155,1e-15,3.2515513952721345e-16,2.2991940409735067e-15,3.6584684660024536e-16,1.788854381999832e-18,4.730125003183306e-17,1.8803365532024816e-17,2.2569059036524295e-17,2.6655184235931975e-16,8.810488730080138e-16,8.467042972488833e-17,1.3327592117965987e-16,1.3327592117965988e-17,1e-15,1.0000000000000001e-16,,4.89822974638426e-16,1.0559732458758558e-15
0.011415633046188459,1e-15,3.2422061334217174e-16,2.292585942947113e-15,3.6584684660024536e-16,1.788854381999832e-18,4.7182790097864414e-17,1.8749322906458022e-17,2.251253771327381e-17,2.6588429734467724e-16,8.759917176331171e-16,8.467042972488833e-17,1.3294214867233862e-16,1.3294214867233864e-17,1e-15,1.0000000000000001e-16,,4.892010408745755e-16,1.0512497657917086e-15
0.01148153621496883,1e-15,3.232887730725112e-16,2.2859968372105163e-15,3.6584684660024536e-16,1.788854381999832e-18,4.706539310990321e-17,1.869543560443547e-17,2.245652355825204e-17,2.6522274223973955e-16,8.709635899560805e-16,8.467042972488833e-17,1.3261137111986978e-16,1.3261137111986979e-17,1e-15,1.0000000000000001e-16,,4.885818920861811e-16,1.0465577409590776e-15
0.011547819846894581,1e-15,3.223596109986607e-16,2.2794266691781054e-15,3.6584684660024536e-16,1.788854381999832e-18,4.694905142284058e-17,1.8641703179542818e-17,2.240101292371367e-17,2.645671339628153e-16,8.659643233600654e-16,8.467042972488833e-17,1.3228356698140765e-16,1.3228356698140765e-17,1e-15,1.0000000000000001e-16,,4.879655183186467e-16,1.0418969991161833e-15
0.011614486138403426,1e-15,3.214331194232357e-16,2.2728753844211532e-15,3.6584684660024536e-16,1.788854381999832e-18,4.683375742314642e-17,1.8588125186648754e-17,2.234600217698069e-17,2.639174296101656e-16,8.609937521846009e-16,8.467042972488833e-17,1.319587148050828e-16,1.319587148050828e-17,1e-15,1.0000000000000001e-16,,4.873519096376355e-16,1.0372673688760314e-15
0.011681537298613242,1e-15,3.2050929067097475e-16,2.266342928667365e-15,3.6584684660024536e-16,1.788854381999832e-18,4.6719503528919625e-17,1.8534701181901318e-17,2.2291487700466388e-17,2.632735864562873e-16,8.560517117200951e-16,8.467042972488833e-17,1.3163679322814365e-16,1.3163679322814367e-17,1e-15,1.0000000000000001e-16,,4.867410561290852e-16,1.0326686797199318e-15
0.011748975549395291,1e-15,3.1958811708867587e-16,2.2598292478004306e-15,3.6584684660024536e-16,1.788854381999832e-18,4.660628218993943e-17,1.848143072272421e-17,2.223746589169984e-17,2.626355619542023e-16,8.511380382023768e-16,8.467042972488833e-17,1.3131778097710113e-16,1.3131778097710116e-17,1e-15,1.0000000000000001e-16,,4.861329478992218e-16,1.0281007619910537e-15
0.011816803125447842,1e-15,3.1866959104513295e-16,2.253334287859574e-15,3.6584684660024536e-16,1.788854381999832e-18,4.649408588771812e-17,1.8428313367813146e-17,2.218393316335105e-17,2.620033137357542e-16,8.46252568807269e-16,8.467042972488833e-17,1.3100165686787713e-16,1.3100165686787713e-17,1e-15,1.0000000000000001e-16,,4.85527575074576e-16,1.0235634468880246e-15
0.011885022274370188,1e-15,3.1775370493107294e-16,2.24685799503911e-15,3.6584684660024536e-16,1.788854381999832e-18,4.6382907135554787e-17,1.837534867713221e-17,2.21308859432566e-17,2.613767996119118e-16,8.413951416451948e-16,8.467042972488833e-17,1.306883998059559e-16,1.3068839980595592e-17,1e-15,1.0000000000000001e-16,,4.849249278019981e-16,1.019056566458571e-15
0.01195363525673719,1e-15,3.1684045115909236e-16,2.240400315687993e-15,3.6584684660024536e-16,1.788854381999832e-18,4.627273847859003e-17,1.832253621191016e-17,2.2078320674445755e-17,2.607559775730768e-16,8.365655957558099e-16,8.467042972488833e-17,1.303779887865384e-16,1.303779887865384e-17,1e-15,1.0000000000000001e-16,,4.843249962486733e-16,1.0145799535931968e-15
0.012022644346174132,1e-15,3.159298221635946e-16,2.2339611963093777e-15,3.6584684660024536e-16,1.788854381999832e-18,4.616357249386171e-17,1.8269875534636837e-17,2.2026233815167073e-17,2.601408057893983e-16,8.317637711026709e-16,8.467042972488833e-17,1.3007040289469915e-16,1.3007040289469917e-17,1e-15,1.0000000000000001e-16,,4.837277706021385e-16,1.0101334420189065e-15
0.012092051829432085,1e-15,3.1502181040072735e-16,2.2275405835601717e-15,3.6584684660024536e-16,1.788854381999832e-18,4.6055401790361467e-17,1.8217366209059524e-17,2.197462183891536e-17,2.595312426110914e-16,8.269895085679317e-16,8.467042972488833e-17,1.297656213055457e-16,1.297656213055457e-17,1e-15,1.0000000000000001e-16,,4.831332410702976e-16,1.00571686629297e-15
0.012161860006463679,1e-15,3.1411640834832003e-16,2.2211384242505974e-15,3.6584684660024536e-16,1.788854381999832e-18,4.594821900909201e-17,1.816500780017934e-17,2.1923481234459002e-17,2.589272465687597e-16,8.222426499470712e-16,8.467042972488833e-17,1.2946362328437983e-16,1.2946362328437985e-17,1e-15,1.0000000000000001e-16,,4.825413978814384e-16,1.001330061796726e-15
0.012232071190499313,1e-15,3.1321360850582147e-16,2.2147546653437488e-15,3.6584684660024536e-16,1.788854381999832e-18,4.584201682312511e-17,1.811279987424762e-17,2.1872808505867645e-17,2.5832877637372225e-16,8.175230379436503e-16,8.467042972488833e-17,1.2916438818686113e-16,1.2916438818686114e-17,1e-15,1.0000000000000001e-16,,4.819522312842488e-16,9.96972864729433e-16
0.012302687708123811,1e-15,3.1231340339423785e-16,2.208389253955153e-15,3.6584684660024536e-16,1.788854381999832e-18,4.573678793766004e-17,1.8060741998762344e-17,2.1822600172540082e-17,2.577357909183431e-16,8.128305161640995e-16,8.467042972488833e-17,1.2886789545917155e-16,1.2886789545917155e-17,1e-15,1.0000000000000001e-16,,4.813657315478339e-16,9.926451121021553e-16
0.012373711899353532,1e-15,3.114157855560704e-16,2.2020421373523306e-15,3.6584684660024536e-16,1.788854381999832e-18,4.5632525090082655e-17,1.8008833742464535e-17,2.1772852769232417e-17,2.5714824927636366e-16,8.081649291125368e-16,8.467042972488833e-17,1.2857412463818183e-16,1.2857412463818184e-17,1e-15,1.0000000000000001e-16,,4.807818889617324e-16,9.883466417316986e-16
0.012445146117713857,1e-15,3.105207475552544e-16,2.1957132629543643e-15,3.6584684660024536e-16,1.788854381999832e-18,4.552922105002476e-17,1.7957074675334714e-17,2.1723562846086438e-17,2.5656611070323805e-16,8.035261221856169e-16,8.467042972488833e-17,1.28283055351619e-16,1.2828305535161903e-17,1e-15,1.0000000000000001e-16,,4.802006938359346e-16,9.840772922345843e-16
0.012516992730317256,1e-15,3.0962828197709667e-16,2.1894025783314554e-15,3.6584684660024536e-16,1.788854381999832e-18,4.542686861942382e-17,1.7905464368589292e-17,2.167472696865804e-17,2.5598933463646865e-16,7.98913941667404e-16,8.467042972488833e-17,1.2799466731823433e-16,1.2799466731823433e-17,1e-15,1.0000000000000001e-16,,4.796221365008988e-16,9.798369030210646e-16
0.012589254117941675,1e-15,3.0873838142821463e-16,2.1831100312044944e-15,3.6584684660024536e-16,1.788854381999832e-18,4.5325460632582857e-17,1.785400239467706e-17,2.1626341717945882e-17,2.554178806959445e-16,7.943282347242815e-16,8.467042972488833e-17,1.2770894034797224e-16,1.2770894034797225e-17,1e-15,1.0000000000000001e-16,,4.79046207307569e-16,9.756253142891853e-16
0.012661932675109443,1e-15,3.078510385364751e-16,2.176835569444627e-15,3.6584684660024536e-16,1.788854381999832e-18,4.522498995623052e-17,1.7802688327275622e-17,2.1578403690419984e-17,2.548517086842793e-16,7.897688493998857e-16,8.467042972488833e-17,1.2742585434213964e-16,1.2742585434213965e-17,1e-15,1.0000000000000001e-16,,4.78472896627393e-16,9.714423670188888e-16
0.012735030810166616,1e-15,3.069662459509329e-16,2.1705791410728224e-15,3.6584684660024536e-16,1.788854381999832e-18,4.512544948958129e-17,1.7751521741287878e-17,2.1530909498050482e-17,2.542907785871507e-16,7.852356346100719e-16,8.467042972488833e-17,1.2714538929357535e-16,1.2714538929357536e-17,1e-15,1.0000000000000001e-16,,4.779021948523396e-16,9.672879029661611e-16
0.012808550945362785,1e-15,3.0608399634177027e-16,2.1643406942594417e-15,3.6584684660024536e-16,1.788854381999832e-18,4.502683216439541e-17,1.7700502212838498e-17,2.148385576833623e-17,2.537350505736383e-16,7.80728440137907e-16,8.467042972488833e-17,1.2686752528681916e-16,1.2686752528681917e-17,1e-15,1.0000000000000001e-16,,4.773340923949168e-16,9.631617646572217e-16
0.012882495516931335,1e-15,3.0520428240023604e-16,2.15812017732381e-15,3.6584684660024536e-16,1.788854381999832e-18,4.492913094503899e-17,1.764962931927041e-17,2.1437239144333448e-17,2.5318448499656203e-16,7.762471166286921e-16,8.467042972488833e-17,1.26592242498281e-16,1.2659224249828101e-17,1e-15,1.0000000000000001e-16,,4.767685796881902e-16,9.59063795382759e-16
0.012956866975170189,1e-15,3.043270968385851e-16,2.1519175387337865e-15,3.6584684660024536e-16,1.788854381999832e-18,4.48323388285437e-17,1.7598902639141282e-17,2.139105628468424e-17,2.526390423928187e-16,7.717915155850129e-16,8.467042972488833e-17,1.2631952119640934e-16,1.2631952119640935e-17,1e-15,1.0000000000000001e-16,,4.762056471858003e-16,9.549938391922069e-16
0.013031667784523,1e-15,3.0345243239001764e-16,2.145732727105338e-15,3.6584684660024536e-16,1.788854381999832e-18,4.47364488446663e-17,1.754832175222006e-17,2.1345303863644965e-17,2.520986834837174e-16,7.673614893618187e-16,8.467042972488833e-17,1.260493417418587e-16,1.2604934174185871e-17,1e-15,1.0000000000000001e-16,,4.756452853619819e-16,9.509517408880668e-16
0.013106900423660773,1e-15,3.0258028180862004e-16,2.139565691202118e-15,3.6584684660024536e-16,1.788854381999832e-18,4.464145405594779e-17,1.749788623948349e-17,2.1299978571114484e-17,2.5156336917531305e-16,7.629568911615327e-16,8.467042972488833e-17,1.2578168458765652e-16,1.2578168458765654e-17,1e-15,1.0000000000000001e-16,,4.750874847115817e-16,9.469373460202766e-16
0.013182567385564075,1e-15,3.0171063786930357e-16,2.133416379935033e-15,3.6584684660024536e-16,1.788854381999832e-18,4.454734755777206e-17,1.7447595683112598e-17,2.1255077112662135e-17,2.510330605587365e-16,7.585775750291837e-16,8.467042972488833e-17,1.2551653027936824e-16,1.2551653027936825e-17,1e-15,1.0000000000000001e-16,,4.745322357500772e-16,9.429505008806194e-16
0.013258671177605593,1e-15,3.008434933677451e-16,2.1272847423618267e-15,3.6584684660024536e-16,1.788854381999832e-18,4.4454122478424165e-17,1.7397449666489278e-17,2.1210596209555528e-17,2.505077189105231e-16,7.542233958475708e-16,8.467042972488833e-17,1.2525385945526155e-16,1.2525385945526156e-17,1e-15,1.0000000000000001e-16,,4.7397952901359575e-16,9.389910524971774e-16
0.01333521432163324,1e-15,2.999788411203275e-16,2.1211707276866555e-15,3.6584684660024536e-16,1.788854381999832e-18,4.436177197914784e-17,1.734744777419282e-17,2.116653259878801e-17,2.499873056929371e-16,7.498942093324559e-16,8.467042972488833e-17,1.2499365284646854e-16,1.2499365284646856e-17,1e-15,1.0000000000000001e-16,,4.7342935505893225e-16,9.350588486288364e-16
0.01341219935405371,1e-15,2.991166739640801e-16,2.1150742852596665e-15,3.6584684660024536e-16,1.788854381999832e-18,4.427028925420251e-17,1.7297589591996473e-17,2.1122883033105837e-17,2.494717825542924e-16,7.455898720277816e-16,8.467042972488833e-17,1.247358912771462e-16,1.247358912771462e-17,1e-15,1.0000000000000001e-16,,4.728817044635693e-16,9.311537377598286e-16
0.013489628825916533,1e-15,2.982569847566191e-16,2.108995364576581e-15,3.6584684660024536e-16,1.788854381999832e-18,4.4179667530919504e-17,1.724787470686401e-17,2.1079644281035025e-17,2.489611113292697e-16,7.413102413009177e-16,8.467042972488833e-17,1.2448055566463481e-16,1.2448055566463484e-17,1e-15,1.0000000000000001e-16,,4.723365678256949e-16,9.27275569094325e-16
0.013567505302998611,1e-15,2.9739976637608877e-16,2.102933915278273e-15,3.6584684660024536e-16,1.788854381999832e-18,4.408990006975737e-17,1.7198302706946308e-17,2.103681312690774e-17,2.484552540392281e-16,7.370551753379347e-16,8.467042972488833e-17,1.2422762701961404e-16,1.2422762701961404e-17,1e-15,1.0000000000000001e-16,,4.717939357642226e-16,9.234241925510696e-16
0.013645831365889252,1e-15,2.965450117211019e-16,2.0968898871503536e-15,3.6584684660024536e-16,1.788854381999832e-18,4.40009801643565e-17,1.7148873181577935e-17,2.099438637088831e-17,2.4795417289251274e-16,7.328245331389038e-16,8.467042972488833e-17,1.2397708644625634e-16,1.2397708644625636e-17,1e-15,1.0000000000000001e-16,,4.7125379891880955e-16,9.195994587580634e-16
0.013724609610075626,1e-15,2.9569271371068187e-16,2.090863230122756e-15,3.6584684660024536e-16,1.788854381999832e-18,4.3912901141592654e-17,1.7099585721273763e-17,2.095236082899885e-17,2.4745783028475687e-16,7.286181745132274e-16,8.467042972488833e-17,1.2372891514237841e-16,1.2372891514237844e-17,1e-15,1.0000000000000001e-16,,4.707161479498764e-16,9.158012190472927e-16
0.013803842646028852,1e-15,2.9484286528420317e-16,2.0848538942693176e-15,3.6584684660024536e-16,1.788854381999832e-18,4.382565636162947e-17,1.7050439917725553e-17,2.0910733333144248e-17,2.4696618879917734e-16,7.244359600749898e-16,8.467042972488833e-17,1.2348309439958867e-16,1.2348309439958867e-17,1e-15,1.0000000000000001e-16,,4.701809735386261e-16,9.120293254495005e-16
0.013883533099290456,1e-15,2.939954594013331e-16,2.0788618298073693e-15,3.6584684660024536e-16,1.788854381999832e-18,4.3739239217970024e-17,1.7001435363798576e-17,2.086950073113679e-17,2.464792112068652e-16,7.202777512383408e-16,8.467042972488833e-17,1.232396056034326e-16,1.232396056034326e-17,1e-15,1.0000000000000001e-16,,4.696482663870632e-16,9.082836306890084e-16
0.013963683610559377,1e-15,2.931504890419735e-16,2.072886987097322e-15,3.6584684660024536e-16,1.788854381999832e-18,4.3653643137507046e-17,1.6952571653528255e-17,2.082865988672012e-17,2.45996860467069e-16,7.16143410212902e-16,8.467042972488833e-17,1.2299843023353447e-16,1.2299843023353448e-17,1e-15,1.0000000000000001e-16,,4.691180172180128e-16,9.045639881785824e-16
0.014044296835779475,1e-15,2.923079472062029e-16,2.066929316642254e-15,3.6584684660024536e-16,1.788854381999832e-18,4.356886158057217e-17,1.6903848382116786e-17,2.078820767959274e-17,2.4551909972747164e-16,7.120327999992026e-16,8.467042972488833e-17,1.2275954986373582e-16,1.2275954986373584e-17,1e-15,1.0000000000000001e-16,,4.685902167751407e-16,9.00870252014348e-16
0.01412537544622754,1e-15,2.9146782691421805e-16,2.0609887690875047e-15,3.6584684660024536e-16,1.788854381999832e-18,4.34848880409836e-17,1.6855265145929804e-17,2.0748141005430754e-17,2.450458923244601e-16,7.079457843841381e-16,8.467042972488833e-17,1.2252294616223006e-16,1.2252294616223006e-17,1e-15,1.0000000000000001e-16,,4.68064855822972e-16,8.972022769707475e-16
0.014206922128601817,1e-15,2.906301212062763e-16,2.055065295220262e-15,3.6584684660024536e-16,1.788854381999832e-18,4.3401716046092774e-17,1.6806821542493007e-17,2.0708456775910108e-17,2.4457720178338705e-16,7.038822279364572e-16,8.467042972488833e-17,1.2228860089169353e-16,1.2228860089169354e-17,1e-15,1.0000000000000001e-16,,4.675419251469108e-16,8.935599184955494e-16
0.014288939585111037,1e-15,2.897948231426379e-16,2.049158845969155e-15,3.6584684660024536e-16,1.788854381999832e-18,4.33193391568293e-17,1.675851717048885e-17,2.066915191872808e-17,2.441129918188252e-16,6.998419960022732e-16,8.467042972488833e-17,1.220564959094126e-16,1.2205649590941262e-17,1e-15,1.0000000000000001e-16,,4.67021415553259e-16,8.899430327049008e-16
0.014371430533563913,1e-15,2.8896192580350893e-16,2.0432693724038515e-15,3.6584684660024536e-16,1.788854381999832e-18,4.3237750967744797e-17,1.6710351629753233e-17,2.0630223377624153e-17,2.436532263348137e-16,6.95824954700605e-16,8.467042972488833e-17,1.2182661316740684e-16,1.2182661316740685e-17,1e-15,1.0000000000000001e-16,,4.665033178692367e-16,8.863514763784315e-16
0.01445439770745928,1e-15,2.8813142228898316e-16,2.0373968257346473e-15,3.6584684660024536e-16,1.788854381999832e-18,4.315694510705487e-17,1.6662324521272142e-17,2.0591668112400068e-17,2.4319786942509496e-16,6.918309709189363e-16,8.467042972488833e-17,1.2159893471254746e-16,1.2159893471254747e-17,1e-15,1.0000000000000001e-16,,4.659876229430006e-16,8.827851069544004e-16
0.014537843856076621,1e-15,2.873033057189856e-16,2.031541157312065e-15,3.6584684660024536e-16,1.788854381999832e-18,4.3076915236679777e-17,1.6614435447178364e-17,2.0553483098939217e-17,2.4274688537334363e-16,6.878599123088074e-16,8.467042972488833e-17,1.2137344268667181e-16,1.2137344268667182e-17,1e-15,1.0000000000000001e-16,,4.654743216436636e-16,8.79243782524894e-16
0.014621771744567183,1e-15,2.8647756923321504e-16,2.02570231862645e-15,3.6584684660024536e-16,1.788854381999832e-18,4.2997655052283377e-17,1.6566684010748204e-17,2.0515665329225213e-17,2.4230023865338625e-16,6.839116472814292e-16,8.467042972488833e-17,1.2115011932669313e-16,1.2115011932669314e-17,1e-15,1.0000000000000001e-16,,4.649634048613148e-16,8.757273618310706e-16
0.014706184154045603,1e-15,2.8565420599108757e-16,2.0198802613075692e-15,3.6584684660024536e-16,1.788854381999832e-18,4.2919158283310406e-17,1.6519069816398186e-17,2.0478211811359722e-17,2.4185789392941136e-16,6.799860450033224e-16,8.467042972488833e-17,1.2092894696470568e-16,1.209289469647057e-17,1e-15,1.0000000000000001e-16,,4.644548635070379e-16,8.722357042584535e-16
0.014791083881682071,1e-15,2.848332091716797e-16,2.0140749371242102e-15,3.6584684660024536e-16,1.788854381999832e-18,4.284141869302213e-17,1.6471592469681776e-17,2.0441119569579418e-17,2.4141981605617014e-16,6.760829753919819e-16,8.467042972488833e-17,1.2070990802808505e-16,1.2070990802808507e-17,1e-15,1.0000000000000001e-16,,4.639486885129309e-16,8.68768669832272e-16
0.014876473740795015,1e-15,2.8401457197367188e-16,2.0082862979837816e-15,3.6584684660024536e-16,1.788854381999832e-18,4.2764430078530044e-17,1.6424251577286118e-17,2.0404385644272102e-17,2.409859700791664e-16,6.72202309111567e-16,8.467042972488833e-17,1.204929850395832e-16,1.2049298503958322e-17,1e-15,1.0000000000000001e-16,,4.634448708321255e-16,8.653261192128496e-16
0.014962356560944343,1e-15,2.8319828761529213e-16,2.002514295931913e-15,3.6584684660024536e-16,1.788854381999832e-18,4.2688186270827996e-17,1.6377046747028758e-17,2.0368007091992003e-17,2.405563212348379e-16,6.6834391756861415e-16,8.467042972488833e-17,1.2027816061741894e-16,1.2027816061741895e-17,1e-15,1.0000000000000001e-16,,4.629434014388061e-16,8.619079136910433e-16
0.015048735188025145,1e-15,2.823843493342602e-16,1.9967588831520633e-15,3.6584684660024536e-16,1.788854381999832e-18,4.261268113482224e-17,1.6329977587854453e-17,2.0331980985474147e-17,2.401308349507253e-16,6.645076729077793e-16,8.467042972488833e-17,1.2006541747536265e-16,1.2006541747536266e-17,1e-15,1.0000000000000001e-16,,4.624442713282292e-16,8.585139151837312e-16
0.015135612484362087,1e-15,2.8157275038773106e-16,1.991020011965117e-15,3.6584684660024536e-16,1.788854381999832e-18,4.253790856935977e-17,1.6283043709831844e-17,2.0296304413647838e-17,2.397094768456321e-16,6.606934480075959e-16,8.467042972488833e-17,1.1985473842281604e-16,1.1985473842281605e-17,1e-15,1.0000000000000001e-16,,4.619474715167421e-16,8.551439862293445e-16
0.015222991328804203,1e-15,2.8076348405223915e-16,1.985297634828994e-15,3.6584684660024536e-16,1.788854381999832e-18,4.2463862507254567e-17,1.6236244724150294e-17,2.0260974481649217e-17,2.3929221272977234e-16,6.569011164762662e-16,8.467042972488833e-17,1.1964610636488615e-16,1.1964610636488616e-17,1e-15,1.0000000000000001e-16,,4.614529930418027e-16,8.51797989983454e-16
0.015310874616820304,1e-15,2.799565436236429e-16,1.979591704338254e-15,3.6584684660024536e-16,1.788854381999832e-18,4.239053691531195e-17,1.6189580243116638e-17,2.0225988310832856e-17,2.38879008604908e-16,6.531305526474723e-16,8.467042972488833e-17,1.19439504302454e-16,1.19439504302454e-17,1e-15,1.0000000000000001e-16,,4.609608269619974e-16,8.484757902144035e-16
0.01539926526059492,1e-15,2.791519224170691e-16,1.9739021732237057e-15,3.6584684660024536e-16,1.788854381999832e-18,4.231792579435091e-17,1.614304988015198e-17,2.0191343038782433e-17,2.384698306644748e-16,6.493816315762115e-16,8.467042972488833e-17,1.192349153322374e-16,1.1923491533223741e-17,1e-15,1.0000000000000001e-16,,4.604709643570612e-16,8.45177251298992e-16
0.01548816618912481,1e-15,2.7834961376685736e-16,1.9682289943520125e-15,3.6584684660024536e-16,1.788854381999832e-18,4.2246023179224355e-17,1.6096653249788478e-17,2.015703581932038e-17,2.3806464529369624e-16,6.456542290346557e-16,8.467042972488833e-17,1.1903232264684812e-16,1.1903232264684814e-17,1e-15,1.0000000000000001e-16,,4.599833963278959e-16,8.419022382182052e-16
0.015577580348316019,1e-15,2.7754961102650517e-16,1.962572120725304e-15,3.6584684660024536e-16,1.788854381999832e-18,4.217482313883727e-17,1.6050389967666173e-17,2.0123063822516542e-17,2.3766341906968606e-16,6.41948221508036e-16,8.467042972488833e-17,1.1883170953484303e-16,1.1883170953484304e-17,1e-15,1.0000000000000001e-16,,4.594981139965887e-16,8.386506165529977e-16
0.015667510701081484,1e-15,2.7675190756861257e-16,1.9569315054807856e-15,3.6584684660024536e-16,1.788854381999832e-18,4.2104319776162796e-17,1.6004259650529795e-17,2.008942423469586e-17,2.372661187615386e-16,6.382634861905491e-16,8.467042972488833e-17,1.186330593807693e-16,1.186330593807693e-17,1e-15,1.0000000000000001e-16,,4.590151085064313e-16,8.354222524801231e-16
0.01575796022743925,1e-15,2.7595649678482727e-16,1.951307101890351e-15,3.6584684660024536e-16,1.788854381999832e-18,4.203450722825608e-17,1.595826191622556e-17,2.005611425844499e-17,2.36872711330407e-16,6.345999009812867e-16,8.467042972488833e-17,1.184363556652035e-16,1.1843635566520353e-17,1e-15,1.0000000000000001e-16,,4.585343710219384e-16,8.322170127680138e-16
0.01584893192461114,1e-15,2.7516337208579044e-16,1.945698863360196e-15,3.6584684660024536e-16,1.788854381999832e-18,4.196537966626608e-17,1.5912396383698068e-17,2.0023131112617904e-17,2.3648316392957e-16,6.309573444801931e-16,8.467042972488833e-17,1.18241581964785e-16,1.18241581964785e-17,1e-15,1.0000000000000001e-16,,4.580558927288662e-16,8.290347647727145e-16
0.01594042880712218,1e-15,2.743725269010812e-16,1.9401067434304296e-15,3.6584684660024536e-16,1.788854381999832e-18,4.1896931295444944e-17,1.5866662672987076e-17,1.99904720323404e-17,2.3609744390448426e-16,6.273356959840379e-16,8.467042972488833e-17,1.1804872195224213e-16,1.1804872195224213e-17,1e-15,1.0000000000000001e-16,,4.575796648342301e-16,8.258753764338578e-16
0.016032453906900418,1e-15,2.7358395467916295e-16,1.9345306957746923e-15,3.6584684660024536e-16,1.788854381999832e-18,4.18291563551554e-17,1.58210604052244e-17,1.995813426901359e-17,2.3571551879282625e-16,6.237348354824192e-16,8.467042972488833e-17,1.1785775939641313e-16,1.1785775939641313e-17,1e-15,1.0000000000000001e-16,,4.57105678566324e-16,8.227387162706972e-16
0.016125010273377417,1e-15,2.7279764888732865e-16,1.9289706741997694e-15,3.6584684660024536e-16,1.788854381999832e-18,4.1762049118875674e-17,1.577558920263075e-17,1.9926115090316285e-17,2.353373563245201e-16,6.201546436537854e-16,8.467042972488833e-17,1.1766867816226006e-16,1.1766867816226006e-17,1e-15,1.0000000000000001e-16,,4.566339251747376e-16,8.196246533781854e-16
0.0162181009735893,1e-15,2.7201360301164695e-16,1.9234266326452104e-15,3.6584684660024536e-16,1.788854381999832e-18,4.169560389420226e-17,1.573024868851261e-17,1.9894411780206294e-17,2.349629244217531e-16,6.165950018614822e-16,8.467042972488833e-17,1.1748146221087653e-16,1.1748146221087655e-17,1e-15,1.0000000000000001e-16,,4.561643959303749e-16,8.165330574231059e-16
0.01631172909227838,1e-15,2.7123181055690813e-16,1.9178985251829476e-15,3.6584684660024536e-16,1.788854381999832e-18,4.162981502285032e-17,1.5685038487259117e-17,1.986302163892062e-17,2.345921911989778e-16,6.130557921498209e-16,8.467042972488833e-17,1.172960955994889e-16,1.1729609559948892e-17,1e-15,1.0000000000000001e-16,,4.556970821254715e-16,8.134637986402507e-16
0.016405897731995387,1e-15,2.7045226504657033e-16,1.9123863060169137e-15,3.6584684660024536e-16,1.788854381999832e-18,4.156467688065179e-17,1.5639958224338947e-17,1.9831941982974552e-17,2.342251249629017e-16,6.095368972401694e-16,8.467042972488833e-17,1.1711256248145082e-16,1.1711256248145083e-17,1e-15,1.0000000000000001e-16,,4.552319750736133e-16,8.104167478286529e-16
0.016500610013202285,1e-15,2.6967496002270573e-16,1.906889929482663e-15,3.6584684660024536e-16,1.788854381999832e-18,4.15001838775511e-17,1.5595007526297214e-17,1.9801170145159643e-17,2.3386169421246266e-16,6.060382005270661e-16,8.467042972488833e-17,1.169308471062313e-16,1.1693084710623132e-17,1e-15,1.0000000000000001e-16,,4.547690661097528e-16,8.073917763478648e-16
0.016595869074375613,1e-15,2.6889988904594754e-16,1.9014093500469976e-15,3.6584684660024536e-16,1.788854381999832e-18,4.1436330457598603e-17,1.555018602075239e-17,1.9770703474540534e-17,2.3350186763879224e-16,6.025595860743576e-16,8.467042972488833e-17,1.1675093381939612e-16,1.1675093381939613e-17,1e-15,1.0000000000000001e-16,,4.543083465902276e-16,8.04388756114291e-16
0.016691678072110583,1e-15,2.6812704569543603e-16,1.895944522307581e-15,3.6584684660024536e-16,1.788854381999832e-18,4.137311109894153e-17,1.5505493336393185e-17,1.974053933645069e-17,2.331456141251647e-16,5.991009386113537e-16,8.467042972488833e-17,1.1657280706258235e-16,1.1657280706258236e-17,1e-15,1.0000000000000001e-16,,4.538498078927773e-16,8.014075595975666e-16
0.016788040181225608,1e-15,2.673564235687657e-16,1.890495400992571e-15,3.6584684660024536e-16,1.788854381999832e-18,4.131052031381269e-17,1.5460929102975506e-17,1.9710675112486958e-17,2.32792902746933e-16,5.956621435290103e-16,8.467042972488833e-17,1.163964513734665e-16,1.1639645137346651e-17,1e-15,1.0000000000000001e-16,,4.533934414165603e-16,7.984480598169893e-16
0.016884958594867532,1e-15,2.6658801628193208e-16,1.885061940960239e-15,3.6584684660024536e-16,1.788854381999832e-18,4.12485526485166e-17,1.5416492951319366e-17,1.9681108200502984e-17,2.3244370277145114e-16,5.922430868761307e-16,8.467042972488833e-17,1.1622185138572557e-16,1.1622185138572557e-17,1e-15,1.0000000000000001e-16,,4.529392385821715e-16,7.955101303380012e-16
0.016982436524617443,1e-15,2.65821817469279e-16,1.8796440971985983e-15,3.6584684660024536e-16,1.788854381999832e-18,4.118720268341337e-17,1.5372184513305847e-17,1.965183601460152e-17,2.320979836579828e-16,5.888436553555891e-16,8.467042972488833e-17,1.1604899182899143e-16,1.1604899182899143e-17,1e-15,1.0000000000000001e-16,,4.52487190831658e-16,7.925936452687186e-16
0.017080477200597077,1e-15,2.6505782078344583e-16,1.8742418248250314e-15,3.6584684660024536e-16,1.788854381999832e-18,4.1126465032900046e-17,1.532800342187403e-17,1.9622855985125498e-17,2.317557150575969e-16,5.854637363205774e-16,8.467042972488833e-17,1.1587785752879842e-16,1.1587785752879843e-17,1e-15,1.0000000000000001e-16,,4.520372896285369e-16,7.89698479256516e-16
0.017179083871575875,1e-15,2.642960198953147e-16,1.868855079085917e-15,3.6584684660024536e-16,1.788854381999832e-18,4.10663343453896e-17,1.528394931101797e-17,1.9594165558648047e-17,2.3141686681304823e-16,5.821032177708717e-16,8.467042972488833e-17,1.1570843340652412e-16,1.1570843340652414e-17,1e-15,1.0000000000000001e-16,,4.515895264578108e-16,7.868245074846558e-16
0.017278259805078643,1e-15,2.635364084939583e-16,1.8634838153562596e-15,3.6584684660024536e-16,1.788854381999832e-18,4.100680530328745e-17,1.524002181578364e-17,1.9565762197961237e-17,2.310814089586462e-16,5.787619883491204e-16,8.467042972488833e-17,1.155407044793231e-16,1.155407044793231e-17,1e-15,1.0000000000000001e-16,,4.511438928259846e-16,7.839716056689708e-16
0.017378008287493762,1e-15,2.6277898028658763e-16,1.858127989139322e-15,3.6584684660024536e-16,1.788854381999832e-18,4.0947872622965567e-17,1.5196220572265963e-17,1.953764338206377e-17,2.3074931172010813e-16,5.754399373371568e-16,8.467042972488833e-17,1.1537465586005406e-16,1.1537465586005407e-17,1e-15,1.0000000000000001e-16,,4.507003802610812e-16,7.811396500545985e-16
0.01747833262418219,1e-15,2.6202372899849955e-16,1.8527875560662527e-15,3.6584684660024536e-16,1.788854381999832e-18,4.088953105473408e-17,1.5152545217605717e-17,1.9509806606147408e-17,2.3042054551439964e-16,5.721369546523262e-16,8.467042972488833e-17,1.1521027275719982e-16,1.1521027275719982e-17,1e-15,1.0000000000000001e-16,,4.502589803126577e-16,7.783285174127597e-16
0.01757923613958693,1e-15,2.6127064837302515e-16,1.847462471895721e-15,3.6584684660024536e-16,1.788854381999832e-18,4.083177538281052e-17,1.5108995389986598e-17,1.9482249381582314e-17,2.300950809495612e-16,5.688529308438414e-16,8.467042972488833e-17,1.150475404747806e-16,1.1504754047478062e-17,1e-15,1.0000000000000001e-16,,4.498196845518203e-16,7.755380850375932e-16
0.0176807221773432,1e-15,2.605197321714777e-16,1.8421526925135503e-15,3.6584684660024536e-16,1.788854381999832e-18,4.077460042528657e-17,1.5065570728632183e-17,1.9454969235901167e-17,2.297728888245208e-16,5.655877570891538e-16,8.467042972488833e-17,1.148864444122604e-16,1.148864444122604e-17,1e-15,1.0000000000000001e-16,,4.493824845712407e-16,7.72768230743037e-16
0.01778279410038923,1e-15,2.5977097417310096e-16,1.8368581739323517e-15,3.6584684660024536e-16,1.788854381999832e-18,4.0718001034092383e-17,1.5022270873802957e-17,1.942796371278215e-17,2.2945394012889276e-16,5.623413251903491e-16,8.467042972488833e-17,1.1472697006444638e-16,1.147269700644464e-17,1e-15,1.0000000000000001e-16,,4.489473719851707e-16,7.700188328597604e-16
0.017885455291077712,1e-15,2.590243681750179e-16,1.831578872291161e-15,3.6584684660024536e-16,1.788854381999832e-18,4.0661972094958456e-17,1.4979095466793334e-17,1.9401230372030768e-17,2.291382060427632e-16,5.591135275705601e-16,8.467042972488833e-17,1.145691030213816e-16,1.1456910302138162e-17,1e-15,1.0000000000000001e-16,,4.485143384294576e-16,7.672897702321448e-16
0.017988709151287873,1e-15,2.58279907992179e-16,1.8263147438550735e-15,3.6584684660024536e-16,1.788854381999832e-18,4.06065085273751e-17,1.4936044149928677e-17,1.937476678956048e-17,2.288256579364612e-16,5.559042572704038e-16,8.467042972488833e-17,1.144128289682306e-16,1.1441282896823063e-17,1e-15,1.0000000000000001e-16,,4.480833755615584e-16,7.645809222153165e-16
0.0180925591025382,1e-15,2.575375874573112e-16,1.821065745014883e-15,3.6584684660024536e-16,1.788854381999832e-18,4.0551605284549384e-17,1.489311656656234e-17,1.934857055737219e-17,2.285162673703167e-16,5.527134079444352e-16,8.467042972488833e-17,1.1425813368515834e-16,1.1425813368515834e-17,1e-15,1.0000000000000001e-16,,4.476544750605548e-16,7.618921686722257e-16
0.018197008586099843,1e-15,2.5679740042086664e-16,1.8158318322867195e-15,3.6584684660024536e-16,1.788854381999832e-18,4.049725735335981e-17,1.4850312361072707e-17,1.93226392835326e-17,2.2821000609440435e-16,5.495408738576243e-16,8.467042972488833e-17,1.1410500304720217e-16,1.1410500304720218e-17,1e-15,1.0000000000000001e-16,,4.472276286271677e-16,7.592233899707769e-16
0.018302061063110567,1e-15,2.560593407509722e-16,1.810612962311693e-15,3.6584684660024536e-16,1.788854381999832e-18,4.0443459754308424e-17,1.480763117886027e-17,1.9296970592151358e-17,2.2790684604827433e-16,5.463865498818541e-16,8.467042972488833e-17,1.139534230241372e-16,1.1395342302413719e-17,1e-15,1.0000000000000001e-16,,4.468028279837709e-16,7.565744669810103e-16
0.018407720014689564,1e-15,2.553234023333779e-16,1.8054090918555267e-15,3.6584684660024536e-16,1.788854381999832e-18,4.039020754147057e-17,1.476507266634466e-17,1.9271562123357103e-17,2.276067593606691e-16,5.432503314924331e-16,8.467042972488833e-17,1.1380337968033456e-16,1.1380337968033457e-17,1e-15,1.0000000000000001e-16,,4.463800648744048e-16,7.539452810723266e-16
0.018513988942052723,1e-15,2.545895790714069e-16,1.800220177808206e-15,3.6584684660024536e-16,1.788854381999832e-18,4.033749580244227e-17,1.4722636470961722e-17,1.924641153327234e-17,2.273097183492265e-16,5.401321147646348e-16,8.467042972488833e-17,1.1365485917461325e-16,1.1365485917461326e-17,1e-15,1.0000000000000001e-16,,4.459593310647908e-16,7.513357141107666e-16
0.018620871366628676,1e-15,2.5385786488590487e-16,1.795046177183617e-15,3.6584684660024536e-16,1.788854381999832e-18,4.0285319658285173e-17,1.468032224116062e-17,1.922151649398718e-17,2.2701569552016973e-16,5.370317963702528e-16,8.467042972488833e-17,1.1350784776008486e-16,1.1350784776008487e-17,1e-15,1.0000000000000001e-16,,4.455406183423438e-16,7.487456484563361e-16
0.018728370830175485,1e-15,2.531282537151892e-16,1.7898870471191917e-15,3.6584684660024536e-16,1.788854381999832e-18,4.0233674263469175e-17,1.46381296264009e-17,1.919687469353196e-17,2.267246635679842e-16,5.339492735741767e-16,8.467042972488833e-17,1.133623317839921e-16,1.1336233178399212e-17,1e-15,1.0000000000000001e-16,,4.451239185161858e-16,7.461749669603805e-16
0.018836490894898,1e-15,2.5240073951499947e-16,1.784742744875555e-15,3.6584684660024536e-16,1.788854381999832e-18,4.01825548058126e-17,1.4596058277149594e-17,1.9172483835848708e-17,2.2643659537508025e-16,5.308844442309886e-16,8.467042972488833e-17,1.1321829768754012e-16,1.1321829768754014e-17,1e-15,1.0000000000000001e-16,,4.447092234171583e-16,7.436235529630082e-16
0.018945235143565914,1e-15,2.516753162584468e-16,1.779613227836167e-15,3.6584684660024536e-16,1.788854381999832e-18,4.013195650642012e-17,1.4554107844878325e-17,1.9148341640761516e-17,2.261514640114432e-16,5.27837206781577e-16,8.467042972488833e-17,1.130757320057216e-16,1.1307573200572161e-17,1e-15,1.0000000000000001e-16,,4.442965248978356e-16,7.410912902905601e-16
0.019054607179632484,1e-15,2.5095197793596423e-16,1.7744984535069715e-15,3.6584684660024536e-16,1.788854381999832e-18,4.0081874619618264e-17,1.4512277982060413e-17,1.9124445843945766e-17,2.258692427342702e-16,5.248074602497723e-16,8.467042972488833e-17,1.1293462136713507e-16,1.129346213671351e-17,1e-15,1.0000000000000001e-16,,4.4388581483253633e-16,7.385780632531293e-16
0.019164610627353872,1e-15,2.50230718555257e-16,1.7693983795160469e-15,3.6584684660024536e-16,1.788854381999832e-18,4.003230443288869e-17,1.4470568342168027e-17,1.9100794196896307e-17,2.255899049875939e-16,5.217951042390021e-16,8.467042972488833e-17,1.1279495249379694e-16,1.1279495249379695e-17,1e-15,1.0000000000000001e-16,,4.434770851173362e-16,7.360837566421278e-16
0.019275249131909367,1e-15,2.4951153214125254e-16,1.764312963613249e-15,3.6584684660024536e-16,1.788854381999832e-18,3.998324126679906e-17,1.4428978579669255e-17,1.907738446689444e-17,2.2531342440189324e-16,5.188000389289609e-16,8.467042972488833e-17,1.1265671220094662e-16,1.1265671220094663e-17,1e-15,1.0000000000000001e-16,,4.4307032767007916e-16,7.336082557278991e-16
0.019386526359522076,1e-15,2.4879441273605133e-16,1.7592421636698665e-15,3.6584684660024536e-16,1.788854381999832e-18,3.9934680474931666e-17,1.4387508350025297e-17,1.9054214436973922e-17,2.2503977479369118e-16,5.158221650723057e-16,8.467042972488833e-17,1.1251988739684556e-16,1.1251988739684558e-17,1e-15,1.0000000000000001e-16,,4.426655344303893e-16,7.311514462573794e-16
0.019498445997580455,1e-15,2.4807935439887734e-16,1.7541859376782693e-15,3.6584684660024536e-16,1.788854381999832e-18,3.988661744380989e-17,1.434615730968758e-17,1.9031281905885807e-17,2.247689301651399e-16,5.128613839913649e-16,8.467042972488833e-17,1.1238446508256995e-16,1.1238446508256995e-17,1e-15,1.0000000000000001e-16,,4.422626973596819e-16,7.287132144518055e-16
0.019611011754760474,1e-15,2.4736635120602887e-16,1.7491442437515612e-15,3.6584684660024536e-16,1.788854381999832e-18,3.9839047592822245e-17,1.4304925116094934e-17,1.900858468806226e-17,2.245008647035933e-16,5.099175975748702e-16,8.467042972488833e-17,1.1225043235179662e-16,1.1225043235179665e-17,1e-15,1.0000000000000001e-16,,4.4186180844117423e-16,7.262934470044693e-16
0.019724227361148535,1e-15,2.4665539725082955e-16,1.7441170401232329e-15,3.6584684660024536e-16,1.788854381999832e-18,3.9791966374144334e-17,1.4263811427670727e-17,1.898612061357928e-17,2.2423555278116687e-16,5.069907082747046e-16,8.467042972488833e-17,1.121177763905834e-16,1.1211777639058344e-17,1e-15,1.0000000000000001e-16,,4.4146285967989667e-16,7.238920310785182e-16
0.019838096568365052,1e-15,2.4594648664357935e-16,1.739104285146816e-15,3.6584684660024536e-16,1.788854381999832e-18,3.974536927265855e-17,1.4222815903820056e-17,1.8963887528118408e-17,2.2397296895428527e-16,5.040806191026696e-16,8.467042972488833e-17,1.1198648447714264e-16,1.1198648447714264e-17,1e-15,1.0000000000000001e-16,,4.410658431027025e-16,7.215088543048012e-16
0.01995262314968881,1e-15,2.452396135115056e-16,1.7341059372955366e-15,3.6584684660024536e-16,1.788854381999832e-18,3.969925180587156e-17,1.4181938204926918e-17,1.8941883292927372e-17,2.237130879632175e-16,5.0118723362727185e-16,8.467042972488833e-17,1.1185654398160876e-16,1.1185654398160877e-17,1e-15,1.0000000000000001e-16,,4.4067075075827813e-16,7.191438047797612e-16
0.0200678109001819,1e-15,2.4453477199871497e-16,1.7291219551619764e-15,3.6584684660024536e-16,1.788854381999832e-18,3.965360952382979e-17,1.4141177992351416e-17,1.8920105784779722e-17,2.234558847316004e-16,4.983104559705293e-16,8.467042972488833e-17,1.1172794236580018e-16,1.117279423658002e-17,1e-15,1.0000000000000001e-16,,4.402775747171531e-16,7.16796771063374e-16
0.02018366363681562,1e-15,2.438319562661441e-16,1.7241522974577216e-15,3.6584684660024536e-16,1.788854381999832e-18,3.960843800903251e-17,1.4100534928426902e-17,1.889855289593338e-17,2.2320133436594887e-16,4.9545019080479e-16,8.467042972488833e-17,1.1160066718297444e-16,1.1160066718297444e-17,1e-15,1.0000000000000001e-16,,4.398863070717092e-16,7.144676421771275e-16
0.020300185198596846,1e-15,2.4313116049151177e-16,1.7191969230130278e-15,3.6584684660024536e-16,1.788854381999832e-18,3.956373287634309e-17,1.406000867645724e-17,1.8877222534088306e-17,2.2294941215515607e-16,4.926063433495771e-16,8.467042972488833e-17,1.1147470607757804e-16,1.1147470607757805e-17,1e-15,1.0000000000000001e-16,,4.3949693993618973e-16,7.121563076020521e-16
0.020417379446695295,1e-15,2.424323788692706e-16,1.714255790776475e-15,3.6584684660024536e-16,1.788854381999832e-18,3.9519489772898e-17,1.4019598900713983e-17,1.8856112622343073e-17,2.227000935699803e-16,4.897788193684462e-16,8.467042972488833e-17,1.1135004678499015e-16,1.1135004678499014e-17,1e-15,1.0000000000000001e-16,,4.391094654467083e-16,7.098626572767894e-16
0.02053525026457146,1e-15,2.417356056105587e-16,1.7093288598146287e-15,3.6584684660024536e-16,1.788854381999832e-18,3.947570437801379e-17,1.3979305266433592e-17,1.8835221099150464e-17,2.224533542625209e-16,4.869675251658632e-16,8.467042972488833e-17,1.1122667713126045e-16,1.1122667713126045e-17,1e-15,1.0000000000000001e-16,,4.3872387576125733e-16,7.075865815957092e-16
0.02065380155810529,1e-15,2.410408349431522e-16,1.7044160893117022e-15,3.6584684660024536e-16,1.788854381999832e-18,3.943237240309209e-17,1.3939127439814675e-17,1.8814545918272186e-17,2.2220917006568314e-16,4.841723675840994e-16,8.467042972488833e-17,1.1110458503284157e-16,1.1110458503284158e-17,1e-15,1.0000000000000001e-16,,4.3834016305971644e-16,7.053279714070668e-16
0.02077303725572563,1e-15,2.4034806111141687e-16,1.699517438569216e-15,3.6584684660024536e-16,1.788854381999832e-18,3.938948959152258e-17,1.389906508801522e-17,1.879408504873252e-17,2.2196751699263103e-16,4.813932540001449e-16,8.467042972488833e-17,1.1098375849631549e-16,1.109837584963155e-17,1e-15,1.0000000000000001e-16,,4.3795831954385994e-16,7.030867180112057e-16
0.020892961308540386,1e-15,2.3965727837626095e-16,1.6946328670056624e-15,3.6584684660024536e-16,1.788854381999832e-18,3.934705171858392e-17,1.3859117879149827e-17,1.87738364747711e-17,2.2172837123622925e-16,4.786300923226386e-16,8.467042972488833e-17,1.1086418561811461e-16,1.1086418561811462e-17,1e-15,1.0000000000000001e-16,,4.3757833743736475e-16,7.008627131588011e-16
0.021013577690467487,1e-15,2.3896848101508703e-16,1.6897623341561678e-15,3.6584684660024536e-16,1.788854381999832e-18,3.9305054591342855e-17,1.3819285482286965e-17,1.875379819579475e-17,2.214917091684748e-16,4.758827909888167e-16,8.467042972488833e-17,1.107458545842374e-16,1.107458545842374e-17,1e-15,1.0000000000000001e-16,,4.372002089858174e-16,6.986558490491466e-16
0.021134890398366475,1e-15,2.3828166332174545e-16,1.6849057996721602e-15,3.6584684660024536e-16,1.788854381999832e-18,3.926349404855134e-17,1.3779567567446245e-17,1.873396822632839e-17,2.2125750733991683e-16,4.731512589614804e-16,8.467042972488833e-17,1.1062875366995841e-16,1.1062875366995842e-17,1e-15,1.0000000000000001e-16,,4.3682392645672115e-16,6.964660183284832e-16
0.021256903452171075,1e-15,2.3759681960648614e-16,1.6800632233210322e-15,3.6584684660024536e-16,1.788854381999832e-18,3.922236596054172e-17,1.373996380559566e-17,1.8714344595965052e-17,2.2102574247906636e-16,4.70435405725976e-16,8.467042972488833e-17,1.1051287123953317e-16,1.1051287123953317e-17,1e-15,1.0000000000000001e-16,,4.364494821395022e-16,6.942931140883683e-16
0.021379620895022326,1e-15,2.369139441959121e-16,1.6752345649858078e-15,3.6584684660024536e-16,1.788854381999832e-18,3.9181666229120144e-17,1.3700473868648868e-17,1.8694925349315e-17,2.2079639149179545e-16,4.677351412871981e-16,8.467042972488833e-17,1.1039819574589772e-16,1.1039819574589775e-17,1e-15,1.0000000000000001e-16,,4.360768683455163e-16,6.9213702986408635e-16
0.021503046793402564,1e-15,2.3623303143293225e-16,1.6704197846648123e-15,3.6584684660024536e-16,1.788854381999832e-18,3.9141390787458196e-17,1.3661097429462492e-17,1.867570854595401e-17,2.2056943146072642e-16,4.650503761666063e-16,8.467042972488833e-17,1.102847157303632e-16,1.102847157303632e-17,1e-15,1.0000000000000001e-16,,4.357060774080544e-16,6.899976596330998e-16
0.0216271852372702,1e-15,2.355540756767143e-16,1.6656188424713388e-15,3.6584684660024536e-16,1.788854381999832e-18,3.91015355999825e-17,1.3621834161833377e-17,1.8656692260370747e-17,2.2034483964461006e-16,4.623810213992604e-16,8.467042972488833e-17,1.1017241982230503e-16,1.1017241982230504e-17,1e-15,1.0000000000000001e-16,,4.353371016823482e-16,6.878748978135405e-16
0.021752040340195223,1e-15,2.348770713026384e-16,1.6608316986333183e-15,3.6584684660024536e-16,1.788854381999832e-18,3.906209666226286e-17,1.3582683740495923e-17,1.863787458191334e-17,2.2012259347769507e-16,4.597269885308723e-16,8.467042972488833e-17,1.1006129673884752e-16,1.1006129673884753e-17,1e-15,1.0000000000000001e-16,,4.3496993354557563e-16,6.857686392627394e-16
0.02187761623949552,1e-15,2.342020127022503e-16,1.6560583134929913e-15,3.6584684660024536e-16,1.788854381999832e-18,3.902307000089843e-17,1.3543645841119366e-17,1.8619253614735108e-17,2.199026705690865e-16,4.570881896148752e-16,8.467042972488833e-17,1.0995133528454324e-16,1.0995133528454325e-17,1e-15,1.0000000000000001e-16,,4.346045653968653e-16,6.836787792757964e-16
0.022003917096373997,1e-15,2.33528894283215e-16,1.6512986475065772e-15,3.6584684660024536e-16,1.788854381999832e-18,3.89844516734023e-17,1.3504720140305093e-17,1.8600827477739456e-17,2.1968504870209561e-16,4.544645372095085e-16,8.467042972488833e-17,1.098425243510478e-16,1.098425243510478e-17,1e-15,1.0000000000000001e-16,,4.3424098965730127e-16,6.816052135841874e-16
0.022130947096056387,1e-15,2.328577104692706e-16,1.6465526612439498e-15,3.6584684660024536e-16,1.788854381999832e-18,3.89462377680844e-17,1.346590631558399e-17,1.8582594304524048e-17,2.1946970583357995e-16,4.5185594437492215e-16,8.467042972488833e-17,1.0973485291678997e-16,1.0973485291678998e-17,1e-15,1.0000000000000001e-16,,4.338791987699274e-16,6.795478383544114e-16
0.022258710447930055,1e-15,2.3218845570018156e-16,1.6418203153883068e-15,3.6584684660024536e-16,1.788854381999832e-18,3.890842440393271e-17,1.3427204045413727e-17,1.8564552243324084e-17,2.1925662009327388e-16,4.492623246702932e-16,8.467042972488833e-17,1.0962831004663693e-16,1.0962831004663693e-17,1e-15,1.0000000000000001e-16,,4.3351918519975076e-16,6.775065501866719e-16
0.0223872113856834,1e-15,2.3152112443169317e-16,1.6371015707358473e-15,3.6584684660024536e-16,1.788854381999832e-18,3.8871007730492973e-17,1.3388613009176128e-17,1.8546699456954938e-17,2.1904576978311066e-16,4.466835921509631e-16,8.467042972488833e-17,1.0952288489155533e-16,1.0952288489155534e-17,1e-15,1.0000000000000001e-16,,4.331609414337453e-16,6.754812461135974e-16
0.02251645416744618,1e-15,2.3085571113548535e-16,1.632396388195445e-15,3.6584684660024536e-16,1.788854381999832e-18,3.8833983927746674e-17,1.3350132887174493e-17,1.852903412275393e-17,2.188371333765351e-16,4.44119661365589e-16,8.467042972488833e-17,1.0941856668826755e-16,1.0941856668826756e-17,1e-15,1.0000000000000001e-16,,4.328044599808548e-16,6.734718235989983e-16
0.022646443075930594,1e-15,2.30192210299127e-16,1.6277047287883252e-15,3.6584684660024536e-16,1.788854381999832e-18,3.8797349205987666e-17,1.3311763360630975e-17,1.851155443252145e-17,2.1863068951780807e-16,4.4157044735331266e-16,8.467042972488833e-17,1.0931534475890404e-16,1.0931534475890403e-17,1e-15,1.0000000000000001e-16,,4.3244973337199595e-16,6.714781805366573e-16
0.022777182418573218,1e-15,2.295306164260301e-16,1.6230265536477424e-15,3.6584684660024536e-16,1.788854381999832e-18,3.876109980569715e-17,1.3273504111683912e-17,1.8494258592461306e-17,2.1842641702130206e-16,4.3903586564094474e-16,8.467042972488833e-17,1.0921320851065102e-16,1.0921320851065102e-17,1e-15,1.0000000000000001e-16,,4.3209675416006045e-16,6.695002152491584e-16
0.022908676527677724,1e-15,2.288709240354046e-16,1.6183618240186576e-15,3.6584684660024536e-16,1.788854381999832e-18,3.872523199741725e-17,1.3235354823385212e-17,1.8477144823120437e-17,2.1822429487078881e-16,4.3651583224016613e-16,8.467042972488833e-17,1.0911214743539441e-16,1.0911214743539443e-17,1e-15,1.0000000000000001e-16,,4.3174551491991704e-16,6.675378264867472e-16
0.023040929760558472,1e-15,2.2821312766221233e-16,1.6137105012574161e-15,3.6584684660024536e-16,1.788854381999832e-18,3.868974208162314e-17,1.3197315179697715e-17,1.846021135932784e-17,2.180243022187187e-16,4.340102636447436e-16,8.467042972488833e-17,1.0901215110935935e-16,1.0901215110935937e-17,1e-15,1.0000000000000001e-16,,4.313960082484132e-16,6.655909134262273e-16
0.023173946499684798,1e-15,2.275572218571228e-16,1.6090725468314318e-15,3.6584684660024536e-16,1.788854381999832e-18,3.8654626388593754e-17,1.3159384865492597e-17,1.844345645013294e-17,2.1782641838549219e-16,4.31519076827765e-16,8.467042972488833e-17,1.0891320919274607e-16,1.0891320919274608e-17,1e-15,1.0000000000000001e-16,,4.310482267643766e-16,6.636593756698898e-16
0.023307731152826385,1e-15,2.2690320118646683e-16,1.6044479223188616e-15,3.6584684660024536e-16,1.788854381999832e-18,3.8619881278281116e-17,1.3121563566546731e-17,1.84268783587432e-17,2.1763062285872324e-16,4.2904218923888537e-16,8.467042972488833e-17,1.0881531142936161e-16,1.0881531142936161e-17,1e-15,1.0000000000000001e-16,,4.3070216310861574e-16,6.617431132444744e-16
0.023442288153199226,1e-15,2.262510602321923e-16,1.599836589408292e-15,3.6584684660024536e-16,1.788854381999832e-18,3.858550314017839e-17,1.3083850969540091e-17,1.8410475362461196e-17,2.1743689529249617e-16,4.265795188015926e-16,8.467042972488833e-17,1.0871844764624807e-16,1.0871844764624808e-17,1e-15,1.0000000000000001e-16,,4.303578099439206e-16,6.598420266001641e-16
0.023577621959612546,1e-15,2.256007935918191e-16,1.5952385098984191e-15,3.6584684660024536e-16,1.788854381999832e-18,3.855148839318655e-17,1.3046246762053174e-17,1.8394245752620982e-17,2.1724521550661397e-16,4.2413098391048815e-16,8.467042972488833e-17,1.0862260775330699e-16,1.08622607753307e-17,1e-15,1.0000000000000001e-16,,4.30015159955063e-16,6.579560166096116e-16
0.023713737056616554,1e-15,2.249523958783944e-16,1.5906536456977343e-15,3.6584684660024536e-16,1.788854381999832e-18,3.851783348547984e-17,1.3008750632564397e-17,1.8378187834523886e-17,2.170555634858404e-16,4.2169650342858224e-16,8.467042972488833e-17,1.085277817429202e-16,1.085277817429202e-17,1e-15,1.0000000000000001e-16,,4.2967420584879606e-16,6.560849845669952e-16
0.02385063795465105,1e-15,2.2430586172044785e-16,1.586081958824207e-15,3.6584684660024536e-16,1.788854381999832e-18,3.848453489437001e-17,1.2971362270447512e-17,1.8362299927373755e-17,2.1686791937913449e-16,4.192759966846055e-16,8.467042972488833e-17,1.0843395968956723e-16,1.0843395968956725e-17,1e-15,1.0000000000000001e-16,,4.2933494035385393e-16,6.542288321871071e-16
0.023988329190194897,1e-15,2.2366118576194724e-16,1.5815234114049698e-15,3.6584684660024536e-16,1.788854381999832e-18,3.845158912616924e-17,1.293408136596905e-17,1.8346580364211547e-17,2.1668226349887874e-16,4.1686938347033557e-16,8.467042972488833e-17,1.0834113174943936e-16,1.0834113174943937e-17,1e-15,1.0000000000000001e-16,,4.2899735622095064e-16,6.523874616044692e-16
0.024126815325916328,1e-15,2.2301836266225417e-16,1.5769779656760063e-15,3.6584684660024536e-16,1.788854381999832e-18,3.8418992716052066e-17,1.2896907610285737e-17,1.8331027491849437e-17,2.1649857632010043e-16,4.144765840379393e-16,8.467042972488833e-17,1.0824928816005021e-16,1.0824928816005022e-17,1e-15,1.0000000000000001e-16,,4.28661446222779e-16,6.505607753724806e-16
0.024266100950824168,1e-15,2.223773870960795e-16,1.5724455839818369e-15,3.6584684660024536e-16,1.788854381999832e-18,3.8386742227916044e-17,1.285984069544194e-17,1.831563967080435e-17,2.1631683847968694e-16,4.1209751909732997e-16,8.467042972488833e-17,1.0815841923984346e-16,1.0815841923984346e-17,1e-15,1.0000000000000001e-16,,4.283272031540084e-16,6.487486764625907e-16
0.024406190680419812,1e-15,2.2173825375344002e-16,1.5679262287752087e-15,3.6584684660024536e-16,1.788854381999832e-18,3.835483425424139e-17,1.2822880314367142e-17,1.8300415275230993e-17,2.1613703077559442e-16,4.0973210981354135e-16,8.467042972488833e-17,1.080685153877972e-16,1.0806851538779722e-17,1e-15,1.0000000000000001e-16,,4.2799461983128364e-16,6.469510682635036e-16
0.02454708915685031,1e-15,2.2110095733961332e-16,1.5634198626167815e-15,3.6584684660024536e-16,1.788854381999832e-18,3.83232654159495e-17,1.2786026160873347e-17,1.828535269285432e-17,2.1595913416605059e-16,4.0738027780411266e-16,8.467042972488833e-17,1.0797956708302529e-16,1.079795670830253e-17,1e-15,1.0000000000000001e-16,,4.2766368909322136e-16,6.451678545804048e-16
0.02468880104906209,1e-15,2.2046549257509478e-16,1.5589264481748195e-15,3.6584684660024536e-16,1.788854381999832e-18,3.829203236226049e-17,1.2749277929652588e-17,1.8270450324901594e-17,2.157831297687522e-16,4.0504194513649307e-16,8.467042972488833e-17,1.0789156488437609e-16,1.078915648843761e-17,1e-15,1.0000000000000001e-16,,4.27334403800408e-16,6.433989396342196e-16
0.024831331052955704,1e-15,2.198318541955535e-16,1.5544459482248827e-15,3.6584684660024536e-16,1.788854381999832e-18,3.826113177054972e-17,1.2712635316274374e-17,1.8255706586033917e-17,2.1560899886005623e-16,4.027170343254591e-16,8.467042972488833e-17,1.078044994300281e-16,1.0780449943002811e-17,1e-15,1.0000000000000001e-16,,4.270067568353962e-16,6.416442280608938e-16
0.024974683891541432,1e-15,2.1920003695178877e-16,1.5499783256495164e-15,3.6584684660024536e-16,1.788854381999832e-18,3.8230560346203335e-17,1.2676098017183183e-17,1.8241119904277307e-17,2.154367228741659e-16,4.004054683305465e-16,8.467042972488833e-17,1.0771836143708295e-16,1.0771836143708296e-17,1e-15,1.0000000000000001e-16,,4.266807411027011e-16,6.399036249107016e-16
0.025118864315095794,1e-15,2.1857003560968662e-16,1.5455235434379458e-15,3.6584684660024536e-16,1.788854381999832e-18,3.820031482247293e-17,1.263966572969593e-17,1.8226688720953344e-17,2.1526628340231192e-16,3.9810717055349744e-16,8.467042972488833e-17,1.0763314170115594e-16,1.0763314170115595e-17,1e-15,1.0000000000000001e-16,,4.2635634952879687e-16,6.381770356475757e-16
0.025263877101318954,1e-15,2.1794184495017637e-16,1.5410815646857682e-15,3.6584684660024536e-16,1.788854381999832e-18,3.817039196032927e-17,1.260333815199948e-17,1.8212411490609378e-17,2.150976621919276e-16,3.9582206483572264e-16,8.467042972488833e-17,1.075488310959638e-16,1.0754883109596381e-17,1e-15,1.0000000000000001e-16,,4.2603357506211154e-16,6.364643661484642e-16
0.025409727055493065,1e-15,2.1731545976918731e-16,1.5366523525946471e-15,3.6584684660024536e-16,1.788854381999832e-18,3.814078854831515e-17,1.2567114983148123e-17,1.819828668094833e-17,2.149308411458205e-16,3.9355007545577725e-16,8.467042972488833e-17,1.0746542057291024e-16,1.0746542057291025e-17,1e-15,1.0000000000000001e-16,,4.2571241067302277e-16,6.347655227027082e-16
0.025556419010641394,1e-15,2.1669087487760608e-16,1.5322358704720096e-15,3.6584684660024536e-16,1.788854381999832e-18,3.81115014023975e-17,1.2530995923061117e-17,1.8184312772758125e-17,2.147658023213382e-16,3.9129112712685285e-16,8.467042972488833e-17,1.0738290116066908e-16,1.0738290116066909e-17,1e-15,1.0000000000000001e-16,,4.2539284935385264e-16,6.330804120114436e-16
0.025703957827688646,1e-15,2.16068085101233e-16,1.5278320817307388e-15,3.6584684660024536e-16,1.788854381999832e-18,3.808252736581857e-17,1.2494980672520163e-17,1.817048825984068e-17,2.1460252792953032e-16,3.8904514499428053e-16,8.467042972488833e-17,1.0730126396476516e-16,1.0730126396476517e-17,1e-15,1.0000000000000001e-16,,4.250748841188618e-16,6.314089411870223e-16
0.02585234839562191,1e-15,2.1544708528073954e-16,1.5234409498888733e-15,3.6584684660024536e-16,1.788854381999832e-18,3.8053863308946454e-17,1.2459068933166946e-17,1.8156811648940595e-17,2.144410003343058e-16,3.8681205463305217e-16,8.467042972488833e-17,1.072205001671529e-16,1.072205001671529e-17,1e-15,1.0000000000000001e-16,,4.2475850800424363e-16,6.297510177524574e-16
0.026001595631652722,1e-15,2.1482787027162566e-16,1.5190624385693043e-15,3.6584684660024536e-16,1.788854381999832e-18,3.8025506129124847e-17,1.2423260407500662e-17,1.8143281459673452e-17,2.1428120205158647e-16,3.845917820453536e-16,8.467042972488833e-17,1.0714060102579324e-16,1.0714060102579325e-17,1e-15,1.0000000000000001e-16,,4.244437140681182e-16,6.281065496408871e-16
0.026151704481379972,1e-15,2.1421043494417708e-16,1.5146965114994739e-15,3.6584684660024536e-16,1.788854381999832e-18,3.799745275052211e-17,1.2387554798875554e-17,1.8129896224453813e-17,2.1412311574845646e-16,3.8238425365811263e-16,8.467042972488833e-17,1.0706155787422822e-16,1.0706155787422822e-17,1e-15,1.0000000000000001e-16,,4.2413049539052496e-16,6.264754451950588e-16
0.026302679918953815,1e-15,2.1359477418342275e-16,1.5103431325110752e-15,3.6584684660024536e-16,1.788854381999832e-18,3.796970012397966e-17,1.2351951811498449e-17,1.811665448842287e-17,2.1396672424230766e-16,3.8018939632056127e-16,8.467042972488833e-17,1.0698336212115382e-16,1.0698336212115383e-17,1e-15,1.0000000000000001e-16,,4.2381884507341624e-16,6.248576131668313e-16
0.026454526947240486,1e-15,2.1298088288909253e-16,1.5060022655397526e-15,3.6584684660024536e-16,1.788854381999832e-18,3.794224522685973e-17,1.2316451150426313e-17,1.8103554809375813e-17,2.1381201049998204e-16,3.7800713730181125e-16,8.467042972488833e-17,1.0690600524999101e-16,1.0690600524999102e-17,1e-15,1.0000000000000001e-16,,4.235087562406492e-16,6.232529627166976e-16
0.026607250597988113,1e-15,2.1236875597557488e-16,1.5016738746248015e-15,3.6584684660024536e-16,1.788854381999832e-18,3.79150850628925e-17,1.2281052521563799e-17,1.8090595757688906e-17,2.1365895763691023e-16,3.7583740428844395e-16,8.467042972488833e-17,1.0682947881845513e-16,1.0682947881845514e-17,1e-15,1.0000000000000001e-16,,4.2320022203797833e-16,6.21661403413322e-16
0.026760855931993333,1e-15,2.1175838837187506e-16,1.4973579239088741e-15,3.6584684660024536e-16,1.788854381999832e-18,3.7888216662022764e-17,1.2245755631660838e-17,1.8077775916246278e-17,2.1350754891624732e-16,3.736801253821156e-16,8.467042972488833e-17,1.0675377445812366e-16,1.0675377445812367e-17,1e-15,1.0000000000000001e-16,,4.228932356330469e-16,6.200828452330989e-16
0.026915348039269166,1e-15,2.1114977502157252e-16,1.4930543776376782e-15,3.6584684660024536e-16,1.788854381999832e-18,3.7861637080255884e-17,1.2210560188310171e-17,1.8065093880366484e-17,2.1335776774800477e-16,3.7153522909717245e-16,8.467042972488833e-17,1.0667888387400237e-16,1.0667888387400238e-17,1e-15,1.0000000000000001e-16,,4.225877902153782e-16,6.185171985597216e-16
0.027070732039213577,1e-15,2.1054291088277944e-16,1.488763200159683e-15,3.6584684660024536e-16,1.788854381999832e-18,3.7835343399503377e-17,1.2175465899944943e-17,1.8052548257728783e-17,2.1320959768818032e-16,3.694026443582834e-16,8.467042972488833e-17,1.0660479884409015e-16,1.0660479884409016e-17,1e-15,1.0000000000000001e-16,,4.222838789963668e-16,6.169643741837728e-16
0.027227013080779128,1e-15,2.0993779092809887e-16,1.4844843559258237e-15,3.6584684660024536e-16,1.788854381999832e-18,3.780933272742797e-17,1.2140472475836301e-17,1.8040137668299233e-17,2.1306302243788482e-16,3.6728230049808466e-16,8.467042972488833e-17,1.0653151121894242e-16,1.0653151121894242e-17,1e-15,1.0000000000000001e-16,,4.219814952092688e-16,6.154242833023259e-16
0.027384196342643614,1e-15,2.0933441014458308e-16,1.4802178094892069e-15,3.6584684660024536e-16,1.788854381999832e-18,3.7783602197288185e-17,1.2105579626090963e-17,1.802786074425653e-17,2.1291802584246664e-16,3.6517412725483773e-16,8.467042972488833e-17,1.0645901292123332e-16,1.0645901292123332e-17,1e-15,1.0000000000000001e-16,,4.2168063210919186e-16,6.138968375185628e-16
0.02754228703338166,1e-15,2.0873276353369196e-16,1.475963525504817e-15,3.6584684660024536e-16,1.788854381999832e-18,3.775814896778258e-17,1.2070787061648836e-17,1.8015716129917675e-17,2.127745918906335e-16,3.6307805477010146e-16,8.467042972488833e-17,1.0638729594531673e-16,1.0638729594531674e-17,1e-15,1.0000000000000001e-16,,4.213812829730852e-16,6.123819488414041e-16
0.027701290391637327,1e-15,2.0813284611125176e-16,1.4717214687292227e-15,3.6584684660024536e-16,1.788854381999832e-18,3.773297022289349e-17,1.2036094494280608e-17,1.8003702481663448e-17,2.1263270471357222e-16,3.6099401358641677e-16,8.467042972488833e-17,1.0631635235678611e-16,1.0631635235678612e-17,1e-15,1.0000000000000001e-16,,4.210834410997287e-16,6.108795296851516e-16
0.027861211686297693,1e-15,2.0753465290741362e-16,1.467491604020286e-15,3.6584684660024536e-16,1.788854381999832e-18,3.770806317173047e-17,1.2001501636585364e-17,1.79918184678637e-17,2.1249234858406676e-16,3.5892193464500536e-16,8.467042972488833e-17,1.0624617429203338e-16,1.0624617429203339e-17,1e-15,1.0000000000000001e-16,,4.207870998097221e-16,6.093894928691454e-16
0.02802205621666748,1e-15,2.0693817896661245e-16,1.4632738963368704e-15,3.6584684660024536e-16,1.788854381999832e-18,3.768342504837348e-17,1.1967008201988206e-17,1.7980062768802492e-17,2.1235350791561376e-16,3.56861749283481e-16,8.467042972488833e-17,1.0617675395780688e-16,1.0617675395780688e-17,1e-15,1.0000000000000001e-16,,4.204922524454733e-16,6.079117516174292e-16
0.02818382931264455,1e-15,2.0634341934752616e-16,1.459068310738552e-15,3.6584684660024536e-16,1.788854381999832e-18,3.765905311171562e-17,1.193261390473789e-17,1.7968434076603123e-17,2.1221616726153709e-16,3.5481338923357536e-16,8.467042972488833e-17,1.0610808363076853e-16,1.0610808363076854e-17,1e-15,1.0000000000000001e-16,,4.2019889237118656e-16,6.064462195584296e-16
0.02834653633489668,1e-15,2.0575036912303428e-16,1.4548748123853279e-15,3.6584684660024536e-16,1.788854381999832e-18,3.7634944645305646e-17,1.1898318459904433e-17,1.7956931095152938e-17,2.1208031131409993e-16,3.527767866188739e-16,8.467042972488833e-17,1.0604015565704995e-16,1.0604015565704998e-17,1e-15,1.0000000000000001e-16,,4.1990701297285047e-16,6.049928107246427e-16
0.028510182675039096,1e-15,2.0515902338017734e-16,1.4506933665373285e-15,3.6584684660024536e-16,1.788854381999832e-18,3.761109695719033e-17,1.1864121583376776e-17,1.7945552540028137e-17,2.119459249036167e-16,3.5075187395256803e-16,8.467042972488833e-17,1.0597296245180834e-16,1.0597296245180835e-17,1e-15,1.0000000000000001e-16,,4.19616607658225e-16,6.03551439552332e-16
0.02867477375581316,1e-15,2.0456937722011622e-16,1.4465239385545303e-15,3.6584684660024536e-16,1.788854381999832e-18,3.758750737975646e-17,1.1830022991860414e-17,1.7934297138418386e-17,2.1181299299756254e-16,3.4873858413521846e-16,8.467042972488833e-17,1.0590649649878127e-16,1.0590649649878128e-17,1e-15,1.0000000000000001e-16,,4.193276698568288e-16,6.02122020881235e-16
0.028840315031266057,1e-15,2.039814257580915e-16,1.442366493896468e-15,3.6584684660024536e-16,1.788854381999832e-18,3.7564173269572733e-17,1.1796022402875063e-17,1.7923163629051363e-17,2.1168150069968242e-16,3.4673685045253165e-16,8.467042972488833e-17,1.0584075034984121e-16,1.0584075034984122e-17,1e-15,1.0000000000000001e-16,,4.1904019301992547e-16,6.007044699542766e-16
0.02900681198693153,1e-15,2.0339516412338307e-16,1.4382209981219495e-15,3.6584684660024536e-16,1.788854381999832e-18,3.7541092007231487e-17,1.1762119534752314e-17,1.7912150762117262e-17,2.1155143324909923e-16,3.447466065731495e-16,8.467042972488833e-17,1.057757166245496e-16,1.0577571662454962e-17,1e-15,1.0000000000000001e-16,,4.1875417062051e-16,5.992987024172922e-16
0.029174270140011657,1e-15,2.0281058745926964e-16,1.4340874168887693e-15,3.6584684660024536e-16,1.788854381999832e-18,3.75182609971902e-17,1.1728314106633296e-17,1.7901257299193167e-17,2.114227760194207e-16,3.4276778654645053e-16,8.467042972488833e-17,1.0571138800971034e-16,1.0571138800971035e-17,1e-15,1.0000000000000001e-16,,4.184695961532945e-16,5.979046343187549e-16
0.029342695039559705,1e-15,2.0222769092298852e-16,1.429965715953424e-15,3.6584684660024536e-16,1.788854381999832e-18,3.7495677667613037e-17,1.1694605838466346e-17,1.789048201316742e-17,2.112955145178462e-16,3.408003248003648e-16,8.467042972488833e-17,1.056477572589231e-16,1.056477572589231e-17,1e-15,1.0000000000000001e-16,,4.1818646313469347e-16,5.965221821095112e-16
0.02951209226666387,1e-15,2.0164646968569593e-16,1.4258558611708317e-15,3.6584684660024536e-16,1.788854381999832e-18,3.747333947021217e-17,1.1660994451004721e-17,1.7879823688163947e-17,2.1116963438427297e-16,3.3884415613920246e-16,8.467042972488833e-17,1.0558481719213648e-16,1.0558481719213648e-17,1e-15,1.0000000000000001e-16,,4.1790476510280916e-16,5.951512626425223e-16
0.029682467434632428,1e-15,2.0106691893242627e-16,1.4217578184940443e-15,3.6584684660024536e-16,1.788854381999832e-18,3.7451243880089056e-17,1.1627479665804231e-17,1.786928111946651e-17,2.110451213904014e-16,3.3689921574149065e-16,8.467042972488833e-17,1.0552256069520069e-16,1.055225606952007e-17,1e-15,1.0000000000000001e-16,,4.176244956174159e-16,5.937917931726074e-16
0.029853826189179603,1e-15,2.004890338620527e-16,1.417671553973968e-15,3.6584684660024536e-16,1.788854381999832e-18,3.7429388395575763e-17,1.1594061205220972e-17,1.785885311344298e-17,2.1092196143884083e-16,3.349654391578276e-16,8.467042972488833e-17,1.054609807194204e-16,1.0546098071942041e-17,1e-15,1.0000000000000001e-16,,4.1734564825994433e-16,5.924436913561946e-16
0.030026174208612675,1e-15,1.999128096872473e-16,1.413597033759083e-15,3.6584684660024536e-16,1.788854381999832e-18,3.7407770538076176e-17,1.1560738792409016e-17,1.7848538487469606e-17,2.10800140562215e-16,3.3304276230874637e-16,8.467042972488833e-17,1.0540007028110749e-16,1.0540007028110751e-17,1e-15,1.0000000000000001e-16,,4.1706821663346555e-16,5.911068752510745e-16
0.03019951720402016,1e-15,1.9933824163444135e-16,1.4095342240951606e-15,3.6584684660024536e-16,1.788854381999832e-18,3.7386387851907324e-17,1.1527512151318111e-17,1.7838336069855284e-17,2.1067964492226756e-16,3.311311214825911e-16,8.467042972488833e-17,1.0533982246113378e-16,1.0533982246113379e-17,1e-15,1.0000000000000001e-16,,4.167921943626742e-16,5.897812633161558e-16
0.030373860919461045,1e-15,1.9876532494378587e-16,1.4054830913249861e-15,3.6584684660024536e-16,1.788854381999832e-18,3.7365237904140614e-17,1.1494381006691404e-17,1.78282446997658e-17,2.1056046080896772e-16,3.2923045333340654e-16,8.467042972488833e-17,1.0528023040448385e-16,1.0528023040448385e-17,1e-15,1.0000000000000001e-16,,4.165175750938719e-16,5.884667744112245e-16
0.030549211132155123,1e-15,1.9819405486911203e-16,1.4014436018880781e-15,3.6584684660024536e-16,1.788854381999832e-18,3.7344318284443246e-17,1.1461345084063154e-17,1.781826322714819e-17,2.1044257463961617e-16,3.2734069487883825e-16,8.467042972488833e-17,1.0522128731980809e-16,1.052212873198081e-17,1e-15,1.0000000000000001e-16,,4.162443524949498e-16,5.871633277967043e-16
0.030725573652674486,1e-15,1.9762442667789192e-16,1.3974157223204102e-15,3.6584684660024536e-16,1.788854381999832e-18,3.732362660491962e-17,1.1428404109756451e-17,1.7808390512655037e-17,2.10325972957952e-16,3.2546178349804566e-16,8.467042972488833e-17,1.05162986478976e-16,1.0516298647897601e-17,1e-15,1.0000000000000001e-16,,4.1597252025537076e-16,5.858708431334195e-16
0.03090295432513592,1e-15,1.9705643565119962e-16,1.393399419254138e-15,3.6584684660024536e-16,1.788854381999832e-18,3.7303160499952926e-17,1.1395557810880981e-17,1.7798625427568914e-17,2.102106424332593e-16,3.2359365692962815e-16,8.467042972488833e-17,1.0510532121662966e-16,1.0510532121662966e-17,1e-15,1.0000000000000001e-16,,4.157020720861516e-16,5.845892404823564e-16
0.031081359027394766,1e-15,1.964900770836715e-16,1.3893946594173156e-15,3.6584684660024536e-16,1.788854381999832e-18,3.728291762604677e-17,1.1362805915330723e-17,1.778896685372679e-17,2.1009656985947528e-16,3.2173625326955976e-16,8.467042972488833e-17,1.0504828492973763e-16,1.0504828492973764e-17,1e-15,1.0000000000000001e-16,,4.1543300171984425e-16,5.833184403044265e-16
0.03126079367123956,1e-15,1.959253462834678e-16,1.3854014096336261e-15,3.6584684660024536e-16,1.788854381999832e-18,3.726289566166702e-17,1.133014815178172e-17,1.7779413683444622e-17,2.0998374215429872e-16,3.1988951096913973e-16,8.467042972488833e-17,1.0499187107714935e-16,1.0499187107714936e-17,1e-15,1.0000000000000001e-16,,4.1516530291051726e-16,5.82058363460229e-16
0.03144126420258796,1e-15,1.9536223857223342e-16,1.3814196368221036e-15,3.6584684660024536e-16,1.788854381999832e-18,3.724309230708382e-17,1.129758424968982e-17,1.77699648194419e-17,2.0987214635829978e-16,3.180533688329521e-16,8.467042972488833e-17,1.0493607317914988e-16,1.0493607317914988e-17,1e-15,1.0000000000000001e-16,,4.1489896943373645e-16,5.808089312098119e-16
0.03162277660168379,1e-15,1.9480074928505935e-16,1.3774493079968598e-15,3.6584684660024536e-16,1.788854381999832e-18,3.7223505284213705e-17,1.1265113939288451e-17,1.776061917476638e-17,2.0976176963403035e-16,3.16227766016838e-16,8.467042972488833e-17,1.0488088481701516e-16,1.0488088481701517e-17,1e-15,1.0000000000000001e-16,,4.146339950865452e-16,5.795700652124309e-16
0.031805336883295204,1e-15,1.9424087377044396e-16,1.3734903902668114e-15,3.6584684660024536e-16,1.788854381999832e-18,3.720413233646206e-17,1.123273695158636e-17,1.7751375672718884e-17,2.0965259926513612e-16,3.144126420258796e-16,8.467042972488833e-17,1.0482629963256806e-16,1.0482629963256807e-17,1e-15,1.0000000000000001e-16,,4.1437037368744466e-16,5.783416875263083e-16
0.03198895109691397,1e-15,1.936826073902545e-16,1.3695428508354069e-15,3.6584684660024536e-16,1.788854381999832e-18,3.718497122856572e-17,1.1200453018365418e-17,1.7742233246778203e-17,2.0954462265546985e-16,3.1260793671239564e-16,8.467042972488833e-17,1.0477231132773492e-16,1.0477231132773494e-17,1e-15,1.0000000000000001e-16,,4.1410809907637344e-16,5.771237206083865e-16
0.032173625326955974,1e-15,1.9312594551968858e-16,1.3656066570003554e-15,3.6584684660024536e-16,1.788854381999832e-18,3.7166019746435845e-17,1.1168261872178366e-17,1.773319084052613e-17,2.0943782732820557e-16,3.108135902739477e-16,8.467042972488833e-17,1.047189136641028e-16,1.047189136641028e-17,1e-15,1.0000000000000001e-16,,4.1384716511468665e-16,5.759160873140803e-16
0.03235936569296284,1e-15,1.9257088354723586e-16,1.3616817761533542e-15,3.6584684660024536e-16,1.788854381999832e-18,3.7147275697001055e-17,1.1136163246346613e-17,1.7724247407572607e-17,2.09332200924955e-16,3.0902954325135895e-16,8.467042972488833e-17,1.046661004624775e-16,1.0466610046247751e-17,1e-15,1.0000000000000001e-16,,4.1358756568513494e-16,5.747187108970247e-16
0.032546178349804604,1e-15,1.9201741687464014e-16,1.3577681757798224e-15,3.6584684660024536e-16,1.788854381999832e-18,3.712873690805088e-17,1.1104156874958044e-17,1.7715401911481058e-17,2.092277312048852e-16,3.0725573652674455e-16,8.467042972488833e-17,1.0461386560244259e-16,1.046138656024426e-17,1e-15,1.0000000000000001e-16,,4.133292946918431e-16,5.735315150088189e-16
0.03273406948788383,1e-15,1.9146554091686093e-16,1.3538658234586275e-15,3.6584684660024536e-16,1.788854381999832e-18,3.711040122807951e-17,1.1072242492864783e-17,1.7706653325693786e-17,2.0912440604383786e-16,3.0549211132155124e-16,8.467042972488833e-17,1.0456220302191892e-16,1.0456220302191892e-17,1e-15,1.0000000000000001e-16,,4.130723460602881e-16,5.723544236987647e-16
0.03292304533334065,1e-15,1.9091525110203548e-16,1.3499746868618177e-15,3.6584684660024536e-16,1.788854381999832e-18,3.709226652612983e-17,1.1040419835681019e-17,1.7698000633457605e-17,2.090222134334508e-16,3.0373860919461047e-16,8.467042972488833e-17,1.0451110671672538e-16,1.0451110671672539e-17,1e-15,1.0000000000000001e-16,,4.128167137372769e-16,5.711873614136005e-16
0.03311311214825911,1e-15,1.90366542871441e-16,1.3460947337543556e-15,3.6584684660024536e-16,1.788854381999832e-18,3.7074330691637873e-17,1.1008688639780808e-17,1.76894428277496e-17,2.0892114148028114e-16,3.0199517204020163e-16,8.467042972488833e-17,1.0446057074014057e-16,1.0446057074014057e-17,1e-15,1.0000000000000001e-16,,4.125623916909239e-16,5.700302529972298e-16
0.03330427623087463,1e-15,1.898194116794571e-16,1.3422259319938505e-15,3.6584684660024536e-16,1.788854381999832e-18,3.7056591634277556e-17,1.0977048642295899e-17,1.768097891120304e-17,2.0882117840493054e-16,3.0026174208612674e-16,8.467042972488833e-17,1.0441058920246526e-16,1.0441058920246527e-17,1e-15,1.0000000000000001e-16,,4.1230937391062796e-16,5.688830236904427e-16
0.03349654391578276,1e-15,1.8927385299352767e-16,1.3383682495302913e-15,3.6584684660024536e-16,1.788854381999832e-18,3.703904728380588e-17,1.0945499581113543e-17,1.7672607896033542e-17,2.0872231254117272e-16,2.98538261891796e-16,8.467042972488833e-17,1.0436115627058635e-16,1.0436115627058636e-17,1e-15,1.0000000000000001e-16,,4.1205765440704916e-16,5.677455991306318e-16
0.03368992157414906,1e-15,1.8872986229412376e-16,1.3345216544057822e-15,3.6584684660024536e-16,1.788854381999832e-18,3.7021695589908446e-17,1.0914041194874325e-17,1.766432880396533e-17,2.086245323350829e-16,2.968246743463243e-16,8.467042972488833e-17,1.0431226616754145e-16,1.0431226616754146e-17,1e-15,1.0000000000000001e-16,,4.11807227212085e-16,5.666179053514998e-16
0.03388441561392028,1e-15,1.881874350747058e-16,1.330686114754276e-15,3.6584684660024536e-16,1.788854381999832e-18,3.70045345220454e-17,1.0882673222970003e-17,1.7656140666157762e-17,2.0852782634417e-16,2.9512092266663837e-16,8.467042972488833e-17,1.0426391317208499e-16,1.04263913172085e-17,1e-15,1.0000000000000001e-16,,4.115580863788464e-16,5.654998687827607e-16
0.034080032480036514,1e-15,1.8764656684168673e-16,1.3268615988013146e-15,3.6584684660024536e-16,1.788854381999832e-18,3.6987562069297864e-17,1.0851395405541358e-17,1.7648042523132032e-17,2.0843218323651076e-16,2.9342695039559676e-16,8.467042972488833e-17,1.0421609161825538e-16,1.0421609161825538e-17,1e-15,1.0000000000000001e-16,,4.1131022598163354e-16,5.643914162498337e-16
0.03427677865464505,1e-15,1.8710725311439423e-16,1.3230480748637594e-15,3.6584684660024536e-16,1.788854381999832e-18,3.6970776240214755e-17,1.0820207483476018e-17,1.7640033424698084e-17,2.0833759178988683e-16,2.917427014001166e-16,8.467042972488833e-17,1.0416879589494341e-16,1.0416879589494343e-17,1e-15,1.0000000000000001e-16,,4.110636401159107e-16,5.632924749735258e-16
0.03447466065731494,1e-15,1.865694894250339e-16,1.3192455113495334e-15,3.6584684660024536e-16,1.788854381999832e-18,3.695417506266003e-17,1.0789109198406327e-17,1.7632112429881745e-17,2.082440408909239e-16,2.900681198693153e-16,8.467042972488833e-17,1.0412202044546195e-16,1.0412202044546195e-17,1e-15,1.0000000000000001e-16,,4.108183228982812e-16,5.622029725697093e-16
0.034673685045253165,1e-15,1.8603327131865221e-16,1.3154538767573585e-15,3.6584684660024536e-16,1.788854381999832e-18,3.6937756583660497e-17,1.07581002927072e-17,1.7624278606852102e-17,2.0815151953423422e-16,2.884031503126606e-16,8.467042972488833e-17,1.0407575976711711e-16,1.0407575976711712e-17,1e-15,1.0000000000000001e-16,,4.1057426846646234e-16,5.61122837048988e-16
0.034873858413521835,1e-15,1.854985943530996e-16,1.3116731396764934e-15,3.6584684660024536e-16,1.788854381999832e-18,3.6921518869254046e-17,1.0727180509494e-17,1.761653103284907e-17,2.0806001682156108e-16,2.8674773755813164e-16,8.467042972488833e-17,1.0403000841078054e-16,1.0403000841078055e-17,1e-15,1.0000000000000001e-16,,4.1033147097925903e-16,5.600519968163543e-16
0.03507518739525679,1e-15,1.8496545409899362e-16,1.3079032687864748e-15,3.6584684660024536e-16,1.788854381999832e-18,3.690546000433842e-17,1.0696349592620387e-17,1.7608868794111273e-17,2.079695219609268e-16,2.85101826750391e-16,8.467042972488833e-17,1.0398476098046338e-16,1.039847609804634e-17,1e-15,1.0000000000000001e-16,,4.1008992461653815e-16,5.589903806708371e-16
0.035277678661887385,1e-15,1.8443384613968233e-16,1.3041442328568574e-15,3.6584684660024536e-16,1.788854381999832e-18,3.688957809252043e-17,1.066560728667622e-17,1.7601290985804052e-17,2.0788002426578288e-16,2.834653633489668e-16,8.467042972488833e-17,1.0394001213289143e-16,1.0394001213289144e-17,1e-15,1.0000000000000001e-16,,4.0984962357920137e-16,5.579379178051382e-16
0.035481338923357565,1e-15,1.8390376607120754e-16,1.3003960007469538e-15,3.6584684660024536e-16,1.788854381999832e-18,3.687387125596578e-17,1.0634953336985422e-17,1.7593796711947856e-17,2.07791513154164e-16,2.8183829312644526e-16,8.467042972488833e-17,1.03895756577082e-16,1.0389575657708201e-17,1e-15,1.0000000000000001e-16,,4.09610562089159e-16,5.568945378052595e-16
0.035686174928348136,1e-15,1.8337520950226871e-16,1.2966585414055802e-15,3.6584684660024536e-16,1.788854381999832e-18,3.685833763524942e-17,1.0604387489603888e-17,1.7586385085346815e-17,2.0770397814784455e-16,2.802205621666745e-16,8.467042972488833e-17,1.0385198907392228e-16,1.0385198907392228e-17,1e-15,1.0000000000000001e-16,,4.093727343893021e-16,5.558601706501186e-16
0.03589219346450054,1e-15,1.8284817205418607e-16,1.2929318238707955e-15,3.6584684660024536e-16,1.788854381999832e-18,3.6842975389206405e-17,1.0573909491317368e-17,1.7579055227517578e-17,2.0761740887149797e-16,2.786121168629769e-16,8.467042972488833e-17,1.0380870443574899e-16,1.03808704435749e-17,1e-15,1.0000000000000001e-16,,4.0913613474347543e-16,5.548347467111528e-16
0.03609940135864167,1e-15,1.8232264936086464e-16,1.2892158172696456e-15,3.6584684660024536e-16,1.788854381999832e-18,3.682778269478333e-17,1.054351908963937e-17,1.757180626861845e-17,2.0753179505186012e-16,2.770129039163734e-16,8.467042972488833e-17,1.0376589752593006e-16,1.0376589752593007e-17,1e-15,1.0000000000000001e-16,,4.089007574364492e-16,5.538181967519123e-16
0.03630780547701014,1e-15,1.81798637068758e-16,1.2855104908179083e-15,3.6584684660024536e-16,1.788854381999832e-18,3.6812757746890454e-17,1.0513216032809078e-17,1.75646373473788e-17,2.0744712651689526e-16,2.7542287033381667e-16,8.467042972488833e-17,1.0372356325844763e-16,1.0372356325844763e-17,1e-15,1.0000000000000001e-16,,4.086665967738909e-16,5.528104519276404e-16
0.03651741272548377,1e-15,1.812761308368323e-16,1.2818158138198392e-15,3.6584684660024536e-16,1.788854381999832e-18,3.679789875825416e-17,1.0483000069789254e-17,1.7557547611028706e-17,2.073633931949654e-16,2.7384196342643615e-16,8.467042972488833e-17,1.036816965974827e-16,1.036816965974827e-17,1e-15,1.0000000000000001e-16,,4.08433647082337e-16,5.518114437848436e-16
0.036728230049808464,1e-15,1.807551263365301e-16,1.2781317556679153e-15,3.6584684660024536e-16,1.788854381999832e-18,3.678320395927036e-17,1.0452870950264165e-17,1.7550536215228973e-17,2.0728058511400355e-16,2.722701308077913e-16,8.467042972488833e-17,1.0364029255700177e-16,1.0364029255700179e-17,1e-15,1.0000000000000001e-16,,4.082019027091634e-16,5.508211042608474e-16
0.03694026443582834,1e-15,1.8023561925173474e-16,1.2744582858425828e-15,3.6584684660024536e-16,1.788854381999832e-18,3.6768671597858184e-17,1.0422828424637514e-17,1.7543602324001347e-17,2.071986924006897e-16,2.707073203921358e-16,8.467042972488833e-17,1.0359934620034483e-16,1.0359934620034484e-17,1e-15,1.0000000000000001e-16,,4.0797135802255675e-16,5.498393656833391e-16
0.03715352290971724,1e-15,1.7971760527873444e-16,1.270795373912004e-15,3.6584684660024536e-16,1.788854381999832e-18,3.6754299939314535e-17,1.0392872244030363e-17,1.7536745109659103e-17,2.0711770527963073e-16,2.691534803926917e-16,8.467042972488833e-17,1.0355885263981535e-16,1.0355885263981535e-17,1e-15,1.0000000000000001e-16,,4.077420074114846e-16,5.488661607698998e-16
0.0373680125382116,1e-15,1.7920108012618664e-16,1.2671429895318043e-15,3.6584684660024536e-16,1.788854381999832e-18,3.6740087266169095e-17,1.0363002160279069e-17,1.7529963752737876e-17,2.0703761407254384e-16,2.6760855931993306e-16,8.467042972488833e-17,1.0351880703627192e-16,1.0351880703627193e-17,1e-15,1.0000000000000001e-16,,4.0751384528566555e-16,5.479014226275211e-16
0.03758374042884443,1e-15,1.7868603951508271e-16,1.2635011024448238e-15,3.6584684660024536e-16,1.788854381999832e-18,3.672603187804012e-17,1.0333217925933255e-17,1.752325744192684e-17,2.069584091974437e-16,2.660725059798809e-16,8.467042972488833e-17,1.0347920459872184e-16,1.0347920459872185e-17,1e-15,1.0000000000000001e-16,,4.0728686607553895e-16,5.469450847521097e-16
0.037800713730181124,1e-15,1.7817247917871207e-16,1.2598696824808624e-15,3.6584684660024536e-16,1.788854381999832e-18,3.67121320914908e-17,1.0303519294253717e-17,1.751662537400018e-17,2.0688008116783282e-16,2.6454526947240484e-16,8.467042972488833e-17,1.034400405839164e-16,1.034400405839164e-17,1e-15,1.0000000000000001e-16,,4.070610642322342e-16,5.459970810279769e-16
0.038018939632056124,1e-15,1.7766039486262709e-16,1.2562486995564329e-15,3.6584684660024536e-16,1.788854381999832e-18,3.669838623988625e-17,1.0273906019210417e-17,1.7510066753748887e-17,2.0680262059189614e-16,2.6302679918953815e-16,8.467042972488833e-17,1.0340131029594807e-16,1.0340131029594808e-17,1e-15,1.0000000000000001e-16,,4.0683643422754013e-16,5.450573457273161e-16
0.03823842536581126,1e-15,1.7714978232460791e-16,1.2526381236745105e-15,3.6584684660024536e-16,1.788854381999832e-18,3.6684792673251313e-17,1.0244377855480418e-17,1.7503580793912848e-17,2.0672601817169922e-16,2.6151704481379973e-16,8.467042972488833e-17,1.0336300908584961e-16,1.0336300908584962e-17,1e-15,1.0000000000000001e-16,,4.066129705538736e-16,5.441258135096642e-16
0.03845917820453535,1e-15,1.7664063733462712e-16,1.2490379249242848e-15,3.6584684660024536e-16,1.788854381999832e-18,3.667134975812887e-17,1.0214934558445877e-17,1.7497166715113298e-17,2.066502647023902e-16,2.6001595631652722e-16,8.467042972488833e-17,1.0332513235119509e-16,1.033251323511951e-17,1e-15,1.0000000000000001e-16,,4.063906677242479e-16,5.432024194213506e-16
0.03868120546330521,1e-15,1.7613295567481486e-16,1.2454480734809118e-15,3.6584684660024536e-16,1.788854381999832e-18,3.665805587743897e-17,1.0185575884191994e-17,1.749082374578558e-17,2.0657535107140556e-16,2.5852348395621916e-16,8.467042972488833e-17,1.0328767553570277e-16,1.0328767553570277e-17,1e-15,1.0000000000000001e-16,,4.06169520272241e-16,5.422870988949299e-16
0.03890451449942805,1e-15,1.7562673313942378e-16,1.241868539605267e-15,3.6584684660024536e-16,1.788854381999832e-18,3.664490943033859e-17,1.0156301589505011e-17,1.7484551122112224e-17,2.0650126825768014e-16,2.570395782768865e-16,8.467042972488833e-17,1.0325063412884008e-16,1.032506341288401e-17,1e-15,1.0000000000000001e-16,,4.0594952275196336e-16,5.413797877486019e-16
0.03912911271268532,1e-15,1.751219655347942e-16,1.2382992936436984e-15,3.6584684660024536e-16,1.788854381999832e-18,3.663190883208207e-17,1.012711143187018e-17,1.7478348087956375e-17,2.0642800733086075e-16,2.555641901064137e-16,8.467042972488833e-17,1.0321400366543036e-16,1.0321400366543037e-17,1e-15,1.0000000000000001e-16,,4.0573066973802537e-16,5.40480422185615e-16
0.03935500754557776,1e-15,1.746186486793196e-16,1.2347403060277826e-15,3.6584684660024536e-16,1.788854381999832e-18,3.6619052513882327e-17,1.009800516946978e-17,1.7472213894795585e-17,2.0635555945052372e-16,2.5409727055493044e-16,8.467042972488833e-17,1.0317777972526185e-16,1.0317777972526186e-17,1e-15,1.0000000000000001e-16,,4.0551295582550474e-16,5.395889387936562e-16
0.03958220648357226,1e-15,1.7411677840341161e-16,1.2311915472740776e-15,3.6584684660024536e-16,1.788854381999832e-18,3.6606338922772776e-17,1.0068982561181079e-17,1.7466147801655878e-17,2.06283915865397e-16,2.526387710131896e-16,8.467042972488833e-17,1.0314195793269852e-16,1.0314195793269851e-17,1e-15,1.0000000000000001e-16,,4.0529637562991304e-16,5.387052745442247e-16
0.039810717055349734,1e-15,1.736163505494657e-16,1.2276529879838796e-15,3.6584684660024536e-16,1.788854381999832e-18,3.659376652146991e-17,1.0040043366574362e-17,1.746014907504623e-17,2.0621306791258593e-16,2.5118864315095795e-16,8.467042972488833e-17,1.0310653395629297e-16,1.0310653395629298e-17,1e-15,1.0000000000000001e-16,,4.0508092378716274e-16,5.378293667919911e-16
0.040040546833054635,1e-15,1.7311736097182664e-16,1.2241245988429797e-15,3.6584684660024536e-16,1.788854381999832e-18,3.6581333788236656e-17,1.0011187345910932e-17,1.7454216988893378e-17,2.0614300701680298e-16,2.4974683891541436e-16,8.467042972488833e-17,1.0307150350840148e-16,1.030715035084015e-17,1e-15,1.0000000000000001e-16,,4.0486659495353297e-16,5.369611532741414e-16
0.04027170343254591,1e-15,1.7261980553675422e-16,1.2206063506214206e-15,3.6584684660024536e-16,1.788854381999832e-18,3.656903921674652e-17,9.98241426014112e-18,1.744835082447694e-17,2.060737246896021e-16,2.4831331052955703e-16,8.467042972488833e-17,1.0303686234480105e-16,1.0303686234480106e-17,1e-15,1.0000000000000001e-16,,4.04653383805636e-16,5.361005721097048e-16
0.04050419451364931,1e-15,1.7212368012238904e-16,1.2170982141732546e-15,3.6584684660024536e-16,1.788854381999832e-18,3.655688131594835e-17,9.953723870902309e-18,1.7442549870364956e-17,2.0600521252861706e-16,2.468880104906209e-16,8.467042972488833e-17,1.0300260626430853e-16,1.0300260626430853e-17,1e-15,1.0000000000000001e-16,,4.0444128504038276e-16,5.352475617988671e-16
0.04073802778041126,1e-15,1.7162898061871828e-16,1.2136001604363024e-15,3.6584684660024536e-16,1.788854381999832e-18,3.6544858609931933e-17,9.92511594051696e-18,1.7436813422349723e-17,2.0593746221680368e-16,2.4547089156850314e-16,8.467042972488833e-17,1.0296873110840183e-16,1.0296873110840184e-17,1e-15,1.0000000000000001e-16,,4.0423029337494797e-16,5.344020612222673e-16
0.040973210981354174,1e-15,1.7113570292754152e-16,1.210112160431911e-15,3.6584684660024536e-16,1.788854381999832e-18,3.6532969637794356e-17,9.896590231990636e-18,1.7431140783384027e-17,2.0587046552168678e-16,2.4406190680419793e-16,8.467042972488833e-17,1.029352327608434e-16,1.029352327608434e-17,1e-15,1.0000000000000001e-16,,4.0402040354673567e-16,5.335640096402791e-16
0.04120975190973304,1e-15,1.7064384296243733e-16,1.2066341852647175e-15,3.6584684660024536e-16,1.788854381999832e-18,3.652121295350709e-17,9.868146509010057e-18,1.7425531263517758e-17,2.0580421429461144e-16,2.4266100950824146e-16,8.467042972488833e-17,1.0290210714730572e-16,1.0290210714730573e-17,1e-15,1.0000000000000001e-16,,4.0381161031334364e-16,5.327333466922777e-16
0.04144765840379393,1e-15,1.7015339664872868e-16,1.2031662061224042e-15,3.6584684660024536e-16,1.788854381999832e-18,3.6509587125783813e-17,9.83978453594112e-18,1.7419984179834802e-17,2.057387004699978e-16,2.412681532591633e-16,8.467042972488833e-17,1.028693502349989e-16,1.028693502349989e-17,1e-15,1.0000000000000001e-16,,4.0360390845252827e-16,5.319100123958884e-16
0.04168693834703355,1e-15,1.6966435992344969e-16,1.1997081942754639e-15,3.6584684660024536e-16,1.788854381999832e-18,3.6498090737949074e-17,9.811504077826952e-18,1.7414498856390403e-17,2.0567391606460123e-16,2.39883291901949e-16,8.467042972488833e-17,1.0283695803230061e-16,1.0283695803230063e-17,1e-15,1.0000000000000001e-16,,4.033972927621683e-16,5.310939471462214e-16
0.04192759966846055,1e-15,1.6917672873531177e-16,1.19626012107696e-15,3.6584684660024536e-16,1.788854381999832e-18,3.648672238780764e-17,9.783304900385978e-18,1.7409074624148817e-17,2.0560985317677598e-16,2.385063795465105e-16,8.467042972488833e-17,1.0280492658838798e-16,1.0280492658838798e-17,1e-15,1.0000000000000001e-16,,4.031917580602295e-16,5.302850917150904e-16
0.042169650342858224,1e-15,1.6869049904467016e-16,1.1928219579622908e-15,3.6584684660024536e-16,1.788854381999832e-18,3.647548068751474e-17,9.755186770009962e-18,1.74037108209214e-17,2.055465039857438e-16,2.3713737056616554e-16,8.467042972488833e-17,1.027732519928719e-16,1.0277325199287191e-17,1e-15,1.0000000000000001e-16,,4.0298729918472755e-16,5.294833872502144e-16
0.042413098391048815,1e-15,1.6820566682349038e-16,1.1893936764489512e-15,3.6584684660024536e-16,1.788854381999832e-18,3.6464364263446935e-17,9.727149453762087e-18,1.7398406791305007e-17,2.054838607508668e-16,2.3577621959612545e-16,8.467042972488833e-17,1.0274193037543339e-16,1.0274193037543341e-17,1e-15,1.0000000000000001e-16,,4.027839109936919e-16,5.286887752744045e-16
0.04265795188015926,1e-15,1.6772222805531495e-16,1.185975248136298e-15,3.6584684660024536e-16,1.788854381999832e-18,3.645337175607392e-17,9.69919271937501e-18,1.7393161886620798e-17,2.0542191581092438e-16,2.3442288153199223e-16,8.467042972488833e-17,1.0271095790546219e-16,1.0271095790546219e-17,1e-15,1.0000000000000001e-16,,4.0258158836512895e-16,5.279011976847346e-16
0.04290421892388853,1e-15,1.6724017873522996e-16,1.1825666447053135e-15,3.6584684660024536e-16,1.788854381999832e-18,3.644250181983105e-17,9.671316335248955e-18,1.7387975464853432e-17,2.0536066158339513e-16,2.3307731152826385e-16,8.467042972488833e-17,1.0268033079169756e-16,1.0268033079169757e-17,1e-15,1.0000000000000001e-16,,4.0238032619698444e-16,5.27120596751696e-16
0.04315190768277655,1e-15,1.6675951486983202e-16,1.1791678379183712e-15,3.6584684660024536e-16,1.788854381999832e-18,3.6431753122992577e-17,9.643520070449772e-18,1.73828468905906e-17,2.0530009056374287e-16,2.3173946499684775e-16,8.467042972488833e-17,1.0265004528187142e-16,1.0265004528187144e-17,1e-15,1.0000000000000001e-16,,4.021801194071064e-16,5.263469151183355e-16
0.043401026364474404,1e-15,1.6628023247719536e-16,1.1757787996190044e-15,3.6584684660024536e-16,1.788854381999832e-18,3.6421124347545875e-17,9.61580369470706e-18,1.7377775534962974e-17,2.0524019532470718e-16,2.3040929760558446e-16,8.467042972488833e-17,1.0262009766235358e-16,1.0262009766235359e-17,1e-15,1.0000000000000001e-16,,4.019809629332075e-16,5.255800957993795e-16
0.04365158322401661,1e-15,1.6580232758683838e-16,1.172399501731668e-15,3.6584684660024536e-16,1.788854381999832e-18,3.6410614189066264e-17,9.588166978412215e-18,1.7372760775584523e-17,2.0518096851559865e-16,2.290867652767772e-16,8.467042972488833e-17,1.0259048425779932e-16,1.0259048425779933e-17,1e-15,1.0000000000000001e-16,,4.0178285173282673e-16,5.248200821803403e-16
0.043903586564094474,1e-15,1.653257962396911e-16,1.16902991626151e-15,3.6584684660024536e-16,1.788854381999832e-18,3.640022135659274e-17,9.560609692616556e-18,1.7367801996493196e-17,2.0512240286159836e-16,2.2777182418573217e-16,8.467042972488833e-17,1.0256120143079917e-16,1.0256120143079918e-17,1e-15,1.0000000000000001e-16,,4.0158578078329155e-16,5.240668180166072e-16
0.044157044735331254,1e-15,1.648506344880623e-16,1.1656700152941379e-15,3.6584684660024536e-16,1.788854381999832e-18,3.6389944572504525e-17,9.533131609029425e-18,1.736289858809201e-17,2.050644911630618e-16,2.2646443075930596e-16,8.467042972488833e-17,1.025322455815309e-16,1.0253224558153092e-17,1e-15,1.0000000000000001e-16,,4.01389745081679e-16,5.23320247432522e-16
0.044411966136558886,1e-15,1.6437683839560675e-16,1.1623197709953878e-15,3.6584684660024536e-16,1.788854381999832e-18,3.637978257239831e-17,9.505732500016294e-18,1.7358049947090517e-17,2.0500722629482804e-16,2.251645416744618e-16,8.467042972488833e-17,1.0250361314741401e-16,1.0250361314741401e-17,1e-15,1.0000000000000001e-16,,4.011947396447774e-16,5.225803149204393e-16
0.0446683592150963,1e-15,1.6390440403729267e-16,1.1589791556110938e-15,3.6584684660024536e-16,1.788854381999832e-18,3.636973410496642e-17,9.478412138596867e-18,1.7353255476446626e-17,2.0495060120553218e-16,2.2387211385683404e-16,8.467042972488833e-17,1.0247530060276608e-16,1.0247530060276609e-17,1e-15,1.0000000000000001e-16,,4.0100075950904716e-16,5.218469653397695e-16
0.04492623246702932,1e-15,1.634333274993692e-16,1.1556481414668582e-15,3.6584684660024536e-16,1.788854381999832e-18,3.6359797931875763e-17,9.451170298443225e-18,1.7348514585308882e-17,2.0489460891692388e-16,2.2258710447930054e-16,8.467042972488833e-17,1.0244730445846193e-16,1.0244730445846194e-17,1e-15,1.0000000000000001e-16,,4.0080779973058127e-16,5.211201439160086e-16
0.04518559443749226,1e-15,1.6296360487933382e-16,1.152326700967821e-15,3.6584684660024536e-16,1.788854381999832e-18,3.634997282764748e-17,9.42400675387792e-18,1.734382668895902e-17,2.0483924252318887e-16,2.2130947096056364e-16,8.467042972488833e-17,1.0241962126159442e-16,1.0241962126159443e-17,1e-15,1.0000000000000001e-16,,4.0061585538506613e-16,5.2039979623975e-16
0.045446453720950894,1e-15,1.6249523228590054e-16,1.1490148065984348e-15,3.6584684660024536e-16,1.788854381999832e-18,3.634025757953763e-17,9.396921279872145e-18,1.7339191208755045e-17,2.0478449519027655e-16,2.2003917096373976e-16,8.467042972488833e-17,1.0239224759513828e-16,1.0239224759513829e-17,1e-15,1.0000000000000001e-16,,4.00424921567742e-16,5.196858682656829e-16
0.04570881896148752,1e-15,1.6202820583896688e-16,1.1457124309222324e-15,3.6584684660024536e-16,1.788854381999832e-18,3.633065098741838e-17,9.369913652043825e-18,1.7334607572074556e-17,2.0473036015523088e-16,2.1877616239495519e-16,8.467042972488833e-17,1.0236518007761544e-16,1.0236518007761544e-17,1e-15,1.0000000000000001e-16,,4.002349933933624e-16,5.189783063115739e-16
0.045972698853087225,1e-15,1.6156252166958234e-16,1.1424195465816022e-15,3.6584684660024536e-16,1.788854381999832e-18,3.632115186366037e-17,9.342983646655792e-18,1.7330075212258574e-17,2.046768307255267e-16,2.1752040340195224e-16,8.467042972488833e-17,1.0233841536276336e-16,1.0233841536276336e-17,1e-15,1.0000000000000001e-16,,4.0004606599615425e-16,5.182770570572339e-16
0.04623810213992603,1e-15,1.6109817591991612e-16,1.1391361262975607e-15,3.6584684660024536e-16,1.788854381999832e-18,3.631175903301553e-17,9.316131040613913e-18,1.7325593568555694e-17,2.0462390027841029e-16,2.1627185237270203e-16,8.467042972488833e-17,1.0231195013920513e-16,1.0231195013920515e-17,1e-15,1.0000000000000001e-16,,3.998581345297774e-16,5.175820675434709e-16
0.04650503761666063,1e-15,1.6063516474322513e-16,1.135862142869527e-15,3.6584684660024536e-16,1.788854381999832e-18,3.6302471332500976e-17,9.289355611465253e-18,1.7321162086066638e-17,2.045715622602444e-16,2.1503046793402568e-16,8.467042972488833e-17,1.0228578113012218e-16,1.0228578113012219e-17,1e-15,1.0000000000000001e-16,,3.9967119416728393e-16,5.168932851710256e-16
0.046773514128719815,1e-15,1.6017348430382223e-16,1.1325975691750974e-15,3.6584684660024536e-16,1.788854381999832e-18,3.6293287611283616e-17,9.262657137396225e-18,1.7316780215689215e-17,2.0451981018585832e-16,2.1379620895022326e-16,8.467042972488833e-17,1.0225990509292915e-16,1.0225990509292916e-17,1e-15,1.0000000000000001e-16,,3.9948524010107707e-16,5.162106576994942e-16
0.047043540572597596,1e-15,1.5971313077704442e-16,1.12934237816982e-15,3.6584684660024536e-16,1.788854381999832e-18,3.628420673056555e-17,9.236035397230757e-18,1.7312447414063642e-17,2.0446863763790205e-16,2.125690345217108e-16,8.467042972488833e-17,1.0223431881895101e-16,1.0223431881895103e-17,1e-15,1.0000000000000001e-16,,3.9930026754287015e-16,5.15534133246235e-16
0.04731512589614808,1e-15,1.5925410034922098e-16,1.1260965428869707e-15,3.6584684660024536e-16,1.788854381999832e-18,3.627522756347037e-17,9.209490170428449e-18,1.7308163143518284e-17,2.044180382662055e-16,2.1134890398366454e-16,8.467042972488833e-17,1.0220901913310274e-16,1.0220901913310275e-17,1e-15,1.0000000000000001e-16,,3.99116271723645e-16,5.148636602852609e-16
0.04758827909888171,1e-15,1.5879638921764234e-16,1.1228600364373326e-15,3.6584684660024536e-16,1.788854381999832e-18,3.626634899493018e-17,9.183021237082773e-18,1.7303926872015768e-17,2.0436800578714185e-16,2.101357769046747e-16,8.467042972488833e-17,1.0218400289357092e-16,1.0218400289357093e-17,1e-15,1.0000000000000001e-16,,3.9893324789361084e-16,5.141991876461181e-16
0.04786300923226385,1e-15,1.5833999359052805e-16,1.1196328320089685e-15,3.6584684660024536e-16,1.788854381999832e-18,3.625756992157349e-17,9.156628377919218e-18,1.7299738073099463e-17,2.0431853398299591e-16,2.0892961308540389e-16,8.467042972488833e-17,1.0215926699149796e-16,1.0215926699149797e-17,1e-15,1.0000000000000001e-16,,3.9875119132216174e-16,5.135406645127492e-16
0.048139325400014484,1e-15,1.578849096869956e-16,1.1164149028670022e-15,3.6584684660024536e-16,1.788854381999832e-18,3.624888925161392e-17,9.13031137429349e-18,1.729559622584041e-17,2.0426961670133682e-16,2.0773037255725632e-16,8.467042972488833e-17,1.021348083506684e-16,1.021348083506684e-17,1e-15,1.0000000000000001e-16,,3.9857009729783513e-16,5.128880404223418e-16
0.04841723675840994,1e-15,1.5743113373702912e-16,1.1132062223533956e-15,3.6584684660024536e-16,1.788854381999832e-18,3.624030590473972e-17,9.104070008189704e-18,1.7291500814784586e-17,2.0422124785439536e-16,2.0653801558105292e-16,8.467042972488833e-17,1.0211062392719767e-16,1.0211062392719769e-17,1e-15,1.0000000000000001e-16,,3.983899611282692e-16,5.122412652641655e-16
0.04869675251658631,1e-15,1.5697866198144813e-16,1.1100067638867286e-15,3.6584684660024536e-16,1.788854381999832e-18,3.623181881200402e-17,9.077904062218569e-18,1.7287451329900537e-17,2.0417342141844594e-16,2.0535250264571463e-16,8.467042972488833e-17,1.0208671070922297e-16,1.0208671070922298e-17,1e-15,1.0000000000000001e-16,,3.982107781401604e-16,5.116002892783919e-16
0.04897788193684461,1e-15,1.5652749067187642e-16,1.1068165009619787e-15,3.6584684660024536e-16,1.788854381999832e-18,3.6223426915716106e-17,9.051813319615591e-18,1.728344726652752e-17,2.0412613143319338e-16,2.0417379446695298e-16,8.467042972488833e-17,1.0206306571659669e-16,1.020630657165967e-17,1e-15,1.0000000000000001e-16,,3.98032543679221e-16,5.109650630549032e-16
0.04926063433495771,1e-15,1.5607761607071082e-16,1.103635407150301e-15,3.6584684660024536e-16,1.788854381999832e-18,3.621512916933322e-17,9.025797564239281e-18,1.7279488125323865e-17,2.040793720011636e-16,2.0300185198596843e-16,8.467042972488833e-17,1.0203968600058179e-16,1.020396860005818e-17,1e-15,1.0000000000000001e-16,,3.9785525311013592e-16,5.103355375320858e-16
0.049545019080479,1e-15,1.556290344510906e-16,1.1004634560988098e-15,3.6584684660024536e-16,1.788854381999832e-18,3.620692453735345e-17,8.999856580569358e-18,1.7275573412215864e-17,2.0403313728709964e-16,2.018366363681562e-16,8.467042972488833e-17,1.0201656864354982e-16,1.0201656864354983e-17,1e-15,1.0000000000000001e-16,,3.976789018165196e-16,5.097116639956111e-16
0.049831045597052974,1e-15,1.5518174209686607e-16,1.0973006215303594e-15,3.6584684660024536e-16,1.788854381999832e-18,3.6198811995209194e-17,8.973990153704961e-18,1.7271702638346953e-17,2.0398742151736178e-16,2.0067810900181883e-16,8.467042972488833e-17,1.0199371075868089e-16,1.0199371075868089e-17,1e-15,1.0000000000000001e-16,,3.975034852008728e-16,5.090933940772029e-16
0.05011872336272725,1e-15,1.547357353025685e-16,1.0941468772433285e-15,3.6584684660024536e-16,1.788854381999832e-18,3.6190790529161635e-17,8.948198069362889e-18,1.7267875320027353e-17,2.0394221897933243e-16,1.9952623149688787e-16,8.467042972488833e-17,1.0197110948966621e-16,1.0197110948966622e-17,1e-15,1.0000000000000001e-16,1.0084172434245586e-09,3.973289986845392e-16,5.084806797533925e-16
0.050408061910266956,1e-15,1.5429101037337872e-16,1.0910021971114004e-15,3.6584684660024536e-16,1.788854381999832e-18,3.618285913619587e-17,8.9224801138758e-18,1.7264090978684036e-17,2.0389752402082549e-16,1.9838096568365053e-16,8.467042972488833e-17,1.0194876201041274e-16,1.0194876201041275e-17,1e-15,1.0000000000000001e-16,9.968739866927676e-10,3.971554377076613e-16,5.078734733442598e-16
0.050699070827470445,1e-15,1.538475636250969e-16,1.0878665550833484e-15,3.6584684660024536e-16,1.788854381999832e-18,3.6175016823916937e-17,8.896836074190451e-18,1.7260349140811104e-17,2.038533310495002e-16,1.9724227361148538e-16,8.467042972488833e-17,1.0192666552475008e-16,1.019266655247501e-17,1e-15,1.0000000000000001e-16,9.854628645281355e-10,3.9698279772913676e-16,5.072717275121616e-16
0.050991759757487015,1e-15,1.5340539138411195e-16,1.0847399251828193e-15,3.6584684660024536e-16,1.788854381999832e-18,3.61672626104466e-17,8.871265737865938e-18,1.7256649337920562e-17,2.0380963453227968e-16,1.9611011754760477e-16,8.467042972488833e-17,1.0190481726613984e-16,1.0190481726613985e-17,1e-15,1.0000000000000001e-16,9.741823643987804e-10,3.9681107422657433e-16,5.066753952604495e-16
0.05128613839913648,1e-15,1.5296448998737108e-16,1.0816222815081184e-15,3.6584684660024536e-16,1.788854381999832e-18,3.6159595524320947e-17,8.845768893071931e-18,1.7252991106493454e-17,2.037664289947739e-16,1.9498445997580453e-16,8.467042972488833e-17,1.0188321449738695e-16,1.0188321449738696e-17,1e-15,1.0000000000000001e-16,9.63030991086628e-10,3.966402626962493e-16,5.060844299321728e-16
0.051582216507230556,1e-15,1.5252485578234943e-16,1.0785135982319949e-15,3.6584684660024536e-16,1.788854381999832e-18,3.6152014604388826e-17,8.82034532858692e-18,1.7249373987931387e-17,2.0372370902070717e-16,1.938652635952208e-16,8.467042972488833e-17,1.0186185451035358e-16,1.018618545103536e-17,1e-15,1.0000000000000001e-16,9.520072664892254e-10,3.964703586530593e-16,5.054987852087715e-16
0.05188000389289609,1e-15,1.5208648512701988e-16,1.0754138496014276e-15,3.6584684660024536e-16,1.788854381999832e-18,3.6144518899711046e-17,8.794994833796464e-18,1.7245797528508446e-17,2.0368146925135014e-16,1.9275249131909369e-16,8.467042972488833e-17,1.0184073462567507e-16,1.0184073462567508e-17,1e-15,1.0000000000000001e-16,9.411097294238173e-10,3.963013576304795e-16,5.049184151087564e-16
0.052179510423900254,1e-15,1.5164937438982274e-16,1.072323009937412e-15,3.6584684660024536e-16,1.788854381999832e-18,3.613710746946032e-17,8.769717198691444e-18,1.7242261279323467e-17,2.0363970438495616e-16,1.9164610627353853e-16,8.467042972488833e-17,1.0181985219247809e-16,1.018198521924781e-17,1e-15,1.0000000000000001e-16,9.303369354336672e-10,3.9613325518051765e-16,5.043432739863772e-16
0.052480746024977286,1e-15,1.5121351994963597e-16,1.0692410536347488e-15,3.6584684660024536e-16,1.788854381999832e-18,3.612977938282216e-17,8.74451221386634e-18,1.723876479625272e-17,2.0359840917620255e-16,1.9054607179632464e-16,8.467042972488833e-17,1.0179920458810128e-16,1.0179920458810128e-17,1e-15,1.0000000000000001e-16,9.196874565966044e-10,3.959660468736693e-16,5.037733165302807e-16
0.052783720678157696,1e-15,1.5077891819574478e-16,1.0661679551618286e-15,3.6584684660024536e-16,1.788854381999832e-18,3.6122533718896375e-17,8.719379670517471e-18,1.7235307639902945e-17,2.0355757843563581e-16,1.8945235143565913e-16,8.467042972488833e-17,1.0177878921781788e-16,1.017787892178179e-17,1e-15,1.0000000000000001e-16,9.091598813357428e-10,3.9579972829887233e-16,5.032084977621556e-16
0.053088444423098846,1e-15,1.5034556552781197e-16,1.0631036890604229e-15,3.6584684660024536e-16,1.788854381999832e-18,3.611536956659952e-17,8.69431936044128e-18,1.7231889375564782e-17,2.0351720702912147e-16,1.8836490894898e-16,8.467042972488833e-17,1.0175860351456073e-16,1.0175860351456076e-17,1e-15,1.0000000000000001e-16,8.98752814232384e-10,3.956342950634619e-16,5.026487730353683e-16
0.05339492735741767,1e-15,1.4991345835584804e-16,1.0600482299454724e-15,3.6584684660024536e-16,1.788854381999832e-18,3.610828602456803e-17,8.669331076032609e-18,1.7228509573166557e-17,2.0347728987729878e-16,1.8728370830175487e-16,8.467042972488833e-17,1.0173864493864939e-16,1.017386449386494e-17,1e-15,1.0000000000000001e-16,8.884648758410564e-10,3.9546974279312434e-16,5.020940980335868e-16
0.05370317963702527,1e-15,1.4948259310018144e-16,1.057001552504877e-15,3.6584684660024536e-16,1.788854381999832e-18,3.610128220106216e-17,8.644414610282973e-18,1.722516780722847e-17,2.03437821955039e-16,1.8620871366628678e-16,8.467042972488833e-17,1.0171891097751948e-16,1.0171891097751949e-17,1e-15,1.0000000000000001e-16,8.782947025066694e-10,3.953060671318521e-16,5.015444287693942e-16
0.05401321147646348,1e-15,1.4905296619142896e-16,1.0539636314992864e-15,3.6584684660024536e-16,1.788854381999832e-18,3.6094357213870766e-17,8.619569756778849e-18,1.7221863656817127e-17,2.033987982909088e-16,1.8513988942052724e-16,8.467042972488833e-17,1.0169939914545438e-16,1.016993991454544e-17,1e-15,1.0000000000000001e-16,8.682409461837636e-10,3.9514326374189746e-16,5.00999721582892e-16
0.05432503314924331,1e-15,1.4862457407046614e-16,1.0509344417618892e-15,3.6584684660024536e-16,1.788854381999832e-18,3.608751019021681e-17,8.594796309699968e-18,1.7218596705500483e-17,2.0336021396663807e-16,1.8407720014689565e-16,8.467042972488833e-17,1.0168010698331902e-16,1.0168010698331902e-17,1e-15,1.0000000000000001e-16,8.583022742578286e-10,3.949813283037265e-16,5.004599331402932e-16
0.05463865498818545,1e-15,1.4819741318839766e-16,1.0479139581982068e-15,3.6584684660024536e-16,1.788854381999832e-18,3.608074026666363e-17,8.570094063817604e-18,1.7215366541303093e-17,2.0332206411659144e-16,1.8302061063110551e-16,8.467042972488833e-17,1.0166103205829571e-16,1.0166103205829572e-17,1e-15,1.0000000000000001e-16,8.484773693686636e-10,3.948202565159731e-16,4.999250204325058e-16
0.05495408738576248,1e-15,1.4777148000652828e-16,1.0449021557858848e-15,3.6584684660024536e-16,1.788854381999832e-18,3.607404658902202e-17,8.545462814492885e-18,1.7212172756661812e-17,2.0328434392724482e-16,1.8197008586099825e-16,8.467042972488833e-17,1.0164217196362241e-16,1.0164217196362242e-17,1e-15,1.0000000000000001e-16,8.387649292357711e-10,3.9466004409539247e-16,4.99394940773706e-16
0.05527134079444351,1e-15,1.4734677099633316e-16,1.0418990095744847e-15,3.6584684660024536e-16,1.788854381999832e-18,3.606742831225808e-17,8.520902357675085e-18,1.7209014948381804e-17,2.0324704863666617e-16,1.8092559102538203e-16,8.467042972488833e-17,1.0162352431833308e-16,1.0162352431833309e-17,1e-15,1.0000000000000001e-16,8.2916366648573e-10,3.9450068677681455e-16,4.988696517999024e-16
0.05559042572704037,1e-15,1.469232826394287e-16,1.0389044946852778e-15,3.6584684660024536e-16,1.788854381999832e-18,3.606088460040185e-17,8.496412489899938e-18,1.7205892717592936e-17,2.0321017353400034e-16,1.7988709151287873e-16,8.467042972488833e-17,1.0160508676700015e-16,1.0160508676700016e-17,1e-15,1.0000000000000001e-16,8.196723084815623e-10,3.9434218031309743e-16,4.98349111467491e-16
0.05591135275705602,1e-15,1.4650101142754358e-16,1.0359185863110396e-15,3.6584684660024536e-16,1.788854381999832e-18,3.60544146264566e-17,8.471993008287954e-18,1.7202805669706533e-17,2.031737139589582e-16,1.788545529107771e-16,8.467042972488833e-17,1.0158685697947908e-16,1.015868569794791e-17,1e-15,1.0000000000000001e-16,8.102895971540457e-10,3.9418452047508054e-16,4.9783327805180115e-16
0.056234132519034905,1e-15,1.4607995386248955e-16,1.0329412597158436e-15,3.6584684660024536e-16,1.788854381999832e-18,3.604801757230909e-17,8.44764371054274e-18,1.719975341437252e-17,2.0313766530131076e-16,1.7782794100389233e-16,8.467042972488833e-17,1.0156883265065537e-16,1.0156883265065537e-17,1e-15,1.0000000000000001e-16,8.010142888349566e-10,3.9402770305153776e-16,4.973221101456329e-16
0.05655877570891538,1e-15,1.4566010645613245e-16,1.0299724902348567e-15,3.6584684660024536e-16,1.788854381999832e-18,3.604169262864035e-17,8.423364394949315e-18,1.719673556543689e-17,2.0310202300038664e-16,1.76807221773432e-16,8.467042972488833e-17,1.0155101150019332e-16,1.0155101150019333e-17,1e-15,1.0000000000000001e-16,7.918451540922235e-10,3.938717238491301e-16,4.968155666577852e-16
0.05688529308438413,1e-15,1.4524146573036337e-16,1.027012253274135e-15,3.6584684660024536e-16,1.788854381999832e-18,3.6035438994837413e-17,8.399154860372454e-18,1.7193751740899564e-17,2.0306678254457437e-16,1.7579236139586932e-16,8.467042972488833e-17,1.0153339127228717e-16,1.0153339127228719e-17,1e-15,1.0000000000000001e-16,7.827809775669684e-10,3.937165786923587e-16,4.963136068115775e-16
0.05721369546523262,1e-15,1.448240282170698e-16,1.0240605243104196e-15,3.6584684660024536e-16,1.788854381999832e-18,3.6029255878905675e-17,8.375014906255008e-18,1.7190801562872576e-17,2.030319394708286e-16,1.747833262418219e-16,8.467042972488833e-17,1.015159697354143e-16,1.015159697354143e-17,1e-15,1.0000000000000001e-16,7.738205578124107e-10,3.9356226342351736e-16,4.958161901433606e-16
0.05754399373371572,1e-15,1.4440779045810685e-16,1.0211172788909338e-15,3.6584684660024536e-16,1.788854381999832e-18,3.6023142497382084e-17,8.350944332616248e-18,1.718788465753866e-17,2.0299748936418105e-16,1.737800828749375e-16,8.467042972488833e-17,1.0149874468209052e-16,1.0149874468209053e-17,1e-15,1.0000000000000001e-16,7.649627071346157e-10,3.9340877390264497e-16,4.953232765010229e-16
0.05787619883491209,1e-15,1.4399274900526885e-16,1.018182492633181e-15,3.6584684660024536e-16,1.788854381999832e-18,3.601709807524902e-17,8.326942940050216e-18,1.718500065511016e-17,2.0296342785725508e-16,1.727825980507863e-16,8.467042972488833e-17,1.0148171392862754e-16,1.0148171392862755e-17,1e-15,1.0000000000000001e-16,7.562062514350743e-10,3.9325610600747784e-16,4.948348260424863e-16
0.058210321777087154,1e-15,1.435789004202604e-16,1.0152561412247418e-15,3.6584684660024536e-16,1.788854381999832e-18,3.601112184584891e-17,8.303010529724055e-18,1.718214918978829e-17,2.0292975062978456e-16,1.717908387157588e-16,8.467042972488833e-17,1.0146487531489228e-16,1.0146487531489229e-17,1e-15,1.0000000000000001e-16,7.47550030055066e-10,3.9310425563340225e-16,4.943507992341966e-16
0.05854637363205773,1e-15,1.4316624127466815e-16,1.0123382004230723e-15,3.6584684660024536e-16,1.788854381999832e-18,3.600521305079967e-17,8.27914690337638e-18,1.7179329899722778e-17,2.0289645340813741e-16,1.708047720059708e-16,8.467042972488833e-17,1.014482267040687e-16,1.014482267040687e-17,1e-15,1.0000000000000001e-16,7.389928956218231e-10,3.9295321869340585e-16,4.93871156849606e-16
0.0588843655355589,1e-15,1.4275476814993233e-16,1.0094286460553051e-15,3.6584684660024536e-16,1.788854381999832e-18,3.5999370939910767e-17,8.255351863315618e-18,1.7176542426971827e-17,2.0286353196484242e-16,1.6982436524617447e-16,8.467042972488833e-17,1.0143176598242121e-16,1.0143176598242121e-17,1e-15,1.0000000000000001e-16,7.305337138964458e-10,3.9280299111803047e-16,4.933958599676493e-16
0.05922430868761305,1e-15,1.4234447763731842e-16,1.0065274540180471e-15,3.6584684660024536e-16,1.788854381999832e-18,3.5993594771100095e-17,8.231625212418391e-18,1.7173786417462456e-17,2.0283098211812112e-16,1.6884958594867537e-16,8.467042972488833e-17,1.0141549105906056e-16,1.0141549105906056e-17,1e-15,1.0000000000000001e-16,7.221713636235585e-10,3.9265356885532346e-16,4.929248699712126e-16
0.059566214352901034,1e-15,1.419353663378889e-16,1.0036346002771807e-15,3.6584684660024536e-16,1.788854381999832e-18,3.598788381031154e-17,8.207966754127866e-18,1.717106152095115e-17,2.0279879973142297e-16,1.678804018122561e-16,8.467042972488833e-17,1.0139939986571147e-16,1.0139939986571148e-17,1e-15,1.0000000000000001e-16,7.139047363826902e-10,3.9250494787078934e-16,4.924581485455968e-16
0.05991009386113537,1e-15,1.415274308624752e-16,1.0007500608676649e-15,3.6584684660024536e-16,1.788854381999832e-18,3.598223733143327e-17,8.184376292452134e-18,1.716836739098489e-17,2.0276698071296498e-16,1.669167807211058e-16,8.467042972488833e-17,1.0138349035648248e-16,1.013834903564825e-17,1e-15,1.0000000000000001e-16,7.057327364413547e-10,3.9235712414734185e-16,4.919956576769743e-16
0.06025595860743581,1e-15,1.4112066783164937e-16,9.978738118933355e-16,3.6584684660024536e-16,1.788854381999832e-18,3.597665461621674e-17,8.16085363196258e-18,1.7165703684862514e-17,2.027355210152756e-16,1.65958690743756e-16,8.467042972488833e-17,1.013677605076378e-16,1.0136776050763781e-17,1e-15,1.0000000000000001e-16,6.976542806098098e-10,3.92210093685255e-16,4.915373596508397e-16
0.06060382005270666,1e-15,1.407150738756965e-16,9.950058295267098e-16,3.6584684660024536e-16,1.788854381999832e-18,3.59711349541965e-17,8.13739857779228e-18,1.716307006359643e-17,2.0270441663474222e-16,1.650061001320227e-16,8.467042972488833e-17,1.0135220831737111e-16,1.0135220831737111e-17,1e-15,1.0000000000000001e-16,6.89668298097488e-10,3.920638525021148e-16,4.910832170504551e-16
0.060953689724016935,1e-15,1.4031064563458635e-16,9.921460900087866e-16,3.6584684660024536e-16,1.788854381999832e-18,3.5965677642610555e-17,8.11401093563437e-18,1.7160466191874618e-17,2.026736636111628e-16,1.6405897731995387e-16,8.467042972488833e-17,1.0133683180558139e-16,1.0133683180558141e-17,1e-15,1.0000000000000001e-16,6.817737303710562e-10,3.9191839663277036e-16,4.906331927552904e-16
0.06130557921498208,1e-15,1.399073797579458e-16,9.892945696488497e-16,3.6584684660024536e-16,1.788854381999832e-18,3.59602819863215e-17,8.090690511740439e-18,1.715789173802305e-17,2.0264325802730158e-16,1.6311729092278382e-16,8.467042972488833e-17,1.0132162901365078e-16,1.0132162901365079e-17,1e-15,1.0000000000000001e-16,6.739695310141132e-10,3.917737221292851e-16,4.901872499394577e-16
0.06165950018614822,1e-15,1.3950527290503093e-16,9.86451244824273e-16,3.6584684660024536e-16,1.788854381999832e-18,3.595494729773852e-17,8.067437112918929e-18,1.7155346373968404e-17,2.0261319600844896e-16,1.62181009735893e-16,8.467042972488833e-17,1.0130659800422448e-16,1.0130659800422449e-17,1e-15,1.0000000000000001e-16,6.662546655884875e-10,3.916298250608877e-16,4.897453520701408e-16
0.06201546436537854,1e-15,1.3910432174469957e-16,9.836160919803238e-16,3.6584684660024536e-16,1.788854381999832e-18,3.5949672896739764e-17,8.044250546533533e-18,1.7152829775201076e-17,2.025834737219848e-16,1.6125010273377416e-16,8.467042972488833e-17,1.0129173686099239e-16,1.012917368609924e-17,1e-15,1.0000000000000001e-16,6.586281114971233e-10,3.914867015139234e-16,4.89307462906021e-16
0.06237348354824192,1e-15,1.3870452295538346e-16,9.807890876299679e-16,3.6584684660024536e-16,1.788854381999832e-18,3.594445811059576e-17,8.021130620501601e-18,1.7150341620738614e-17,2.025540873769462e-16,1.603245390690042e-16,8.467042972488833e-17,1.012770436884731e-16,1.0127704368847311e-17,1e-15,1.0000000000000001e-16,6.510888578485366e-10,3.9134434759180455e-16,4.888735464956972e-16
0.06273356959840379,1e-15,1.383058732250609e-16,9.779702083536753e-16,3.6584684660024536e-16,1.788854381999832e-18,3.5939302273893255e-17,7.998077143292545e-18,1.7147881593089383e-17,2.025250332235986e-16,1.5940428807122183e-16,8.467042972488833e-17,1.012625166117993e-16,1.012625166117993e-17,1e-15,1.0000000000000001e-16,6.436359053228231e-10,3.9120275941496135e-16,4.884435671761022e-16
0.06309573444801936,1e-15,1.379083692512291e-16,9.751594307992245e-16,3.6584684660024536e-16,1.788854381999832e-18,3.5934204728459895e-17,7.975089923926244e-18,1.7145449378216637e-17,2.0249630755301151e-16,1.5848931924611128e-16,8.467042972488833e-17,1.0124815377650576e-16,1.0124815377650576e-17,1e-15,1.0000000000000001e-16,6.36268266039196e-10,3.9106193312079294e-16,4.880174895709156e-16
0.06345999009812872,1e-15,1.3751200774087722e-16,9.723567316815131e-16,3.6584684660024536e-16,1.788854381999832e-18,3.592916482328954e-17,7.952168771971494e-18,1.714304466550288e-17,2.0246790669663731e-16,1.5757960227439235e-16,8.467042972488833e-17,1.0123395334831866e-16,1.0123395334831867e-17,1e-15,1.0000000000000001e-16,6.289849634250517e-10,3.9092186486361755e-16,4.875952785889717e-16
0.0638263486190549,1e-15,1.371167854104587e-16,9.6956208778236e-16,3.6584684660024536e-16,1.788854381999832e-18,3.592418191446823e-17,7.929313497544389e-18,1.7140667147714533e-17,2.024398270258943e-16,1.5667510701081484e-16,8.467042972488833e-17,1.0121991351294715e-16,1.0121991351294716e-17,1e-15,1.0000000000000001e-16,6.217850320865165e-10,3.9078255081462322e-16,4.871768994226654e-16
0.06419482215080359,1e-15,1.3672269898586417e-16,9.667754759503166e-16,3.6584684660024536e-16,1.788854381999832e-18,3.591925536510094e-17,7.906523911306772e-18,1.7138316520966995e-17,2.024120649517537e-16,1.5577580348316024e-16,8.467042972488833e-17,1.0120603247587685e-16,1.0120603247587685e-17,1e-15,1.0000000000000001e-16,6.146675176804902e-10,3.9064398716181814e-16,4.86762317546353e-16
0.06456542290346556,1e-15,1.3632974520239438e-16,9.639968731004725e-16,3.6584684660024536e-16,1.788854381999832e-18,3.591438454523882e-17,7.883799824464662e-18,1.7135992484689933e-17,2.0238461692433e-16,1.548816618912481e-16,8.467042972488833e-17,1.0119230846216501e-16,1.0119230846216501e-17,1e-15,1.0000000000000001e-16,6.076314767881472e-10,3.9050617010998107e-16,4.863514987147517e-16
0.06493816315762113,1e-15,1.3593792080473316e-16,9.612262562142667e-16,3.6584684660024536e-16,1.788854381999832e-18,3.5909568831807265e-17,7.861141048766691e-18,1.713369474159294e-17,2.023574794324753e-16,1.5399265260594923e-16,8.467042972488833e-17,1.0117873971623765e-16,1.0117873971623767e-17,1e-15,1.0000000000000001e-16,6.006759767898892e-10,3.903690958806114e-16,4.859444089613344e-16
0.06531305526474723,1e-15,1.355472225469204e-16,9.58463602339295e-16,3.6584684660024536e-16,1.788854381999832e-18,3.59048076085346e-17,7.838547396502541e-18,1.713142299763153e-17,2.0233064900337757e-16,1.5310874616820303e-16,8.467042972488833e-17,1.0116532450168877e-16,1.0116532450168879e-17,1e-15,1.0000000000000001e-16,5.938000957417244e-10,3.9023276071187955e-16,4.855410145967244e-16
0.06569011164762661,1e-15,1.3515764719232518e-16,9.557088885891206e-16,3.6584684660024536e-16,1.788854381999832e-18,3.5900100265881385e-17,7.816018680501395e-18,1.71291769619734e-17,2.0230412220216226e-16,1.5222991328804204e-16,8.467042972488833e-17,1.0115206110108112e-16,1.0115206110108113e-17,1e-15,1.0000000000000001e-16,5.870029222530686e-10,3.9009716085857697e-16,4.851412822070842e-16
0.06606934480075957,1e-15,1.3476919151361897e-16,9.529620921430848e-16,3.6584684660024536e-16,1.788854381999832e-18,3.589544620097042e-17,7.793554714130374e-18,1.7126956346965032e-17,2.0227789563149781e-16,1.513561248436209e-16,8.467042972488833e-17,1.0113894781574891e-16,1.0113894781574892e-17,1e-15,1.0000000000000001e-16,5.802835553659376e-10,3.8996229259206604e-16,4.847451786525055e-16
0.06645076729077799,1e-15,1.343818522927488e-16,9.502231902461166e-16,3.6584684660024536e-16,1.788854381999832e-18,3.5890844817517384e-17,7.771155311293004e-18,1.7124760868098585e-17,2.022519659312048e-16,1.504873518802513e-16,8.467042972488833e-17,1.011259829656024e-16,1.011259829656024e-17,1e-15,1.0000000000000001e-16,5.736411044355275e-10,3.898281522002302e-16,4.843526710653948e-16
0.06683439175686148,1e-15,1.339956263209109e-16,9.474921602085476e-16,3.6584684660024536e-16,1.788854381999832e-18,3.588629552576209e-17,7.748820286427677e-18,1.712259024397913e-17,2.0222632977786875e-16,1.4962356560944332e-16,8.467042972488833e-17,1.0111316488893438e-16,1.011131648889344e-17,1e-15,1.0000000000000001e-16,5.670746890121653e-10,3.8969473598742386e-16,4.839637268488589e-16
0.0672202309111567,1e-15,1.3361051039852373e-16,9.447689794059187e-16,3.6584684660024536e-16,1.788854381999832e-18,3.588179774240048e-17,7.726549454506095e-18,1.7120444196292158e-17,2.0220098388445657e-16,1.4876473740795015e-16,8.467042972488833e-17,1.0110049194222827e-16,1.0110049194222829e-17,1e-15,1.0000000000000001e-16,5.605834387245973e-10,3.89562040274422e-16,4.835783136750876e-16
0.06760829753919818,1e-15,1.3322650133520165e-16,9.420536252787972e-16,3.6584684660024536e-16,1.788854381999832e-18,3.587735089051709e-17,7.704342631031755e-18,1.711832244977139e-17,2.021759249999362e-16,1.4791083881682075e-16,8.467042972488833e-17,1.0108796249996809e-16,1.0108796249996811e-17,1e-15,1.0000000000000001e-16,5.541664931646294e-10,3.894300613983701e-16,4.831963994837352e-16
0.06799860450033224,1e-15,1.328435959497285e-16,9.393460753325882e-16,3.6584684660024536e-16,1.788854381999832e-18,3.587295439951833e-17,7.682199632038409e-18,1.7116224732166935e-17,2.021511499089006e-16,1.4706184154045603e-16,8.467042972488833e-17,1.010755749544503e-16,1.0107557495445031e-17,1e-15,1.0000000000000001e-16,5.478230017730776e-10,3.8929879571273357e-16,4.828179524803021e-16
0.06839116472814293,1e-15,1.3246179107003128e-16,9.366463071373478e-16,3.6584684660024536e-16,1.788854381999832e-18,3.586860770506628e-17,7.66012027408855e-18,1.7114150774213688e-17,2.0212665543119468e-16,1.4621771744567184e-16,8.467042972488833e-17,1.0106332771559734e-16,1.0106332771559735e-17,1e-15,1.0000000000000001e-16,5.415521237270297e-10,3.891682395872479e-16,4.824429411345141e-16
0.06878599123088075,1e-15,1.3208108353315377e-16,9.339542983275986e-16,3.6584684660024536e-16,1.788854381999832e-18,3.5864310249013114e-17,7.638104374271885e-18,1.7112100309600058e-17,2.0210243842154568e-16,1.453784385607662e-16,8.467042972488833e-17,1.0105121921077284e-16,1.0105121921077285e-17,1e-15,1.0000000000000001e-16,5.353530278283928e-10,3.8903838940786764e-16,4.820713341787011e-16
0.06918309709189363,1e-15,1.3170147018523041e-16,9.312700266021432e-16,3.6584684660024536e-16,1.788854381999832e-18,3.58600614793362e-17,7.616151750203825e-18,1.7110073074936993e-17,2.0207849576919763e-16,1.445439770745928e-16,8.467042972488833e-17,1.0103924788459882e-16,1.0103924788459882e-17,1e-15,1.0000000000000001e-16,5.292248923937201e-10,3.8890924157671634e-16,4.817031006061761e-16
0.06958249547006057,1e-15,1.3132294788146007e-16,9.285934697238797e-16,3.6584684660024536e-16,1.788854381999832e-18,3.5855860850073786e-17,7.594262220023964e-18,1.7108068809727292e-17,2.0205482439754862e-16,1.43714305335639e-16,8.467042972488833e-17,1.0102741219877431e-16,1.0102741219877432e-17,1e-15,1.0000000000000001e-16,5.231669051452965e-10,3.887807925120358e-16,4.813382096696132e-16
0.06998419960022738,1e-15,1.3094551348608026e-16,9.259246055196186e-16,3.6584684660024536e-16,1.788854381999832e-18,3.585170782126127e-17,7.572435602394593e-18,1.7106087256335215e-17,2.0203142126379207e-16,1.4288939585111024e-16,8.467042972488833e-17,1.0101571063189602e-16,1.0101571063189603e-17,1e-15,1.0000000000000001e-16,5.171782631034763e-10,3.886530386481355e-16,4.809766308794259e-16
0.0703882227936457,1e-15,1.3056916387234079e-16,9.232634118798975e-16,3.6584684660024536e-16,1.788854381999832e-18,3.5847601858868115e-17,7.550671716499172e-18,1.7104128159956358e-17,2.020082833585609e-16,1.4206922128601818e-16,8.467042972488833e-17,1.0100414167928045e-16,1.0100414167928046e-17,1e-15,1.0000000000000001e-16,5.112581724802422e-10,3.8852597643534204e-16,4.80618334002145e-16
0.0707945784384138,1e-15,1.3019389592247806e-16,9.206098667587983e-16,3.6584684660024536e-16,1.788854381999832e-18,3.584354243473535e-17,7.528970382040851e-18,1.710219126858785e-17,2.0198540770557547e-16,1.4125375446227542e-16,8.467042972488833e-17,1.0099270385278773e-16,1.0099270385278775e-17,1e-15,1.0000000000000001e-16,5.054058485739945e-10,3.8839960233994854e-16,4.802632890587971e-16
0.07120327999992027,1e-15,1.2981970652768926e-16,9.17963948173766e-16,3.6584684660024536e-16,1.788854381999832e-18,3.5839529026513705e-17,7.507331419240965e-18,1.7100276332998807e-17,2.0196279136129493e-16,1.4044296835779473e-16,8.467042972488833e-17,1.0098139568064745e-16,1.0098139568064746e-17,1e-15,1.0000000000000001e-16,4.996205156655386e-10,3.882739128441636e-16,4.799114663232832e-16
0.0716143410212902,1e-15,1.294465925881066e-16,9.153256342054244e-16,3.6584684660024536e-16,1.788854381999832e-18,3.583556111760224e-17,7.485754648837557e-18,1.7098383106701103e-17,2.019404314145714e-16,1.3963683610559377e-16,8.467042972488833e-17,1.009702157072857e-16,1.0097021570728571e-17,1e-15,1.0000000000000001e-16,4.939014069152638e-10,3.881489044460609e-16,4.795628363207586e-16
0.07202777512383407,1e-15,1.2907455101277147e-16,9.126949029973967e-16,3.6584684660024536e-16,1.788854381999832e-18,3.583163819708766e-17,7.464239892083877e-18,1.7096511345920373e-17,2.019183249863082e-16,1.3883533099290454e-16,8.467042972488833e-17,1.009591624931541e-16,1.0095916249315411e-17,1e-15,1.0000000000000001e-16,4.882477642615001e-10,3.8802457365952816e-16,4.792173698260134e-16
0.07244359600749899,1e-15,1.2870357871960913e-16,9.100717327561225e-16,3.6584684660024536e-16,1.788854381999832e-18,3.5827759759684234e-17,7.44278697074692e-18,1.7094660809567348e-17,2.0189646922912074e-16,1.3803842646028856e-16,8.467042972488833e-17,1.0094823461456037e-16,1.0094823461456039e-17,1e-15,1.0000000000000001e-16,4.826588383200376e-10,3.879009170142164e-16,4.78875037861853e-16
0.07286181745132282,1e-15,1.283336726354028e-16,9.074561017506779e-16,3.6584684660024536e-16,1.788854381999832e-18,3.582392530567417e-17,7.421395707105922e-18,1.7092831259209424e-17,2.0187486132700108e-16,1.372460961007561e-16,8.467042972488833e-17,1.0093743066350053e-16,1.0093743066350055e-17,1e-15,1.0000000000000001e-16,4.771338882847954e-10,3.877779310554891e-16,4.785358116974817e-16
0.07328245331389044,1e-15,1.279648296957687e-16,9.048479883125974e-16,3.6584684660024536e-16,1.788854381999832e-18,3.5820134340848673e-17,7.400065923950931e-18,1.7091022459042528e-17,2.018534984949856e-16,1.3645831365889242e-16,8.467042972488833e-17,1.0092674924749279e-16,1.009267492474928e-17,1e-15,1.0000000000000001e-16,4.71672181829633e-10,3.876556123443712e-16,4.781996628468859e-16
0.07370551753379347,1e-15,1.2759704684513013e-16,9.02247370835691e-16,3.6584684660024536e-16,1.788854381999832e-18,3.581638637644957e-17,7.37879744458129e-18,1.7089234175863263e-17,2.018323779788257e-16,1.3567505302998611e-16,8.467042972488833e-17,1.0091618898941285e-16,1.0091618898941286e-17,1e-15,1.0000000000000001e-16,4.662729950112739e-10,3.8753395745749813e-16,4.778665630672199e-16
0.07413102413009177,1e-15,1.272303210366925e-16,8.996542277758672e-16,3.6584684660024536e-16,1.788854381999832e-18,3.581268092911143e-17,7.357590092804209e-18,1.70874661790413e-17,2.0181149705466238e-16,1.3489628825916533e-16,8.467042972488833e-17,1.0090574852733119e-16,1.0090574852733119e-17,1e-15,1.0000000000000001e-16,4.6093561217335435e-10,3.8741296298706503e-16,4.775364843571932e-16
0.07455898720277816,1e-15,1.2686464923241798e-16,8.970685376509547e-16,3.6584684660024536e-16,1.788854381999832e-18,3.5809017520804297e-17,7.336443692933283e-18,1.7085718240492045e-17,2.0179085302870273e-16,1.341219935405371e-16,8.467042972488833e-17,1.0089542651435136e-16,1.0089542651435138e-17,1e-15,1.0000000000000001e-16,4.5565932585156016e-10,3.872926255407757e-16,4.772093989554595e-16
0.07498942093324558,1e-15,1.2650002840300033e-16,8.94490279040524e-16,3.6584684660024536e-16,1.788854381999832e-18,3.580539567877703e-17,7.315358069787054e-18,1.7083990134649612e-17,2.017704432369012e-16,1.3335214321633241e-16,8.467042972488833e-17,1.008852216184506e-16,1.008852216184506e-17,1e-15,1.0000000000000001e-16,4.5044343667985457e-10,3.8717294174179137e-16,4.768852793390074e-16
0.07542233958475707,1e-15,1.261364555278398e-16,8.919194305857091e-16,3.6584684660024536e-16,1.788854381999832e-18,3.5801814935501084e-17,7.29433304868755e-18,1.7082281638439998e-17,2.0175026504464245e-16,1.3258671177605596e-16,8.467042972488833e-17,1.0087513252232123e-16,1.0087513252232123e-17,1e-15,1.0000000000000001e-16,4.4528725329777717e-10,3.8705390822867987e-16,4.7656409822155475e-16
0.07585775750291836,1e-15,1.2577392759501823e-16,8.893559709890322e-16,3.6584684660024536e-16,1.788854381999832e-18,3.57982748286149e-17,7.273368455458836e-18,1.708059253125454e-17,2.0173031584642837e-16,1.3182567385564076e-16,8.467042972488833e-17,1.0086515792321417e-16,1.0086515792321419e-17,1e-15,1.0000000000000001e-16,4.4019009225880593e-10,3.869355216553647e-16,4.762458285519438e-16
0.07629568911615328,1e-15,1.2541244160127385e-16,8.867998790142263e-16,3.6584684660024536e-16,1.788854381999832e-18,3.579477490086893e-17,7.25246411642558e-18,1.7078922594923696e-17,2.0171059306556768e-16,1.310690042366077e-16,8.467042972488833e-17,1.0085529653278384e-16,1.0085529653278385e-17,1e-15,1.0000000000000001e-16,4.3515127793976607e-10,3.8681777869107367e-16,4.759304435125398e-16
0.07673614893618193,1e-15,1.250519945519766e-16,8.842511334860585e-16,3.6584684660024536e-16,1.788854381999832e-18,3.579131470007099e-17,7.231619858411601e-18,1.707727161369097e-17,2.0169109415386864e-16,1.3031667784522989e-16,8.467042972488833e-17,1.0084554707693432e-16,1.0084554707693432e-17,1e-15,1.0000000000000001e-16,4.3017014245127683e-10,3.8670067602028783e-16,4.756179165176318e-16
0.07717915155850127,1e-15,1.2469258346110335e-16,8.817097132901572e-16,3.6584684660024536e-16,1.788854381999832e-18,3.578789377903236e-17,7.210835508738458e-18,1.7075639374187188e-17,2.0167181659133489e-16,1.2956866975170188e-16,8.467042972488833e-17,1.0083590829566744e-16,1.0083590829566745e-17,1e-15,1.0000000000000001e-16,4.2524602554922593e-10,3.8658421034269074e-16,4.75308221211837e-16
0.07762471166286919,1e-15,1.24334205351213e-16,8.791755973728344e-16,3.6584684660024536e-16,1.788854381999832e-18,3.578451169551431e-17,7.19011089522399e-18,1.7074025665404998e-17,2.0165275788586432e-16,1.2882495516931337e-16,8.467042972488833e-17,1.0082637894293216e-16,1.0082637894293217e-17,1e-15,1.0000000000000001e-16,4.203782745472511e-10,3.8646837837311696e-16,4.750013314685077e-16
0.0780728440137907,1e-15,1.2397685725342187e-16,8.766487647409121e-16,3.6584684660024536e-16,1.788854381999832e-18,3.578116801217521e-17,7.169445846180906e-18,1.707243027867359e-17,2.0163391557295073e-16,1.2808550945362786e-16,8.467042972488833e-17,1.0081695778647534e-16,1.0081695778647536e-17,1e-15,1.0000000000000001e-16,4.1556624423022936e-10,3.86353176841501e-16,4.746972213881407e-16
0.07852356346100718,1e-15,1.2362053620737915e-16,8.741291944615493e-16,3.6584684660024536e-16,1.788854381999832e-18,3.577786229651804e-17,7.148840190415364e-18,1.7070853007633727e-17,2.0161528721538845e-16,1.273503081016662e-16,8.467042972488833e-17,1.0080764360769422e-16,1.0080764360769424e-17,1e-15,1.0000000000000001e-16,4.1080929676875463e-10,3.862386024928263e-16,4.743958652967917e-16
0.07897688493998856,1e-15,1.2326523926124239e-16,8.716168656620675e-16,3.6584684660024536e-16,1.788854381999832e-18,3.577459412083859e-17,7.128293757225547e-18,1.706929364821296e-17,2.0159687040298023e-16,1.2661932675109445e-16,8.467042972488833e-17,1.0079843520149012e-16,1.0079843520149013e-17,1e-15,1.0000000000000001e-16,4.061068016345933e-10,3.861246520870742e-16,4.740972377444918e-16
0.07943282347242814,1e-15,1.2291096347165298e-16,8.691117575297784e-16,3.6584684660024536e-16,1.788854381999832e-18,3.5771363062174114e-17,7.10780637640025e-18,1.706775199860116e-17,2.015786627522478e-16,1.2589254117941677e-16,8.467042972488833e-17,1.0078933137612389e-16,1.007893313761239e-17,1e-15,1.0000000000000001e-16,4.014581355171088e-10,3.8601132239917243e-16,4.738013135036678e-16
0.0798913941667404,1e-15,1.2255770590371176e-16,8.666138493118115e-16,3.6584684660024536e-16,1.788854381999832e-18,3.5768168702252385e-17,7.087377878217471e-18,1.706622785922622e-17,2.0156066190614494e-16,1.2516992730317256e-16,8.467042972488833e-17,1.0078033095307246e-16,1.0078033095307246e-17,1e-15,1.0000000000000001e-16,3.968626822406428e-10,3.858986102189444e-16,4.73508067567567e-16
0.08035261221856177,1e-15,1.222054636309548e-16,8.641231203149414e-16,3.6584684660024536e-16,1.788854381999832e-18,3.5765010627441437e-17,7.067008093443007e-18,1.706472103273005e-17,2.0154286553377425e-16,1.2445146117713843e-16,8.467042972488833e-17,1.0077143276688711e-16,1.0077143276688712e-17,1e-15,1.0000000000000001e-16,3.9231983268284013e-10,3.8578651235105783e-16,4.732174751486847e-16
0.08081649291125376,1e-15,1.2185423373532913e-16,8.61639549905418e-16,3.6584684660024536e-16,1.788854381999832e-18,3.5761888428699696e-17,7.04669685332905e-18,1.7063231323944787e-17,2.0152527133010595e-16,1.2373711899353518e-16,8.467042972488833e-17,1.0076263566505296e-16,1.0076263566505297e-17,1e-15,1.0000000000000001e-16,3.878289846939142e-10,3.8567502561497343e-16,4.729295116771968e-16
0.08128305161640995,1e-15,1.2150401330716846e-16,8.591631175087934e-16,3.6584684660024536e-16,1.788854381999832e-18,3.5758801701526603e-17,7.026443989612788e-18,1.7061758539869273e-17,2.0150787701570003e-16,1.2302687708123816e-16,8.467042972488833e-17,1.0075393850785002e-16,1.0075393850785002e-17,1e-15,1.0000000000000001e-16,3.833895430168276e-10,3.8556414684489425e-16,4.726441527993962e-16
0.08175230379436502,1e-15,1.2115479944516923e-16,8.566938026097533e-16,3.6584684660024536e-16,1.788854381999832e-18,3.5755750045913845e-17,7.006249334515009e-18,1.706030248964571e-17,2.014906803364309e-16,1.2232071190499316e-16,8.467042972488833e-17,1.0074534016821543e-16,1.0074534016821544e-17,1e-15,1.0000000000000001e-16,3.7900091920839446e-10,3.8545387288971427e-16,4.723613743761327e-16
0.08222426499470711,1e-15,1.2080658925636637e-16,8.542315847519458e-16,3.6584684660024536e-16,1.788854381999832e-18,3.575273306629692e-17,6.98611272073872e-18,1.7058862984536637e-17,2.0147367906321483e-16,1.216186000646368e-16,8.467042972488833e-17,1.0073683953160742e-16,1.0073683953160742e-17,1e-15,1.0000000000000001e-16,3.746625315612829e-10,3.8534420061296726e-16,4.720811524812587e-16
0.08269895085679317,1e-15,1.204593798561096e-16,8.51776443537813e-16,3.6584684660024536e-16,1.788854381999832e-18,3.574975037150729e-17,6.966033981467747e-18,1.705743983790204e-17,2.014568709917403e-16,1.2092051829432086e-16,8.467042972488833e-17,1.0072843549587014e-16,1.0072843549587014e-17,1e-15,1.0000000000000001e-16,3.703738050269093e-10,3.852351268927756e-16,4.718034634000782e-16
0.08317637711026708,1e-15,1.201131683680393e-16,8.493283586284211e-16,3.6584684660024536e-16,1.788854381999832e-18,3.574680157472504e-17,6.94601295036537e-18,1.705603286517678e-17,2.014402539422009e-16,1.2022644346174133e-16,8.467042972488833e-17,1.0072012697110044e-16,1.0072012697110045e-17,1e-15,1.0000000000000001e-16,3.66134171139217e-10,3.8512664862179957e-16,4.715282836278012e-16
0.08365655957558099,1e-15,1.1976795192406283e-16,8.468873097432924e-16,3.6584684660024536e-16,1.788854381999832e-18,3.5743886293431864e-17,6.9260494615729325e-18,1.705464188384818e-17,2.0142382575903095e-16,1.195363525673719e-16,8.467042972488833e-17,1.0071191287951546e-16,1.0071191287951547e-17,1e-15,1.0000000000000001e-16,3.6194306793932623e-10,3.850187627071858e-16,4.712555898680022e-16
0.08413951416451956,1e-15,1.1942372766433064e-16,8.444532766602369e-16,3.6584684660024536e-16,1.788854381999832e-18,3.5741004149364735e-17,6.906143349708465e-18,1.7053266713433892e-17,2.0140758431064386e-16,1.188502227437018e-16,8.467042972488833e-17,1.0070379215532192e-16,1.0070379215532194e-17,1e-15,1.0000000000000001e-16,3.5779993990104695e-10,3.849114660705165e-16,4.709853590310846e-16
0.08462525688072697,1e-15,1.1908049273721283e-16,8.420262392151861e-16,3.6584684660024536e-16,1.788854381999832e-18,3.57381547684699e-17,6.886294449865337e-18,1.705190717545995e-17,2.0139152748917316e-16,1.181680312544783e-16,8.467042972488833e-17,1.0069576374458658e-16,1.0069576374458658e-17,1e-15,1.0000000000000001e-16,3.5370423785724683e-10,3.848047556477585e-16,4.707175682327486e-16
0.08511380382023767,1e-15,1.1873824429927515e-16,8.396061773020239e-16,3.6584684660024536e-16,1.788854381999832e-18,3.5735337780857344e-17,6.86650259761086e-18,1.705056309343907e-17,2.013756532102159e-16,1.1748975549395293e-16,8.467042972488833e-17,1.0068782660510795e-16,1.0068782660510796e-17,1e-15,1.0000000000000001e-16,3.496554189270556e-10,3.846986283892117e-16,4.70452194792466e-16
0.08560517117200948,1e-15,1.1839697951525576e-16,8.37193070872421e-16,3.6584684660024536e-16,1.788854381999832e-18,3.573255282075581e-17,6.846767628984946e-18,1.704923429284916e-17,2.0135995941257928e-16,1.1681537298613244e-16,8.467042972488833e-17,1.0067997970628964e-16,1.0067997970628964e-17,1e-15,1.0000000000000001e-16,3.456529464439093e-10,3.8459308125945883e-16,4.701892162319579e-16
0.08609937521846008,1e-15,1.1805669555804158e-16,8.347868999356695e-16,3.6584684660024536e-16,1.788854381999832e-18,3.5729799526468174e-17,6.8270893804987434e-18,1.704792060111203e-17,2.013444440580287e-16,1.1614486138403426e-16,8.467042972488833e-17,1.0067222202901435e-16,1.0067222202901436e-17,1e-15,1.0000000000000001e-16,3.4169628988441566e-10,3.844881112373137e-16,4.699286102736803e-16
0.08659643233600653,1e-15,1.1771738960864492e-16,8.323876445585163e-16,3.6584684660024536e-16,1.788854381999832e-18,3.572707754032734e-17,6.807467689133283e-18,1.704662184757237e-17,2.0132910513103993e-16,1.1547819846894583e-16,8.467042972488833e-17,1.0066455256551996e-16,1.0066455256551997e-17,1e-15,1.0000000000000001e-16,3.377849247980336e-10,3.8438371531577083e-16,4.696703548393134e-16
0.08709635899560805,1e-15,1.173790588561801e-16,8.299952848649983e-16,3.6584684660024536e-16,1.788854381999832e-18,3.572438650865255e-17,6.787902392338126e-18,1.7045337863476887e-17,2.013139406385523e-16,1.148153621496883e-16,8.467042972488833e-17,1.0065697031927616e-16,1.0065697031927617e-17,1e-15,1.0000000000000001e-16,3.339183327375576e-10,3.842798905019543e-16,4.694144280482565e-16
0.0875991717633117,1e-15,1.170417004978403e-16,8.276098010362779e-16,3.6584684660024536e-16,1.788854381999832e-18,3.572172608170617e-17,6.768393328030021e-18,1.7044068481953674e-17,2.0129894860972557e-16,1.141563304618846e-16,8.467042972488833e-17,1.0064947430486277e-16,1.0064947430486278e-17,1e-15,1.0000000000000001e-16,3.30096001190398e-10,3.8417663381706666e-16,4.69160808216129e-16
0.08810488730080138,1e-15,1.167053117388741e-16,8.252311733104787e-16,3.6584684660024536e-16,1.788854381999832e-18,3.571909591365089e-17,6.7489403345915574e-18,1.7042813537991823e-17,2.0128412709569842e-16,1.1350108156723156e-16,8.467042972488833e-17,1.0064206354784918e-16,1.006420635478492e-17,1e-15,1.0000000000000001e-16,3.2631742351064866e-10,3.840739422963385e-16,4.689094738532773e-16
0.08861352236595003,1e-15,1.1636988979256247e-16,8.228593819825211e-16,3.6584684660024536e-16,1.788854381999832e-18,3.571649566250738e-17,6.729543250869824e-18,1.7041572868421184e-17,2.0126947416935009e-16,1.128495937527761e-16,8.467042972488833e-17,1.0063473708467503e-16,1.0063473708467503e-17,1e-15,1.0000000000000001e-16,3.2258209885193006e-10,3.83971812988977e-16,4.686604036632867e-16
0.08912509381337459,1e-15,1.1603543188019578e-16,8.204944074039615e-16,3.6584684660024536e-16,1.788854381999832e-18,3.571392499011235e-17,6.710201916175091e-18,1.7040346311892382e-17,2.0125498792506405e-16,1.122018454301963e-16,8.467042972488833e-17,1.0062749396253201e-16,1.0062749396253202e-17,1e-15,1.0000000000000001e-16,3.188895321010061e-10,3.838702429581158e-16,4.684135765414996e-16
0.08963961859499502,1e-15,1.157019352310506e-16,8.181362299828258e-16,3.6584684660024536e-16,1.788854381999832e-18,3.571138356207712e-17,6.690916170279453e-18,1.7039133708857037e-17,2.0124066647849422e-16,1.1155781513508521e-16,8.467042972488833e-17,1.006203332392471e-16,1.0062033323924712e-17,1e-15,1.0000000000000001e-16,3.1523923381215297e-10,3.837692292807637e-16,4.6816897157354e-16
0.09015711376059571,1e-15,1.1536939708236673e-16,8.1578483018345e-16,3.6584684660024536e-16,1.788854381999832e-18,3.5708871047746484e-17,6.671685853415518e-18,1.7037934901548138e-17,2.0122650796633368e-16,1.1091748152624008e-16,8.467042972488833e-17,1.0061325398316685e-16,1.0061325398316686e-17,1e-15,1.0000000000000001e-16,3.116307201422861e-10,3.8366876904775417e-16,4.679265680338433e-16
0.09067759645839049,1e-15,1.1503781467932456e-16,8.134401885263176e-16,3.6584684660024536e-16,1.788854381999832e-18,3.5706387120158127e-17,6.6525108062750825e-18,1.703674973396068e-17,2.0121251054608545e-16,1.102808233849552e-16,8.467042972488833e-17,1.0060625527304272e-16,1.0060625527304273e-17,1e-15,1.0000000000000001e-16,3.0806351278682746e-10,3.8356885936369454e-16,4.676863453841931e-16
0.09120108393559097,1e-15,1.14707185275022e-16,8.111022855878974e-16,3.6584684660024536e-16,1.788854381999832e-18,3.5703931456002404e-17,6.6333908700078094e-18,1.7035578051832467e-17,2.0119867239583608e-16,1.0964781961431851e-16,8.467042972488833e-17,1.0059933619791803e-16,1.0059933619791804e-17,1e-15,1.0000000000000001e-16,3.0453713891630576e-10,3.8346949734691547e-16,4.674482832722629e-16
0.09172759353897794,1e-15,1.1437750613045178e-16,8.087711020004836e-16,3.6584684660024536e-16,1.788854381999832e-18,3.570150373558251e-17,6.6143258862199076e-18,1.7034419702625125e-17,2.0118499171403127e-16,1.0901844923851279e-16,8.467042972488833e-17,1.0059249585701562e-16,1.0059249585701563e-17,1e-15,1.0000000000000001e-16,3.0105113111368426e-10,3.8337068012942006e-16,4.67212361530166e-16
0.09225714271547629,1e-15,1.140487745144789e-16,8.064466184520351e-16,3.6584684660024536e-16,1.788854381999832e-18,3.569910364277509e-17,6.595315696972833e-18,1.7033274535505284e-17,2.0117146671925372e-16,1.083926914021204e-16,8.467042972488833e-17,1.0058573335962686e-16,1.0058573335962687e-17,1e-15,1.0000000000000001e-16,2.9760502731240443e-10,3.832724048568337e-16,4.669785601730099e-16
0.09278974901273317,1e-15,1.137209877038177e-16,8.041288156860148e-16,3.6584684660024536e-16,1.788854381999832e-18,3.5696730864991316e-17,6.5763601447819594e-18,1.7032142401326026e-17,2.0115809565000393e-16,1.0777052536943214e-16,8.467042972488833e-17,1.0057904782500198e-16,1.0057904782500199e-17,1e-15,1.0000000000000001e-16,2.9419837073513977e-10,3.8317466868835315e-16,4.667468593974582e-16
0.09332543007969915,1e-15,1.133941429830098e-16,8.0181767450123195e-16,3.6584684660024536e-16,1.788854381999832e-18,3.569438509313819e-17,6.557459072615303e-18,1.703102315260842e-17,2.0114487676448227e-16,1.071519305237606e-16,8.467042972488833e-17,1.0057243838224112e-16,1.0057243838224113e-17,1e-15,1.0000000000000001e-16,2.9083070983325184e-10,3.830774687966962e-16,4.665172395802986e-16
0.09386420366721356,1e-15,1.1306823764440107e-16,7.995131757516807e-16,3.6584684660024536e-16,1.788854381999832e-18,3.569206602158049e-17,6.538612323892188e-18,1.7029916643523345e-17,2.0113180834037396e-16,1.0653688636675629e-16,8.467042972488833e-17,1.0056590417018698e-16,1.0056590417018698e-17,1e-15,1.0000000000000001e-16,2.875015982269354e-10,3.829808023680513e-16,4.662896812770178e-16
0.09440608762859236,1e-15,1.1274326898811948e-16,7.972153003463827e-16,3.6584684660024536e-16,1.788854381999832e-18,3.5689773348102897e-17,6.519819742481977e-18,1.7028822729873438e-17,2.0111888867463638e-16,1.0592537251772887e-16,8.467042972488833e-17,1.0055944433731818e-16,1.005594443373182e-17,1e-15,1.0000000000000001e-16,2.8421059464605294e-10,3.8288466660202703e-16,4.660641652203825e-16
0.09495109992021983,1e-15,1.124192343220527e-16,7.949240292492293e-16,3.6584684660024536e-16,1.788854381999832e-18,3.568750677387265e-17,6.501081172702762e-18,1.7027741269075285e-17,2.0110611608328814e-16,1.0531736871297159e-16,8.467042972488833e-17,1.0055305804164407e-16,1.0055305804164408e-17,1e-15,1.0000000000000001e-16,2.809572628716445e-10,3.827890587116018e-16,4.658406723190276e-16
0.09549925860214359,1e-15,1.1209613096182578e-16,7.926393434788232e-16,3.6584684660024536e-16,1.788854381999832e-18,3.56852660034025e-17,6.482396459320079e-18,1.7026672120141713e-17,2.0109348890120057e-16,1.0471285480508997e-16,8.467042972488833e-17,1.0054674445060027e-16,1.0054674445060029e-17,1e-15,1.0000000000000001e-16,2.7774117167810736e-10,3.826939759230736e-16,4.656191836560509e-16
0.09605058183867304,1e-15,1.117739562307789e-16,7.903612241083212e-16,3.6584684660024536e-16,1.788854381999832e-18,3.568305074451416e-17,6.4637654475456225e-18,1.702561514366438e-17,2.0108100548189148e-16,1.0411181076233399e-16,8.467042972488833e-17,1.0054050274094574e-16,1.0054050274094576e-17,1e-15,1.0000000000000001e-16,2.7456189477603717e-10,3.8259941547600986e-16,4.653996804876149e-16
0.09660508789898131,1e-15,1.1145270745994522e-16,7.880896522652778e-16,3.6584684660024536e-16,1.788854381999832e-18,3.568086070830201e-17,6.445187983035966e-18,1.702457020179644e-17,2.0106866419732106e-16,1.0351421666793441e-16,8.467042972488833e-17,1.0053433209866052e-16,1.0053433209866053e-17,1e-15,1.0000000000000001e-16,2.714190107557244e-10,3.8250537462319696e-16,4.651821442415549e-16
0.09716279515771067,1e-15,1.1113238198802871e-16,7.858246091314885e-16,3.6584684660024536e-16,1.788854381999832e-18,3.5678695609097256e-17,6.426663911891275e-18,1.7023537158235456e-17,2.0105646343768933e-16,1.0292005271944276e-16,8.467042972488833e-17,1.0052823171884466e-16,1.0052823171884467e-17,1e-15,1.0000000000000001e-16,2.6831210303129587e-10,3.8241185063059046e-16,4.649665565159944e-16
0.09772372209558111,1e-15,1.1081297716138235e-16,7.835660759428347e-16,3.6584684660024536e-16,1.788854381999832e-18,3.5676555164432496e-17,6.408193080654045e-18,1.7022515878206472e-17,2.0104440161123702e-16,1.0232929922807537e-16,8.467042972488833e-17,1.0052220080561851e-16,1.0052220080561852e-17,1e-15,1.0000000000000001e-16,2.65240759785499e-10,3.823188407772647e-16,4.647528990779678e-16
0.09828788730000325,1e-15,1.1049449033398568e-16,7.81314033989127e-16,3.6584684660024536e-16,1.788854381999832e-18,3.567443909500651e-17,6.389775336307817e-18,1.7021506228445242e-17,2.0103247714404694e-16,1.0174193661806046e-16,8.467042972488833e-17,1.0051623857202346e-16,1.0051623857202347e-17,1e-15,1.0000000000000001e-16,2.622045739151129e-10,3.8222634235536306e-16,4.645411538620498e-16
0.0988553094656939,1e-15,1.1017691886742332e-16,7.790684646139509e-16,3.6584684660024536e-16,1.788854381999832e-18,3.567234712464962e-17,6.371410526275917e-18,1.702050807718168e-17,2.0102068847984848e-16,1.0115794542598985e-16,8.467042972488833e-17,1.0051034423992424e-16,1.0051034423992425e-17,1e-15,1.0000000000000001e-16,2.5920314297698893e-10,3.8213435267004796e-16,4.643313029689911e-16
0.09942600739529568,1e-15,1.0986026013086287e-16,7.768293492145124e-16,3.6584684660024536e-16,1.788854381999832e-18,3.567027898028927e-17,6.3530984984201894e-18,1.7019521294123447e-17,2.0100903407982429e-16,1.005773063001738e-16,8.467042972488833e-17,1.0050451703991214e-16,1.0050451703991215e-17,1e-15,1.0000000000000001e-16,2.562360691347074e-10,3.820428690394508e-16,4.641233286643629e-16
0.1,1e-15,1.0954451150103322e-16,7.745966692414833e-16,3.6584684660024536e-16,1.788854381999832e-18,3.566823439191598e-17,6.3348391010397405e-18,1.7018545750439694e-17,2.0099751242241781e-16,1e-16,8.467042972488833e-17,1.004987562112089e-16,1.004987562112089e-17,1e-15,1.0000000000000001e-16,2.533029591058445e-10,3.819518887946223e-16,4.639172133772073e-16
0.10057730630017381,,1.0922967036220278e-16,7.723704061988484e-16,3.6584684660024536e-16,1.788854381999832e-18,3.566621309254976e-17,6.3166321828696765e-18,1.7017581318745057e-17,2.0098612200314424e-16,9.942600739529567e-17,8.467042972488833e-17,1.0049306100157211e-16,1.0049306100157213e-17,,,2.504034241098427e-10,3.818614092794827e-16,4.637129396986951e-16
0.10115794542598983,,1.0891573410615781e-16,7.701505416437512e-16,3.6584684660024536e-16,1.788854381999832e-18,3.566421481820672e-17,6.298477593079854e-18,1.701662787308371e-17,2.0097486133440257e-16,9.885530946569392e-17,8.467042972488833e-17,1.0048743066720127e-16,1.0048743066720128e-17,,,2.4753707981647894e-10,3.8177142785077206e-16,4.635104903807915e-16
0.10174193661806055,,1.0860270013218078e-16,7.679370571863419e-16,3.6584684660024536e-16,1.788854381999832e-18,3.566223930786619e-17,6.2803751812736285e-18,1.7015685288913673e-17,2.0096372894528987e-16,9.828788730000317e-17,8.467042972488833e-17,1.0048186447264494e-16,1.0048186447264494e-17,,,2.447035462949215e-10,3.8168194187800055e-16,4.633098483349276e-16
0.10232929922807546,,1.08290565847029e-16,7.657299344896256e-16,3.6584684660024536e-16,1.788854381999832e-18,3.5660286303438036e-17,6.262324797486614e-18,1.7014753443091248e-17,2.0095272338141768e-16,9.772372209558104e-17,8.467042972488833e-17,1.0047636169070884e-16,1.0047636169070885e-17,,,2.419024479633722e-10,3.8159294874339907e-16,4.631109966306816e-16
0.10292005271944286,,1.0797932866491285e-16,7.635291552693083e-16,3.6584684660024536e-16,1.788854381999832e-18,3.5658355549730495e-17,6.2443262921854315e-18,1.7013832213855635e-17,2.0094184320473018e-16,9.716279515771058e-17,8.467042972488833e-17,1.0047092160236508e-16,1.0047092160236509e-17,,,2.391334135392807e-10,3.8150444584186957e-16,4.629139184944648e-16
0.10351421666793441,,1.0766898600747458e-16,7.613347012936478e-16,3.6584684660024536e-16,1.788854381999832e-18,3.565644679441818e-17,6.2263795162664754e-18,1.7012921480813677e-17,2.0093108699332415e-16,9.660508789898132e-17,8.467042972488833e-17,1.0046554349666208e-16,1.0046554349666209e-17,,,2.363960759901336e-10,3.814164305809358e-16,4.627185973082169e-16
0.10411181076233396,,1.0735953530376687e-16,7.59146554383301e-16,3.6584684660024536e-16,1.788854381999832e-18,3.56545597880105e-17,6.20848432105468e-18,1.7012021124924804e-17,2.0092045334127113e-16,9.605058183867306e-17,8.467042972488833e-17,1.0046022667063557e-16,1.0046022667063557e-17,,,2.3369007248480346e-10,3.8132890038069365e-16,4.625250166081075e-16
0.10471285480508996,,1.0705097399023155e-16,7.569646964111745e-16,3.6584684660024536e-16,1.788854381999832e-18,3.565269428382043e-17,6.1906405583022816e-18,1.701113102848612e-17,2.0090994085844128e-16,9.549925860214359e-17,8.467042972488833e-17,1.0045497042922063e-16,1.0045497042922063e-17,,,2.3101504434545686e-10,3.8124185267376246e-16,4.623331600832459e-16
0.10531736871297159,,1.0674329951067833e-16,7.547891093022733e-16,3.6584684660024536e-16,1.788854381999832e-18,3.565085003793361e-17,6.172848080187598e-18,1.701025107511767e-17,2.008995481703291e-16,9.495109992021984e-17,8.467042972488833e-17,1.0044977408516455e-16,1.0044977408516457e-17,,,2.2837063700001143e-10,3.8115528490523505e-16,4.621430115743979e-16
0.10592537251772886,,1.0643650931626367e-16,7.526197750335518e-16,3.6584684660024536e-16,1.788854381999832e-18,3.5649026809177705e-17,6.1551067393138e-18,1.70093811497478e-17,2.008892739178812e-16,9.440608762859236e-17,8.467042972488833e-17,1.004446369589406e-16,1.004446369589406e-17,,,2.2575649993513772e-10,3.8106919453262934e-16,4.619545550727101e-16
0.10653688636675629,,1.0613060086546965e-16,7.504566756337646e-16,3.6584684660024536e-16,1.788854381999832e-18,3.5647224359092174e-17,6.137416388707688e-18,1.7008521138598766e-17,2.008791167573255e-16,9.386420366721356e-17,8.467042972488833e-17,1.0043955837866274e-16,1.0043955837866275e-17,,,2.2317228664979952e-10,3.8098357902583865e-16,4.617677747184417e-16
0.10715193052376071,,1.0582557162408283e-16,7.482997931833165e-16,3.6584684660024536e-16,1.788854381999832e-18,3.5645442451898323e-17,6.1197768818184775e-18,1.7007670929172407e-17,2.008690753600027e-16,9.332543007969905e-17,8.467042972488833e-17,1.0043453768000134e-16,1.0043453768000135e-17,,,2.206176546093243e-10,3.8089843586708334e-16,4.615826547997046e-16
0.10777052536943224,,1.0552141906517354e-16,7.461491098141164e-16,3.6584684660024536e-16,1.788854381999832e-18,3.564368085446965e-17,6.102188072516593e-18,1.7006830410236022e-17,2.0085914841219916e-16,9.278974901273308e-17,8.467042972488833e-17,1.0042957420609957e-16,1.0042957420609958e-17,,,2.180922652000033e-10,3.8081376255086135e-16,4.613991797512099e-16
0.10839269140212039,,1.0521814066907452e-16,7.440046077094265e-16,3.6584684660024536e-16,1.788854381999832e-18,3.564193933630257e-17,6.084649815092435e-18,1.7005999471808404e-17,2.0084933461498189e-16,9.22571427154763e-17,8.467042972488833e-17,1.0042466730749093e-16,1.0042466730749094e-17,,,2.1559578368420507e-10,3.8072955658389973e-16,4.612173341530229e-16
0.10901844923851278,,1.0491573392336038e-16,7.418662691037163e-16,3.6584684660024536e-16,1.788854381999832e-18,3.56402176694874e-17,6.067161964255198e-18,1.7005178005145966e-17,2.0083963268403493e-16,9.172759353897795e-17,8.467042972488833e-17,1.0041981634201747e-16,1.0041981634201747e-17,,,2.13127879156009e-10,3.806458154851059e-16,4.610371027293247e-16
0.1096478196143185,,1.0461419632282665e-16,7.39734076282515e-16,3.6584684660024536e-16,1.788854381999832e-18,3.563851562867967e-17,6.049724375131649e-18,1.7004365902729087e-17,2.0083004134949796e-16,9.120108393559096e-17,8.467042972488833e-17,1.0041502067474899e-16,1.0041502067474899e-17,,,2.106882244973428e-10,3.805625367855189e-16,4.60858470347183e-16
0.11028082338495519,,1.0431352536946903e-16,7.376080115822651e-16,3.6584684660024536e-16,1.788854381999832e-18,3.5636832991071727e-17,6.0323369032649395e-18,1.7003563058248545e-17,2.0082055935580608e-16,9.067759645839048e-17,8.467042972488833e-17,1.0041027967790304e-16,1.0041027967790305e-17,,,2.0827649633462413e-10,3.8047971802826073e-16,4.60681422015329e-16
0.11091748152624009,,1.0401371857246276e-16,7.354880573901756e-16,3.6584684660024536e-16,1.788854381999832e-18,3.5635169536364665e-17,6.0149994046133986e-18,1.7002769366592126e-17,2.008111854615316e-16,9.01571137605957e-17,8.467042972488833e-17,1.004055927307658e-16,1.004055927307658e-17,,,2.0589237499589732e-10,3.803973567684881e-16,4.605059428829425e-16
0.1115578151350852,,1.0371477344814191e-16,7.3337419614407635e-16,3.6584684660024536e-16,1.788854381999832e-18,3.563352504674055e-17,5.997711735549349e-18,1.700198472383139e-17,2.008019184392277e-16,8.963961859499504e-17,8.467042972488833e-17,1.0040095921961385e-16,1.0040095921961386e-17,,,2.035355444684613e-10,3.803154505733439e-16,4.603320182384451e-16
0.11220184543019641,,1.0341668751997881e-16,7.312664103322722e-16,3.6584684660024536e-16,1.788854381999832e-18,3.5631899306834926e-17,5.980473752857907e-18,1.70012090272085e-17,2.0079275707527327e-16,8.912509381337451e-17,8.467042972488833e-17,1.0039637853763664e-16,1.0039637853763663e-17,,,2.0120569235698206e-10,3.802339970219089e-16,4.6015963350830025e-16
0.11284959375277621,,1.0311945831856369e-16,7.291646824933992e-16,3.6584684660024536e-16,1.788854381999832e-18,3.5630292103709656e-17,5.96328531373581e-18,1.7000442175123333e-17,2.0078370016972005e-16,8.861352236594996e-17,8.467042972488833e-17,1.0039185008486003e-16,1.0039185008486003e-17,,,1.9890250984208667e-10,3.801529937051535e-16,4.599887742558219e-16
0.11350108156723154,,1.0282308338158395e-16,7.270689952162781e-16,3.6584684660024536e-16,1.788854381999832e-18,3.562870322682594e-17,5.9461462757902184e-18,1.699968406712056e-17,2.0077474653614055e-16,8.810488730080139e-17,8.467042972488833e-17,1.0038737326807027e-16,1.0038737326807029e-17,,,1.9662569163942705e-10,3.8007243822588968e-16,4.598194261799897e-16
0.11415633046188459,,1.0252756025380397e-16,7.249793311397714e-16,3.6584684660024536e-16,1.788854381999832e-18,3.562713246801781e-17,5.9290564970375476e-18,1.6998934603877006e-17,2.007658950014786e-16,8.759917176331171e-17,8.467042972488833e-17,1.003829475007393e-16,1.0038294750073932e-17,,,1.9437493595921664e-10,3.799923281987229e-16,4.59651575114273e-16
0.1148153621496883,,1.022328864870447e-16,7.228956729526387e-16,3.6584684660024536e-16,1.788854381999832e-18,3.5625579621465723e-17,5.912015835902282e-18,1.699819368718907e-17,2.007571444059007e-16,8.709635899560806e-17,8.467042972488833e-17,1.0037857220295035e-16,1.0037857220295035e-17,,,1.9214994446622792e-10,3.7991266125000415e-16,4.594852070254621e-16
0.11547819846894582,,1.0193905964016337e-16,7.208180033933942e-16,3.6584684660024536e-16,1.788854381999832e-18,3.5624044483670605e-17,5.8950241512158106e-18,1.6997461219960325e-17,2.0074849360264944e-16,8.659643233600655e-17,8.467042972488833e-17,1.0037424680132472e-16,1.0037424680132472e-17,,,1.8995042224024866e-10,3.798334350177821e-16,4.593203080125063e-16
0.11614486138403426,,1.016460772790333e-16,7.187463052501629e-16,3.6584684660024536e-16,1.788854381999832e-18,3.5622526853427983e-17,5.878081302215254e-18,1.699673710618916e-17,2.0073994145789815e-16,8.609937521846007e-17,8.467042972488833e-17,1.0036997072894906e-16,1.0036997072894907e-17,,,1.8777607773699003e-10,3.7975464715175524e-16,4.591568643053617e-16
0.11681537298613243,,1.013539369765237e-16,7.166805613605388e-16,3.6584684660024536e-16,1.788854381999832e-18,3.5621026531802593e-17,5.861187148542298e-18,1.69960212509567e-17,2.007314868506074e-16,8.560517117200951e-17,8.467042972488833e-17,1.0036574342530369e-16,1.0036574342530369e-17,,,1.8562662274944348e-10,3.796762953132245e-16,4.589948622638451e-16
0.11748975549395303,,1.0106263631247955e-16,7.146207546114411e-16,3.6584684660024536e-16,1.788854381999832e-18,3.561954332210309e-17,5.8443415502420275e-18,1.6995313560414715e-17,2.0072312867238293e-16,8.51138038202376e-17,8.467042972488833e-17,1.0036156433619145e-16,1.0036156433619146e-17,,,1.8350177236967813e-10,3.7959837717504516e-16,4.58834288376495e-16
0.11816803125447843,,1.0077217287370173e-16,7.125668679389755e-16,3.6584684660024536e-16,1.788854381999832e-18,3.561807702985721e-17,5.827544367761782e-18,1.6994613941773776e-17,2.007148658273352e-16,8.462525688072688e-17,8.467042972488833e-17,1.0035743291366759e-16,1.003574329136676e-17,,,1.8140124495107855e-10,3.7952089042158e-16,4.586751292594429e-16
0.11885022274370188,,1.004825442539267e-16,7.105188843282892e-16,3.6584684660024536e-16,1.788854381999832e-18,3.561662746278699e-17,5.8107954619499766e-18,1.699392230329142e-17,2.0070669723194007e-16,8.413951416451948e-17,8.467042972488833e-17,1.0035334861597002e-16,1.0035334861597003e-17,,,1.7932476207101012e-10,3.794438327486513e-16,4.585173716552894e-16
0.1195363525673719,,1.0019374805380682e-16,7.084767868134325e-16,3.6584684660024536e-16,1.788854381999832e-18,3.561519443078442e-17,5.794094694054966e-18,1.699323855426057e-17,2.0069862181490168e-16,8.365655957558098e-17,8.467042972488833e-17,1.0034931090745083e-16,1.0034931090745083e-17,,,1.7727204849391633e-10,3.793672018634938e-16,4.583610024319898e-16
0.12022644346174131,,9.990578188089041e-17,7.064405584772172e-16,3.6584684660024536e-16,1.788854381999832e-18,3.5613777745887296e-17,5.77744192572389e-18,1.699256260499797e-17,2.0069063851701597e-16,8.317637711026709e-17,8.467042972488833e-17,1.0034531925850798e-16,1.0034531925850799e-17,,,1.7524283213483596e-10,3.792909954847078e-16,4.582060085817468e-16
0.12092051829432085,,9.961864334960189e-17,7.044101824510766e-16,3.6584684660024536e-16,1.788854381999832e-18,3.561237722225538e-17,5.760837019001525e-18,1.6991894366832813e-17,2.0068274629103666e-16,8.269895085679318e-17,8.467042972488833e-17,1.0034137314551832e-16,1.0034137314551833e-17,,,1.7323684402333864e-10,3.7921521134221153e-16,4.580523772199109e-16
0.12161860006463679,,9.933233008122207e-17,7.023856419149261e-16,3.6584684660024536e-16,1.788854381999832e-18,3.561099267614667e-17,5.744279836329148e-18,1.6991233752095467e-17,2.0067494410154148e-16,8.222426499470713e-17,8.467042972488833e-17,1.0033747205077075e-16,1.0033747205077075e-17,,,1.7125381826787285e-10,3.7913984717719443e-16,4.57900095583888e-16
0.12232071190499313,,9.90468397038684e-17,7.003669200970232e-16,3.6584684660024536e-16,1.788854381999832e-18,3.560962392589416e-17,5.727770240543387e-18,1.699058067410631e-17,2.0066723092480106e-16,8.175230379436503e-17,8.467042972488833e-17,1.0033361546240053e-16,1.0033361546240055e-17,,,1.6929349202052268e-10,3.7906490074207045e-16,4.577491510320559e-16
0.1230268770812381,,9.876216985247537e-17,6.983540002738295e-16,3.6584684660024536e-16,1.788854381999832e-18,3.560827079188262e-17,5.711308094875097e-18,1.698993504716474e-17,2.0065960574864849e-16,8.128305161640997e-17,8.467042972488833e-17,1.0032980287432422e-16,1.0032980287432423e-17,,,1.6735560544216756e-10,3.789903698004307e-16,4.575995310426872e-16
0.12373711899353532,,9.847831816877481e-17,6.963468657698705e-16,3.6584684660024536e-16,1.788854381999832e-18,3.560693309652583e-17,5.6948932629482106e-18,1.698929678653822e-17,2.0065206757235017e-16,8.081649291125369e-17,8.467042972488833e-17,1.0032603378617508e-16,1.003260337861751e-17,,,1.654399016680401e-10,3.789162521269974e-16,4.5745122321288e-16
0.12445146117713857,,9.819528230127658e-17,6.943454999576005e-16,3.6584684660024536e-16,1.788854381999832e-18,3.560561066424387e-17,5.678525608778632e-18,1.6988665808451526e-17,2.00644615406479e-16,8.035261221856169e-17,8.467042972488833e-17,1.0032230770323949e-16,1.003223077032395e-17,,,1.6354612677368074e-10,3.788425455075768e-16,4.573042152574974e-16
0.12516992730317256,,9.791305990524885e-17,6.923498862572611e-16,3.6584684660024536e-16,1.788854381999832e-18,3.56043033214408e-17,5.662204996773083e-18,1.6988042030076037e-17,2.0063724827278764e-16,7.989139416674041e-17,8.467042972488833e-17,1.0031862413639381e-16,1.0031862413639382e-17,,,1.6167402974127818e-10,3.78769247739013e-16,4.571584950081129e-16
0.12589254117941676,,9.763164864269872e-17,6.903600081367466e-16,3.6584684660024536e-16,1.788854381999832e-18,3.560301089648255e-17,5.645931291728001e-18,1.6987425369519212e-17,2.006299652040843e-16,7.943282347242814e-17,8.467042972488833e-17,1.0031498260204214e-16,1.0031498260204215e-17,,,1.598233624263985e-10,3.786963566291413e-16,4.570140504119644e-16
0.12661932675109444,,9.7351046182353e-17,6.883758491114656e-16,3.6584684660024536e-16,1.788854381999832e-18,3.5601733219674967e-17,5.629704358828406e-18,1.698681574581412e-17,2.0062276524410922e-16,7.897688493998855e-17,8.467042972488833e-17,1.0031138262205461e-16,1.0031138262205462e-17,,,1.579938795250938e-10,3.786238699967421e-16,4.568708695309159e-16
0.12735030810166617,,9.707125019963872e-17,6.863973927442055e-16,3.6584684660024536e-16,1.788854381999832e-18,3.560047012324226e-17,5.613524063646795e-18,1.6986213078909135e-17,2.0061564744741272e-16,7.852356346100718e-17,8.467042972488833e-17,1.0030782372370636e-16,1.0030782372370637e-17,,,1.561853385413871e-10,3.7855178567149495e-16,4.567289405404261e-16
0.12808550945362784,,9.679225837666401e-17,6.844246226449952e-16,3.6584684660024536e-16,1.788854381999832e-18,3.5599221441305475e-17,5.597390272142016e-18,1.6985617289657684e-17,2.0060861087923436e-16,7.80728440137907e-17,8.467042972488833e-17,1.0030430543961719e-16,1.003043054396172e-17,,,1.5439749975512991e-10,3.7848010149393193e-16,4.565882517285252e-16
0.12882495516931336,,9.651406840219877e-17,6.824575224709705e-16,3.6584684660024536e-16,1.788854381999832e-18,3.559798700986141e-17,5.581302850658165e-18,1.698502829980818e-17,2.0060165461538383e-16,7.76247116628692e-17,8.467042972488833e-17,1.0030082730769192e-16,1.0030082730769193e-17,,,1.526301261902277e-10,3.784088153153921e-16,4.564487914947987e-16
0.12956866975170203,,9.62366779716556e-17,6.804960759262372e-16,3.6584684660024536e-16,1.788854381999832e-18,3.5596766666761606e-17,5.565261665923478e-18,1.698444603199399e-17,2.005947777421227e-16,7.71791515585012e-17,8.467042972488833e-17,1.0029738887106134e-16,1.0029738887106135e-17,,,1.508829835832284e-10,3.783379249979756e-16,4.563105483493788e-16
0.13031667784523,,9.596008478707083e-17,6.785402667617384e-16,3.6584684660024536e-16,1.788854381999832e-18,3.559556025169166e-17,5.549266585049233e-18,1.6983870409723594e-17,2.0058797935604776e-16,7.673614893618188e-17,8.467042972488833e-17,1.0029398967802388e-16,1.0029398967802388e-17,,,1.491558403522726e-10,3.7826742841449785e-16,4.561735109119441e-16
0.13106900423660772,,9.568428655708519e-17,6.765900787751174e-16,3.6584684660024536e-16,1.788854381999832e-18,3.5594367606150694e-17,5.533317475528632e-18,1.6983301357370734e-17,2.005812585639754e-16,7.629568911615328e-17,8.467042972488833e-17,1.0029062928198769e-16,1.0029062928198769e-17,,,1.474484675663954e-10,3.781973234484438e-16,4.560376679107254e-16
0.13182567385564073,,9.540928099692505e-17,6.746454958105851e-16,3.6584684660024536e-16,1.788854381999832e-18,3.55931885734311e-17,5.517414205235723e-18,1.6982738800164812e-17,2.0057461448282746e-16,7.585775750291836e-17,8.467042972488833e-17,1.0028730724141373e-16,1.0028730724141373e-17,,,1.4576063891518352e-10,3.781276079939229e-16,4.559030081815199e-16
0.13258671177605594,,9.513506582838343e-17,6.727065017587852e-16,3.6584684660024536e-16,1.788854381999832e-18,3.5592022998598496e-17,5.501556642424286e-18,1.6982182664181287e-17,2.0056804623951826e-16,7.542233958475709e-17,8.467042972488833e-17,1.0028402311975912e-16,1.0028402311975913e-17,,,1.440921306787773e-10,3.7805827995562286e-16,4.557695206667126e-16
0.1333521432163324,,9.486163877980113e-17,6.707730805566616e-16,3.6584684660024536e-16,1.788854381999832e-18,3.559087072847187e-17,5.485744655726763e-18,1.6981632876332205e-17,2.0056155297084272e-16,7.498942093324559e-17,8.467042972488833e-17,1.0028077648542135e-16,1.0028077648542136e-17,,,1.424427216982174e-10,3.7798933724876523e-16,4.5563719441430505e-16
0.13412199354053708,,9.458899758604793e-17,6.688452161873246e-16,3.6584684660024536e-16,1.788854381999832e-18,3.558973161160399e-17,5.469978114153152e-18,1.6981089364356872e-17,2.005551338233658e-16,7.455898720277817e-17,8.467042972488833e-17,1.002775669116829e-16,1.002775669116829e-17,,,1.4081219334612995e-10,3.779207777990596e-16,4.555060185769516e-16
0.13489628825916533,,9.431713998850375e-17,6.669228926799189e-16,3.6584684660024536e-16,1.788854381999832e-18,3.5588605498261984e-17,5.4542568870899285e-18,1.6980552056812554e-17,2.0054878795331337e-16,7.413102413009177e-17,8.467042972488833e-17,1.002743939766567e-16,1.002743939766567e-17,,,1.3920032949774794e-10,3.7785259954265877e-16,4.553759824110029e-16
0.13567505302998625,,9.404606373504e-17,6.650060941094904e-16,3.6584684660024536e-16,1.788854381999832e-18,3.558749224040813e-17,5.4385808442989645e-18,1.698002088306536e-17,2.005425145264639e-16,7.37055175337934e-17,8.467042972488833e-17,1.0027125726323194e-16,1.0027125726323194e-17,,,1.3760691650226405e-10,3.7778480042611384e-16,4.552470752755567e-16
0.13645831365889252,,9.377576658000107e-17,6.630948045968557e-16,3.6584684660024536e-16,1.788854381999832e-18,3.558639169168094e-17,5.422949855916454e-18,1.6979495773281157e-17,2.0053631271804142e-16,7.328245331389037e-17,8.467042972488833e-17,1.0026815635902071e-16,1.0026815635902072e-17,,,1.3603174315451217e-10,3.7771737840632923e-16,4.551192866315159e-16
0.13724609610075625,,9.350624628418536e-17,6.611890083084688e-16,3.6584684660024536e-16,1.788854381999832e-18,3.558530370737631e-17,5.407363792451823e-18,1.6978976658416636e-17,2.0053018171261004e-16,7.286181745132275e-17,8.467042972488833e-17,1.0026509085630501e-16,1.0026509085630503e-17,,,1.344746006669709e-10,3.77650331450518e-16,4.549926060406545e-16
0.13803842646028852,,9.323750061482708e-17,6.592886894562912e-16,3.6584684660024536e-16,1.788854381999832e-18,3.5584228144429e-17,5.3918225247866705e-18,1.6978463470210425e-17,2.0052412070396892e-16,7.244359600749899e-17,8.467042972488833e-17,1.0026206035198446e-16,1.0026206035198447e-17,,,1.3293528264209015e-10,3.7758365753615734e-16,4.548670231646896e-16
0.13883533099290457,,9.296952734557753e-17,6.573938322976604e-16,3.6584684660024536e-16,1.788854381999832e-18,3.5583164861394286e-17,5.37632592417369e-18,1.6977956141174372e-17,2.0051812889504928e-16,7.202777512383406e-17,8.467042972488833e-17,1.0025906444752464e-16,1.0025906444752465e-17,,,1.314135850449331e-10,3.775173546509438e-16,4.54742527764362e-16
0.13963683610559377,,9.270232425648681e-17,6.5550442113516e-16,3.6584684660024536e-16,1.788854381999832e-18,3.5582113718429724e-17,5.360873862235613e-18,1.6977454604584805e-17,2.005122054978114e-16,7.161434102129019e-17,8.467042972488833e-17,1.0025610274890568e-16,1.0025610274890569e-17,,,1.2990930617613148e-10,3.774514207927493e-16,4.546191096985229e-16
0.14044296835779474,,9.243588913398536e-17,6.536204403164894e-16,3.6584684660024536e-16,1.788854381999832e-18,3.558107457727728e-17,5.345466210964132e-18,1.6976958794474058e-17,2.0050634973314408e-16,7.120327999992027e-17,8.467042972488833e-17,1.0025317486657204e-16,1.0025317486657205e-17,,,1.2842224664515055e-10,3.773858539695764e-16,4.544967589232286e-16
0.1412537544622754,,9.217021977086556e-17,6.517418742343343e-16,3.6584684660024536e-16,1.788854381999832e-18,3.558004730124548e-17,5.330102842718853e-18,1.6976468645621905e-17,2.0050056083076404e-16,7.079457843841381e-17,8.467042972488833e-17,1.0025028041538202e-16,1.0025028041538203e-17,,,1.2695220934386034e-10,3.773206521995146e-16,4.543754654908415e-16
0.14206922128601818,,9.190531396626358e-17,6.498687073262369e-16,3.6584684660024536e-16,1.788854381999832e-18,3.55790317551919e-17,5.314783630226229e-18,1.6975984093547235e-17,2.0049483802911716e-16,7.03882227936457e-17,8.467042972488833e-17,1.0024741901455858e-16,1.0024741901455859e-17,,,1.2549899942040866e-10,3.7725581351069604e-16,4.542552195491393e-16
0.14288939585111038,,9.164116952564102e-17,6.480009240744675e-16,3.6584684660024536e-16,1.788854381999832e-18,3.5578027805505757e-17,5.299508446578509e-18,1.6975505074499724e-17,2.004891805752804e-16,6.998419960022731e-17,8.467042972488833e-17,1.0024459028764018e-16,1.002445902876402e-17,,,1.2406242425339415e-10,3.7719133594125155e-16,4.541360113404299e-16
0.14371430533563911,,9.13777842607669e-17,6.461385090058965e-16,3.6584684660024536e-16,1.788854381999832e-18,3.557703532009074e-17,5.284277165232692e-18,1.697503152545167e-17,2.00483587724865e-16,6.95824954700605e-17,8.467042972488833e-17,1.002417938624325e-16,1.0024179386243251e-17,,,1.226422934263349e-10,3.771272175392671e-16,4.54017831200675e-16
0.1445439770745928,,9.11151559896993e-17,6.442814466918645e-16,3.6584684660024536e-16,1.788854381999832e-18,3.5576054168347987e-17,5.269089660009468e-18,1.697456338408984e-17,2.0047805874192084e-16,6.918309709189363e-17,8.467042972488833e-17,1.0023902937096041e-16,1.0023902937096041e-17,,,1.2123841870242773e-10,3.7706345636274e-16,4.539006695586192e-16
0.1453784385607662,,9.085328253676744e-17,6.424297217480558e-16,3.6584684660024536e-16,1.788854381999832e-18,3.5575084221159305e-17,5.253945805092178e-18,1.69741005888075e-17,2.004725928988414e-16,6.878599123088075e-17,8.467042972488833e-17,1.0023629644942069e-16,1.002362964494207e-17,,,1.1985061399959867e-10,3.770000504795351e-16,4.537845169349272e-16
0.14621771744567183,,9.059216173255361e-17,6.405833188343712e-16,3.6584684660024536e-16,1.788854381999832e-18,3.557412535087052e-17,5.2388454750257734e-18,1.6973643078696424e-17,2.0046718947627036e-16,6.839116472814293e-17,8.467042972488833e-17,1.0023359473813518e-16,1.0023359473813518e-17,,,1.1847869536583752e-10,3.7693699796734173e-16,4.536693639413272e-16
0.14706184154045604,,9.033179141387526e-17,6.387422226547995e-16,3.6584684660024536e-16,1.788854381999832e-18,3.557317743127503e-17,5.2237885447157755e-18,1.69731907935391e-17,2.0046184776300878e-16,6.799860450033224e-17,8.467042972488833e-17,1.0023092388150438e-16,1.002309238815044e-17,,,1.1712248095481542e-10,3.768742969136304e-16,4.535552012797615e-16
0.1479108388168207,,9.007216942376698e-17,6.369064179572923e-16,3.6584684660024536e-16,1.788854381999832e-18,3.5572240337597586e-17,5.208774889427238e-18,1.6972743673800933e-17,2.0045656705592346e-16,6.760829753919819e-17,8.467042972488833e-17,1.0022828352796173e-16,1.0022828352796174e-17,,,1.1578179100178122e-10,3.768119454156091e-16,4.534420197415447e-16
0.14876473740795015,,8.981329361146269e-17,6.35075889533637e-16,3.6584684660024536e-16,1.788854381999832e-18,3.5571313946478155e-17,5.193804384783716e-18,1.6972301660622608e-17,2.004513466598565e-16,6.72202309111567e-17,8.467042972488833e-17,1.0022567332992825e-16,1.0022567332992825e-17,,,1.1445644779973375e-10,3.767499415801808e-16,4.533298102065273e-16
0.14962356560944343,,8.955516183237776e-17,6.3325062221933e-16,3.6584684660024536e-16,1.788854381999832e-18,3.557039813595605e-17,5.178876906766228e-18,1.6971864695812466e-17,2.0044618588753535e-16,6.683439175686144e-17,8.467042972488833e-17,1.0022309294376768e-16,1.0022309294376768e-17,,,1.1314627567586699e-10,3.7668828352390026e-16,4.532185636422676e-16
0.15048735188025145,,8.929777194809146e-17,6.314306008934533e-16,3.6584684660024536e-16,1.788854381999832e-18,3.5569492785454184e-17,5.1639923317122455e-18,1.6971432721839016e-17,2.0044108405948452e-16,6.645076729077793e-17,8.467042972488833e-17,1.0022054202974225e-16,1.0022054202974225e-17,,,1.1185110096828545e-10,3.766269693729311e-16,4.5310827110320945e-16
0.15135612484362088,,8.904112182632893e-17,6.296158104785468e-16,3.6584684660024536e-16,1.788854381999832e-18,3.556859777576351e-17,5.149150536314649e-18,1.6971005681823508e-17,2.0043604050393747e-16,6.606934480075958e-17,8.467042972488833e-17,1.0021802025196873e-16,1.0021802025196874e-17,,,1.1057075200298432e-10,3.7656599726300336e-16,4.529989237298672e-16
0.15222991328804203,,8.878520934094369e-17,6.278062359404848e-16,3.6584684660024536e-16,1.788854381999832e-18,3.556771298902766e-17,5.1343513976207196e-18,1.6970583519532602e-17,2.0043105455675054e-16,6.569011164762661e-17,8.467042972488833e-17,1.0021552727837526e-16,1.0021552727837526e-17,,,1.0930505907109513e-10,3.7650536533937055e-16,4.52890512748017e-16
0.15310874616820302,,8.853003237190003e-17,6.260018622883509e-16,3.6584684660024536e-16,1.788854381999832e-18,3.5566838308727714e-17,5.1195947930311105e-18,1.69701661793711e-17,2.0042612556131658e-16,6.531305526474723e-17,8.467042972488833e-17,1.0021306278065829e-16,1.002130627806583e-17,,,1.0805385440639061e-10,3.764450717567677e-16,4.527830294678957e-16
0.1539926526059492,,8.827558880525542e-17,6.242026745743139e-16,3.6584684660024536e-16,1.788854381999832e-18,3.5565973619667133e-17,5.104880600298843e-18,1.6969753606374757e-17,2.0042125286848056e-16,6.493816315762112e-17,8.467042972488833e-17,1.0021062643424028e-16,1.0021062643424028e-17,,,1.0681697216304778e-10,3.763851146793684e-16,4.526764652834053e-16
0.1548816618912481,,8.802187653314298e-17,6.224086578935044e-16,3.6584684660024536e-16,1.788854381999832e-18,3.5565118807956934e-17,5.0902086975282845e-18,1.6969345746203208e-17,2.004164358364556e-16,6.456542290346557e-17,8.467042972488833e-17,1.002082179182278e-16,1.0020821791822781e-17,,,1.05594248393665e-10,3.7632549228074323e-16,4.525708116713242e-16
0.1557758034831602,,8.776889345375406e-17,6.206197973838907e-16,3.6584684660024536e-16,1.788854381999832e-18,3.556427376100093e-17,5.075578963174142e-18,1.6968942545132915e-17,2.0041167383074007e-16,6.419482215080359e-17,8.467042972488833e-17,1.0020583691537001e-16,1.0020583691537002e-17,,,1.0438552102753103e-10,3.7626620274381713e-16,4.524660601905264e-16
0.15667510701081502,,8.751663747132072e-17,6.188360782261559e-16,3.6584684660024536e-16,1.788854381999832e-18,3.556343836748115e-17,5.060991276040453e-18,1.6968543950050255e-17,2.0040696622403535e-16,6.382634861905482e-17,8.467042972488833e-17,1.0020348311201767e-16,1.0020348311201768e-17,,,1.0319062984914257e-10,3.7620724426082787e-16,4.523622024812051e-16
0.15757960227439252,,8.726510649609864e-17,6.170574856435759e-16,3.6584684660024536e-16,1.788854381999832e-18,3.556261251734354e-17,5.0464455152795914e-18,1.6968149908444623e-17,2.0040231239616516e-16,6.345999009812865e-17,8.467042972488833e-17,1.0020115619808258e-16,1.002011561980826e-17,,,1.0200941647696859e-10,3.761486150332839e-16,4.522592302641048e-16
0.1584893192461114,,8.701429844434946e-17,6.152840049018956e-16,3.6584684660024536e-16,1.788854381999832e-18,3.556179610178366e-17,5.0319415603912504e-18,1.696776036840166e-17,2.003977117339951e-16,6.309573444801932e-17,8.467042972488833e-17,1.0019885586699754e-16,1.0019885586699755e-17,,,1.0084172434245589e-10,3.760903132719227e-16,4.521571353397587e-16
0.1594042880712218,,8.676421123832368e-17,6.135156213092073e-16,3.6584684660024536e-16,1.788854381999832e-18,3.556098901323259e-17,5.017479291221454e-18,1.6967375278596542e-17,2.0039316363135323e-16,6.273356959840379e-17,8.467042972488833e-17,1.001965818156766e-16,1.0019658181567661e-17,,,9.968739866927674e-11,3.760323371966695e-16,4.520559095877325e-16
0.16032453906900418,,8.651484280624355e-17,6.117523202158301e-16,3.6584684660024536e-16,1.788854381999832e-18,3.556019114534309e-17,5.003058587961561e-18,1.6966994588287315e-17,2.0038866748895186e-16,6.237348354824191e-17,8.467042972488833e-17,1.0019433374447593e-16,1.0019433374447594e-17,,,9.854628645281354e-11,3.759746850365953e-16,4.519555449658756e-16
0.16125010273377416,,8.626619108228567e-17,6.099940870141867e-16,3.6584684660024536e-16,1.788854381999832e-18,3.5559402392975766e-17,4.988679331147272e-18,1.6966618247308348e-17,2.0038422271430988e-16,6.201546436537853e-17,8.467042972488833e-17,1.0019211135715493e-16,1.0019211135715494e-17,,,9.741823643987804e-11,3.759173550298761e-16,4.51856033509578e-16
0.16218100973589297,,8.601825400656414e-17,6.082409071386841e-16,3.6584684660024536e-16,1.788854381999832e-18,3.555862265218549e-17,4.974341401657637e-18,1.6966246206063833e-17,2.0037982872167604e-16,6.165950018614824e-17,8.467042972488833e-17,1.0018991436083801e-16,1.0018991436083803e-17,,,9.630309910866284e-11,3.758603454237511e-16,4.517573673310334e-16
0.1631172909227838,,8.577102952511325e-17,6.0649276606559165e-16,3.6584684660024536e-16,1.788854381999832e-18,3.5557851820207925e-17,4.960044680714073e-18,1.6965878415521362e-17,2.0037548493195314e-16,6.130557921498209e-17,8.467042972488833e-17,1.0018774246597657e-16,1.0018774246597658e-17,,,9.520072664892257e-11,3.758036544744822e-16,4.516595386185089e-16
0.16405897731995386,,8.552451558987068e-17,6.047496493129216e-16,3.6584684660024536e-16,1.788854381999832e-18,3.5557089795446234e-17,4.945789049879377e-18,1.6965514827205567e-17,2.0037119077262297e-16,6.095368972401694e-17,8.467042972488833e-17,1.0018559538631148e-16,1.0018559538631149e-17,,,9.411097294238172e-11,3.757472804473126e-16,4.515625396356208e-16
0.16500610013202285,,8.52787101586603e-17,6.030115424403082e-16,3.6584684660024536e-16,1.788854381999832e-18,3.5556336477457884e-17,4.931574391056743e-18,1.6965155393191862e-17,2.003669456776722e-16,6.06038200527066e-17,8.467042972488833e-17,1.0018347283883608e-16,1.0018347283883609e-17,,,9.303369354336672e-11,3.7569122161642636e-16,4.514663627206171e-16
0.16595869074375613,,8.503361119517559e-17,6.012784310488897e-16,3.6584684660024536e-16,1.788854381999832e-18,3.555559176694167e-17,4.917400586488791e-18,1.69648000661002e-17,2.0036274908751889e-16,6.025595860743574e-17,8.467042972488833e-17,1.0018137454375943e-16,1.0018137454375945e-17,,,9.196874565966046e-11,3.756354762649073e-16,4.513710002856653e-16
0.1669167807211058,,8.478921666896236e-17,5.995503007811874e-16,3.6584684660024536e-16,1.788854381999832e-18,3.5554855565724776e-17,4.903267518756584e-18,1.6964448799088958e-17,2.0035860044894002e-16,5.991009386113538e-17,8.467042972488833e-17,1.0017930022447001e-16,1.0017930022447002e-17,,,9.09159881335743e-11,3.7558004268469884e-16,4.512764448161471e-16
0.16788040181225605,,8.454552455540225e-17,5.97827137320987e-16,3.6584684660024536e-16,1.788854381999832e-18,3.5554127776750145e-17,4.889175070778659e-18,1.6964101545848847e-17,2.0035449921499997e-16,5.956621435290104e-17,8.467042972488833e-17,1.0017724960749999e-16,1.001772496075e-17,,,8.987528142323843e-11,3.755249191765632e-16,4.511826888699596e-16
0.16884958594867533,,8.430253283569579e-17,5.961089263932208e-16,3.6584684660024536e-16,1.788854381999832e-18,3.5553408304063786e-17,4.875123125810052e-18,1.6963758260596922e-17,2.0035044484497915e-16,5.922430868761306e-17,8.467042972488833e-17,1.0017522242248958e-16,1.0017522242248957e-17,,,8.884648758410564e-11,3.754701040500413e-16,4.510897250768205e-16
0.16982436524617442,,8.406023949684576e-17,5.94395653763849e-16,3.6584684660024536e-16,1.788854381999832e-18,3.555269705280237e-17,4.861111567441341e-18,1.696341889807061e-17,2.0034643680430405e-16,5.888436553555891e-17,8.467042972488833e-17,1.0017321840215203e-16,1.0017321840215204e-17,,,8.782947025066694e-11,3.754155956234126e-16,4.509975461375824e-16
0.17080477200597077,,8.381864253164047e-17,5.926873052397414e-16,3.6584684660024536e-16,1.788854381999832e-18,3.555199392918097e-17,4.847140279597672e-18,1.6963083413521878e-17,2.0034247456447817e-16,5.854637363205774e-17,8.467042972488833e-17,1.0017123728223908e-16,1.001712372822391e-17,,,8.682409461837636e-11,3.753613922236549e-16,4.509061448235504e-16
0.17179083871575876,,8.357773993863713e-17,5.909838666685605e-16,3.6584684660024536e-16,1.788854381999832e-18,3.5551298840480787e-17,4.833209146537802e-18,1.696275176271139e-17,2.0033855760301282e-16,5.821032177708717e-17,8.467042972488833e-17,1.0016927880150641e-16,1.0016927880150643e-17,,,8.583022742578286e-11,3.7530749218640455e-16,4.508155139758077e-16
0.17278259805078644,,8.333752972214526e-17,5.892853239386437e-16,3.6584684660024536e-16,1.788854381999832e-18,3.5550611695037174e-17,4.819318052853135e-18,1.6962423901902785e-17,2.0033468540335978e-16,5.787619883491204e-17,8.467042972488833e-17,1.0016734270167988e-16,1.001673427016799e-17,,,8.484773693686635e-11,3.752538938559165e-16,4.507256465045451e-16
0.17378008287493762,,8.309800989221029e-17,5.87591662978887e-16,3.6584684660024536e-16,1.788854381999832e-18,3.5549932402227765e-17,4.8054668834667795e-18,1.6962099787856992e-17,2.0033085745484406e-16,5.754399373371567e-17,8.467042972488833e-17,1.0016542872742202e-16,1.0016542872742203e-17,,,8.38764929235771e-11,3.752005955850249e-16,4.506365353883987e-16
0.1747833262418219,,8.285917846459687e-17,5.85902869758628e-16,3.6584684660024536e-16,1.788854381999832e-18,3.554926087246059e-17,4.791655523632578e-18,1.6961779377826608e-17,2.0032707325259742e-16,5.721369546523261e-17,8.467042972488833e-17,1.0016353662629871e-16,1.0016353662629871e-17,,,8.291636664857299e-11,3.751475957351033e-16,4.505481736737912e-16
0.1757923613958693,,8.262103346077254e-17,5.842189302875291e-16,3.6584684660024536e-16,1.788854381999832e-18,3.554859701716257e-17,4.777883858934165e-18,1.696146262955034e-17,2.003233322974931e-16,5.688529308438414e-17,8.467042972488833e-17,1.0016166614874655e-16,1.0016166614874656e-17,,,8.196723084815625e-11,3.7509489267602544e-16,4.504605544742808e-16
0.17680722177343197,,8.238357290789133e-17,5.82539830615463e-16,3.6584684660024536e-16,1.788854381999832e-18,3.5547940748767913e-17,4.76415177528402e-18,1.696114950124754e-17,2.0031963409608069e-16,5.655877570891539e-17,8.467042972488833e-17,1.0015981704804033e-16,1.0015981704804035e-17,,,8.102895971540458e-11,3.7504248478612563e-16,4.503736709699147e-16
0.1778279410038923,,8.214679483877741e-17,5.80865556832396e-16,3.6584684660024536e-16,1.788854381999832e-18,3.5547291980706776e-17,4.750459158922521e-18,1.6960839951612747e-17,2.0031597816052202e-16,5.62341325190349e-17,8.467042972488833e-17,1.0015798908026101e-16,1.0015798908026102e-17,,,8.010142888349565e-11,3.7499037045216007e-16,4.50287516406589e-16
0.17885455291077712,,8.191069729190884e-17,5.791960950682732e-16,3.6584684660024536e-16,1.788854381999832e-18,3.554665062739398e-17,4.7368058964170005e-18,1.696053393981031e-17,2.0031236400852785e-16,5.591135275705602e-17,8.467042972488833e-17,1.0015618200426393e-16,1.0015618200426394e-17,,,7.918451540922237e-11,3.749385480692676e-16,4.502020840954139e-16
0.17988709151287874,,8.16752783114012e-17,5.775314314929035e-16,3.6584684660024536e-16,1.788854381999832e-18,3.55460166042179e-17,4.723191874660807e-18,1.6960231425469105e-17,2.0030879116329506e-16,5.559042572704037e-17,8.467042972488833e-17,1.0015439558164752e-16,1.0015439558164753e-17,,,7.827809775669684e-11,3.7488701604093087e-16,4.501173674120848e-16
0.1809255910253822,,8.14405359469915e-17,5.758715523158448e-16,3.6584684660024536e-16,1.788854381999832e-18,3.5545389827529477e-17,4.7096169808723665e-18,1.6959932368677283e-17,2.0030525915344465e-16,5.5271340794443454e-17,8.467042972488833e-17,1.0015262957672233e-16,1.0015262957672234e-17,,,7.738205578124091e-11,3.7483577277893743e-16,4.500333597962591e-16
0.18197008586099844,,8.120646825402205e-17,5.742164437862909e-16,3.6584684660024536e-16,1.788854381999832e-18,3.554477021463128e-17,4.696081102594256e-18,1.6959636729977044e-17,2.003017675129605e-16,5.495408738576243e-17,8.467042972488833e-17,1.0015088375648024e-16,1.0015088375648025e-17,,,7.649627071346158e-11,3.747848167033412e-16,4.499500547509381e-16
0.18302061063110567,,8.097307329342421e-17,5.725660921929559e-16,3.6584684660024536e-16,1.788854381999832e-18,3.554415768376683e-17,4.68258412769226e-18,1.6959344470359543e-17,2.0029831578112862e-16,5.463865498818541e-17,8.467042972488833e-17,1.0014915789056431e-16,1.0014915789056431e-17,,,7.562062514350743e-11,3.747341462424243e-16,4.49867445841855e-16
0.18407720014689563,,8.07403491317024e-17,5.709204838639614e-16,3.6584684660024536e-16,1.788854381999832e-18,3.5543552154109855e-17,4.669125944354447e-18,1.6959055551259787e-17,2.0029490350247722e-16,5.432503314924331e-17,8.467042972488833e-17,1.001474517512386e-16,1.0014745175123861e-17,,,7.475500300550659e-11,3.7468375983265797e-16,4.497855266968683e-16
0.18513988942052723,,8.050829384091813e-17,5.692796051667237e-16,3.6584684660024536e-16,1.788854381999832e-18,3.5542953545753865e-17,4.655706441090248e-18,1.6958769934551624e-17,2.0029153022671738e-16,5.4013211476463473e-17,8.467042972488833e-17,1.0014576511335868e-16,1.001457651133587e-17,,,7.389928956218231e-11,3.7463365591866503e-16,4.497042910053597e-16
0.18620871366628675,,8.027690549867398e-17,5.676434425078402e-16,3.6584684660024536e-16,1.788854381999832e-18,3.554236177970169e-17,4.642325506729522e-18,1.6958487582542775e-17,2.0028819550868463e-16,5.370317963702528e-17,8.467042972488833e-17,1.0014409775434229e-16,1.001440977543423e-17,,,7.305337138964459e-11,3.7458383295318143e-16,4.496237325176396e-16
0.18728370830175484,,8.004618218809765e-17,5.660119823329768e-16,3.6584684660024536e-16,1.788854381999832e-18,3.5541776777855195e-17,4.628983030421647e-18,1.695820845796993e-17,2.0028489890828056e-16,5.339492735741767e-17,8.467042972488833e-17,1.0014244945414028e-16,1.0014244945414028e-17,,,7.221713636235584e-11,3.745342893970184e-16,4.495438450443555e-16
0.18836490894898,,7.981612199782612e-17,5.643852111267561e-16,3.6584684660024536e-16,1.788854381999832e-18,3.554119846300513e-17,4.615678901634593e-18,1.69579325239939e-17,2.0028163999041595e-16,5.308844442309886e-17,8.467042972488833e-17,1.0014081999520796e-16,1.0014081999520797e-17,,,7.139047363826905e-11,3.7448502371902445e-16,4.494646224559075e-16
0.18945235143565914,,7.958672302198982e-17,5.627631154126452e-16,3.6584684660024536e-16,1.788854381999832e-18,3.5540626758821076e-17,4.602413010154009e-18,1.6957659744194788e-17,2.002784183249538e-16,5.2783720678157694e-17,8.467042972488833e-17,1.001392091624769e-16,1.0013920916247691e-17,,,7.057327364413549e-11,3.74436034396048e-16,4.493860586818683e-16
0.19054607179632482,,7.935798336019677e-17,5.611456817528434e-16,3.6584684660024536e-16,1.788854381999832e-18,3.554006158984147e-17,4.58918524608231e-18,1.6957390082567286e-17,2.002752334866534e-16,5.2480746024977235e-17,8.467042972488833e-17,1.0013761674332669e-16,1.001376167433267e-17,,,6.976542806098098e-11,3.743873199128993e-16,4.493081477104086e-16
0.19164610627353873,,7.912990111751704e-17,5.595328967481727e-16,3.6584684660024536e-16,1.788854381999832e-18,3.553950288146377e-17,4.5759954998377736e-18,1.6957123503515954e-17,2.0027208505511475e-16,5.21795104239002e-17,8.467042972488833e-17,1.0013604252755736e-16,1.0013604252755738e-17,,,6.89668298097488e-11,3.743388787623134e-16,4.492308835877281e-16
0.19275249131909367,,7.890247440446676e-17,5.579247470379644e-16,3.6584684660024536e-16,1.788854381999832e-18,3.553895055993477e-17,4.562843662153616e-18,1.6956859971850578e-17,2.0026897261472403e-16,5.1880003892896105e-17,8.467042972488833e-17,1.0013448630736201e-16,1.0013448630736203e-17,,,6.817737303710562e-11,3.7429070944491293e-16,4.491542604174913e-16
0.19386526359522077,,7.867570133699265e-17,5.563212192999503e-16,3.6584684660024536e-16,1.788854381999832e-18,3.553840455234092e-17,4.5497296240771014e-18,1.6956599452781594e-17,2.002658957545991e-16,5.158221650723056e-17,8.467042972488833e-17,1.0013294787729954e-16,1.0013294787729955e-17,,,6.739695310141132e-11,3.742428104691703e-16,4.490782723602683e-16
0.19498445997580455,,7.844958003645639e-17,5.547223002501512e-16,3.6584684660024536e-16,1.788854381999832e-18,3.553786478659889e-17,4.536653276968634e-18,1.695634191191556e-17,2.002628540685362e-16,5.128613839913648e-17,8.467042972488833e-17,1.001314270342681e-16,1.001314270342681e-17,,,6.662546655884874e-11,3.741951803513713e-16,4.490029136329811e-16
0.19611011754760474,,7.822410862961905e-17,5.531279766427676e-16,3.6584684660024536e-16,1.788854381999832e-18,3.553733119144611e-17,4.523614512500857e-18,1.6956087315250638e-17,2.0025984715495668e-16,5.099175975748702e-17,8.467042972488833e-17,1.0012992357747834e-16,1.0012992357747835e-17,,,6.586281114971233e-11,3.741478176155777e-16,4.489281785083552e-16
0.19724227361148533,,7.799928524862554e-17,5.515382352700697e-16,3.6584684660024536e-16,1.788854381999832e-18,3.55368036964315e-17,4.510613222657758e-18,1.6955835629172193e-17,2.0025687461685494e-16,5.069907082747045e-17,8.467042972488833e-17,1.0012843730842747e-16,1.0012843730842747e-17,,,6.510888578485368e-11,3.74100720793591e-16,4.488540613143757e-16
0.19838096568365052,,7.777510803098916e-17,5.499530629622875e-16,3.6584684660024536e-16,1.788854381999832e-18,3.553628223190626e-17,4.4976492997337705e-18,1.695558682044837e-17,2.0025393606174626e-16,5.040806191026696e-17,8.467042972488833e-17,1.0012696803087313e-16,1.0012696803087313e-17,,,6.436359053228229e-11,3.740538884249152e-16,4.4878055643374845e-16
0.19952623149688808,,7.755157511957616e-17,5.483724465875024e-16,3.6584684660024536e-16,1.788854381999832e-18,3.553576672901483e-17,4.484722636332884e-18,1.695534085622581e-17,2.0025103110161604e-16,5.01187233627272e-17,8.467042972488833e-17,1.0012551555080802e-16,1.0012551555080803e-17,,,6.362682660391958e-11,3.7400731905672054e-16,4.487076583033666e-16
0.200678109001819,,7.732868466259045e-17,5.467963730515388e-16,3.6584684660024536e-16,1.788854381999832e-18,3.5535257119685804e-17,4.471833125367761e-18,1.6955097704025297e-17,2.0024815935286854e-16,4.983104559705293e-17,8.467042972488833e-17,1.0012407967643426e-16,1.0012407967643428e-17,,,6.289849634250518e-11,3.739610112438073e-16,4.486353614137815e-16
0.20183663636815616,,7.710643481355807e-17,5.452248292978541e-16,3.6584684660024536e-16,1.788854381999832e-18,3.553475333662315e-17,4.458980660058833e-18,1.6954857331737566e-17,2.0024532043627736e-16,4.9545019080479005e-17,8.467042972488833e-17,1.0012266021813867e-16,1.0012266021813868e-17,,,6.217850320865166e-11,3.7391496354856904e-16,4.485636603086791e-16
0.20300185198596846,,7.688482373131206e-17,5.436578023074315e-16,3.6584684660024536e-16,1.788854381999832e-18,3.5534255313297384e-17,4.446165133933432e-18,1.6954619707619106e-17,2.0024251397693573e-16,4.926063433495772e-17,8.467042972488833e-17,1.0012125698846785e-16,1.0012125698846786e-17,,,6.146675176804901e-11,3.73869174540957e-16,4.48492549584361e-16
0.20417379446695297,,7.666384957997708e-17,5.420952790986725e-16,3.6584684660024536e-16,1.788854381999832e-18,3.5533762983936825e-17,4.4333864408249e-18,1.6954384800287982e-17,2.0023973960420738e-16,4.8977881936844614e-17,8.467042972488833e-17,1.001198698021037e-16,1.0011986980210371e-17,,,6.076314767881474e-11,3.738236427984438e-16,4.484220238892298e-16
0.2053525026457146,,7.644351052895437e-17,5.405372467272888e-16,3.6584684660024536e-16,1.788854381999832e-18,3.553327628351909e-17,4.420644474871712e-18,1.6954152578719765e-17,2.0023699695167844e-16,4.869675251658632e-17,8.467042972488833e-17,1.001184984758392e-16,1.001184984758392e-17,,,6.00675976789889e-11,3.737783669059875e-16,4.483520779232801e-16
0.20653801558105292,,7.622380475290637e-17,5.389836922861949e-16,3.6584684660024536e-16,1.788854381999832e-18,3.5532795147762556e-17,4.4079391305166004e-18,1.6953923012243482e-17,2.002342856571092e-16,4.8417236758409937e-17,8.467042972488833e-17,1.001171428285546e-16,1.001171428285546e-17,,,5.938000957417246e-11,3.737333454559962e-16,4.482827064375936e-16
0.2077303725572563,,7.60047304317418e-17,5.374346029054018e-16,3.6584684660024536e-16,1.788854381999832e-18,3.553231951311796e-17,4.3952703025056785e-18,1.6953696070537574e-17,2.002316053623871e-16,4.8139325400014493e-17,8.467042972488833e-17,1.0011580268119355e-16,1.0011580268119356e-17,,,5.870029222530686e-11,3.7368857704829206e-16,4.482139042338389e-16
0.2089296130854041,,7.57862857506004e-17,5.358899657519096e-16,3.6584684660024536e-16,1.788854381999832e-18,3.5531849316760114e-17,4.3826378858875646e-18,1.6953471723625984e-17,2.0022895571347994e-16,4.786300923226381e-17,8.467042972488833e-17,1.0011447785673997e-16,1.0011447785673997e-17,,,5.8028355536593627e-11,3.73644060290076e-16,4.481456661637769e-16
0.2101357769046749,,7.556846889983811e-17,5.343497680296025e-16,3.6584684660024536e-16,1.788854381999832e-18,3.553138449657966e-17,4.370041776012528e-18,1.695324994187419e-17,2.0022633636038922e-16,4.758827909888167e-17,8.467042972488833e-17,1.0011316818019462e-16,1.0011316818019463e-17,,,5.736411044355276e-11,3.735997937958924e-16,4.480779871287692e-16
0.21134890398366477,,7.535127807501187e-17,5.328139969791411e-16,3.6584684660024536e-16,1.788854381999832e-18,3.5530924991174983e-17,4.3574818685316005e-18,1.6953030695985368e-17,2.002237469571048e-16,4.731512589614802e-17,8.467042972488833e-17,1.0011187347855239e-16,1.001118734785524e-17,,,5.670746890121652e-11,3.7355577618759397e-16,4.480108620792929e-16
0.21256903452171078,,7.513471147686475e-17,5.3128263987785785e-16,3.6584684660024536e-16,1.788854381999832e-18,3.5530470739844185e-17,4.3449580593957266e-18,1.6952813956996536e-17,2.0022118716155948e-16,4.70435405725976e-17,8.467042972488833e-17,1.0011059358077974e-16,1.0011059358077974e-17,,,5.605834387245973e-11,3.7351200609430623e-16,4.479442860144581e-16
0.21379620895022325,,7.491876731131111e-17,5.297556840396513e-16,3.6584684660024536e-16,1.788854381999832e-18,3.55300216825771e-17,4.332470244854897e-18,1.6952599696274787e-17,2.0021865663558429e-16,4.6773514128719815e-17,8.467042972488833e-17,1.0010932831779213e-16,1.0010932831779213e-17,,,5.541664931646291e-11,3.734684821523932e-16,4.47878253981532e-16
0.21503046793402564,,7.470344378942162e-17,5.28233116814881e-16,3.6584684660024536e-16,1.788854381999832e-18,3.55295777600475e-17,4.32001832145729e-18,1.6952387885513516e-17,2.0021615504486415e-16,4.6505037616660636e-17,8.467042972488833e-17,1.0010807752243206e-16,1.0010807752243207e-17,,,5.4782300177307774e-11,3.7342520300542176e-16,4.478127610754651e-16
0.216271852372702,,7.448873912740854e-17,5.267149255902629e-16,3.6584684660024536e-16,1.788854381999832e-18,3.552913891360532e-17,4.3076021860484155e-18,1.6952178496728764e-17,2.0021368205889453e-16,4.623810213992604e-17,8.467042972488833e-17,1.0010684102944724e-16,1.0010684102944726e-17,,,5.415521237270298e-11,3.7338216730412803e-16,4.477478024384247e-16
0.21752040340195222,,7.427465154661088e-17,5.252010977887645e-16,3.6584684660024536e-16,1.788854381999832e-18,3.552870508526896e-17,4.295221735770254e-18,1.69519715022555e-17,2.0021123735093759e-16,4.597269885308723e-17,8.467042972488833e-17,1.0010561867546878e-16,1.001056186754688e-17,,,5.353530278283928e-11,3.7333937370638174e-16,4.476833732593297e-16
0.21877616239495518,,7.406117927347973e-17,5.23691620869501e-16,3.6584684660024536e-16,1.788854381999832e-18,3.5528276217717726e-17,4.282876868060415e-18,1.6951766874744048e-17,2.0020882059798003e-16,4.5708818961487524e-17,8.467042972488833e-17,1.0010441029899001e-16,1.0010441029899003e-17,,,5.292248923937201e-11,3.7329682087715254e-16,4.476194687733924e-16
0.22003917096373998,,7.38483205395634e-17,5.221864823276308e-16,3.6584684660024536e-16,1.788854381999832e-18,3.552785225428432e-17,4.270567480651278e-18,1.6951564587156482e-17,2.0020643148069052e-16,4.544645372095085e-17,8.467042972488833e-17,1.0010321574034526e-16,1.0010321574034527e-17,,,5.231669051452966e-11,3.7325450748847546e-16,4.475560842616633e-16
0.22130947096056386,,7.36360735814931e-17,5.206856696942536e-16,3.6584684660024536e-16,1.788854381999832e-18,3.5527433138947413e-17,4.258293471569154e-18,1.6951364612763084e-17,2.002040696833778e-16,4.518559443749222e-17,8.467042972488833e-17,1.0010203484168888e-16,1.001020348416889e-17,,,5.171782631034764e-11,3.732124322194165e-16,4.474932150505798e-16
0.22258710447930052,,7.342443664096796e-17,5.191891705363045e-16,3.6584684660024536e-16,1.788854381999832e-18,3.5527018816324314e-17,4.246054739133432e-18,1.695116692513888e-17,2.0020173489394957e-16,4.492623246702933e-17,8.467042972488833e-17,1.0010086744697477e-16,1.0010086744697478e-17,,,5.112581724802421e-11,3.73170593756039e-16,4.47430856511521e-16
0.223872113856834,,7.32134079647407e-17,5.176969724564534e-16,3.6584684660024536e-16,1.788854381999832e-18,3.552660923166377e-17,4.23385118195574e-18,1.695097149816014e-17,2.0019942680387163e-16,4.466835921509631e-17,8.467042972488833e-17,1.0009971340193581e-16,1.0009971340193583e-17,,,5.0540584857399454e-11,3.7312899079136963e-16,4.473690040603649e-16
0.2251645416744618,,7.3002985804603e-17,5.162090630930005e-16,3.6584684660024536e-16,1.788854381999832e-18,3.552620433083869e-17,4.221682698939109e-18,1.695077830600097e-17,2.0019714510812737e-16,4.441196613655889e-17,8.467042972488833e-17,1.0009857255406367e-16,1.0009857255406368e-17,,,4.9962051566553866e-11,3.7308762202536423e-16,4.473076531570504e-16
0.22646443075930595,,7.279316841737108e-17,5.147254301197751e-16,3.6584684660024536e-16,1.788854381999832e-18,3.552580406033916e-17,4.2095491892771276e-18,1.6950587323129936e-17,2.0019488950517772e-16,4.4157044735331263e-17,8.467042972488833e-17,1.0009744475258886e-16,1.0009744475258887e-17,,,4.9390140691526385e-11,3.730464861648748e-16,4.472467993051442e-16
0.2277718241857322,,7.258395406487123e-17,5.132460612460331e-16,3.6584684660024536e-16,1.788854381999832e-18,3.5525408367265374e-17,4.197450552453116e-18,1.695039852430672e-17,2.0019265969692205e-16,4.390358656409447e-17,8.467042972488833e-17,1.0009632984846101e-16,1.0009632984846103e-17,,,4.882477642615001e-11,3.730055819236156e-16,4.471864380514104e-16
0.22908676527677724,,7.23753410139254e-17,5.117709442163551e-16,3.6584684660024536e-16,1.788854381999832e-18,3.552501719932074e-17,4.185386688239287e-18,1.6950211884578816e-17,2.0019045538865865e-16,4.365158322401661e-17,8.467042972488833e-17,1.0009522769432933e-16,1.0009522769432933e-17,,,4.826588383200377e-11,3.7296490802212953e-16,4.471265649853855e-16
0.2304092976055847,,7.216732753633685e-17,5.103000668105445e-16,3.6584684660024536e-16,1.788854381999832e-18,3.5524630504805e-17,4.173357496695913e-18,1.6950027379278238e-17,2.0018827628904644e-16,4.3401026364474355e-17,8.467042972488833e-17,1.0009413814452321e-16,1.0009413814452322e-17,,,4.7713388828479545e-11,3.7292446318775555e-16,4.470671757389569e-16
0.23173946499684797,,7.19599119088759e-17,5.088334168435275e-16,3.6584684660024536e-16,1.788854381999832e-18,3.5524248232607464e-17,4.161362878170512e-18,1.6949844984018316e-17,2.0018612211006666e-16,4.31519076827765e-17,8.467042972488833e-17,1.0009306105503333e-16,1.0009306105503334e-17,,,4.716721818296328e-11,3.728842461545948e-16,4.470082659859452e-16
0.23307731152826386,,7.175309241326553e-17,5.073709821652507e-16,3.6584684660024536e-16,1.788854381999832e-18,3.552387033220032e-17,4.1494027332970046e-18,1.6949664674690485e-17,2.0018399256698514e-16,4.290421892388853e-17,8.467042972488833e-17,1.0009199628349257e-16,1.0009199628349258e-17,,,4.66272995011274e-11,3.728442556634783e-16,4.4694983144169145e-16
0.23442288153199226,,7.154686733616722e-17,5.059127506605813e-16,3.6584684660024536e-16,1.788854381999832e-18,3.552349675363201e-17,4.137476962994902e-18,1.6949486427461135e-17,2.0018188737831506e-16,4.265795188015926e-17,8.467042972488833e-17,1.0009094368915752e-16,1.0009094368915753e-17,,,4.609356121733545e-11,3.728044904619335e-16,4.46891867862647e-16
0.23577621959612546,,7.134123496916673e-17,5.044587102492064e-16,3.6584684660024536e-16,1.788854381999832e-18,3.5523127447520677e-17,4.125585468468481e-18,1.6949310218768476e-17,2.0017980626577985e-16,4.241309839104881e-17,8.467042972488833e-17,1.0008990313288992e-16,1.0008990313288993e-17,,,4.556593258515601e-11,3.727649493041519e-16,4.468343710459679e-16
0.23713737056616552,,7.113619360876e-17,5.030088488855334e-16,3.6584684660024536e-16,1.788854381999832e-18,3.5522762365047695e-17,4.1137281512059665e-18,1.6949136025319452e-17,2.0017774895427705e-16,4.2169650342858225e-17,8.467042972488833e-17,1.0008887447713853e-16,1.0008887447713852e-17,,,4.5044343667985445e-11,3.727256309509563e-16,4.467773368291144e-16
0.23850637954651052,,7.093174155633898e-17,5.015631545585893e-16,3.6584684660024536e-16,1.788854381999832e-18,3.552240145795124e-17,4.1019049129787155e-18,1.69489638240867e-17,2.0017571517184182e-16,4.192759966846056e-17,8.467042972488833e-17,1.0008785758592091e-16,1.0008785758592092e-17,,,4.452872532977771e-11,3.7268653416976825e-16,4.46720761089452e-16
0.239883291901949,,7.072787711817757e-17,5.001216152919221e-16,3.6584684660024536e-16,1.788854381999832e-18,3.552204467852004e-17,4.0901156558404044e-18,1.6948793592305502e-17,2.001737046496117e-16,4.1686938347033544e-17,8.467042972488833e-17,1.0008685232480585e-16,1.0008685232480585e-17,,,4.4019009225880585e-11,3.726476577345759e-16,4.466646397438575e-16
0.2412681532591635,,7.052459860541757e-17,4.98684219143501e-16,3.6584684660024536e-16,1.788854381999832e-18,3.552169197958703e-17,4.078360282126212e-18,1.694862530747083e-17,2.0017171712179099e-16,4.1447658403793893e-17,8.467042972488833e-17,1.0008585856089549e-16,1.000858585608955e-17,,,4.351512779397652e-11,3.726090004259016e-16,4.466089687483298e-16
0.24266100950824168,,7.032190433405483e-17,4.972509542056184e-16,3.6584684660024536e-16,1.788854381999832e-18,3.5521343314523186e-17,4.0666386944520246e-18,1.6948458947334372e-17,2.0016975232561604e-16,4.1209751909733e-17,8.467042972488833e-17,1.0008487616280801e-16,1.0008487616280802e-17,,,4.301701424512767e-11,3.725705610307699e-16,4.465537440976031e-16
0.24406190680419812,,7.011979262492507e-17,4.958218086047898e-16,3.6584684660024536e-16,1.788854381999832e-18,3.552099863723147e-17,4.05495079571361e-18,1.694829448990164e-17,2.0016781000132088e-16,4.097321098135414e-17,8.467042972488833e-17,1.0008390500066044e-16,1.0008390500066045e-17,,,4.2524602554922586e-11,3.7253233834267545e-16,4.464989618247639e-16
0.2454708915685031,,6.991826180369011e-17,4.943967705016565e-16,3.6584684660024536e-16,1.788854381999832e-18,3.552065790214069e-17,4.043296489085825e-18,1.6948131913429042e-17,2.0016588989210301e-16,4.0738027780411266e-17,8.467042972488833e-17,1.000829449460515e-16,1.0008294494605151e-17,,,4.2037827454725116e-11,3.7249433116155136e-16,4.464446180008723e-16
0.2468880104906209,,6.9717310200824e-17,4.929758280908871e-16,3.6584684660024536e-16,1.788854381999832e-18,3.5520321064199585e-17,4.031675678021815e-18,1.694797119642107e-17,2.001639917440896e-16,4.050419451364931e-17,8.467042972488833e-17,1.000819958720448e-16,1.000819958720448e-17,,,4.155662442302293e-11,3.724565382937372e-16,4.463907087345869e-16
0.24831331052955705,,6.951693615159912e-17,4.9155896960108e-16,3.6584684660024536e-16,1.788854381999832e-18,3.5519988078870894e-17,4.020088266252203e-18,1.6947812317627456e-17,2.0016211530630455e-16,4.0271703432545905e-17,8.467042972488833e-17,1.0008105765315226e-16,1.0008105765315227e-17,,,4.108092967687547e-11,3.7241895855194783e-16,4.463372301717928e-16
0.24974683891541433,,6.931713799607249e-17,4.901461832946655e-16,3.6584684660024536e-16,1.788854381999832e-18,3.551965890212551e-17,4.008534157784306e-18,1.694765525604039e-17,2.0016026033063506e-16,4.0040546833054645e-17,8.467042972488833e-17,1.0008013016531754e-16,1.0008013016531755e-17,,,4.061068016345933e-11,3.723815907552415e-16,4.462841784952341e-16
0.25118864315095796,,6.911791407907192e-17,4.887374574678089e-16,3.6584684660024536e-16,1.788854381999832e-18,3.5519333490436695e-17,3.997013256901329e-18,1.694749999089177e-17,2.0015842657179948e-16,3.981071705534974e-17,8.467042972488833e-17,1.0007921328589974e-16,1.0007921328589976e-17,,,4.014581355171089e-11,3.7234443372898873e-16,4.462315499241487e-16
0.25263877101318954,,6.891926275018235e-17,4.873327804503136e-16,3.6584684660024536e-16,1.788854381999832e-18,3.5519011800774365e-17,3.985525468161578e-18,1.694734650165046e-17,2.0015661378731487e-16,3.9582206483572264e-17,8.467042972488833e-17,1.0007830689365744e-16,1.0007830689365746e-17,,,3.968626822406429e-11,3.7230748630484115e-16,4.461793407139083e-16
0.25409727055493064,,6.872118236373212e-17,4.859321406055236e-16,3.6584684660024536e-16,1.788854381999832e-18,3.5518693790599475e-17,3.974070696397662e-18,1.6947194768019605e-17,2.0015482173746528e-16,3.935500754557773e-17,8.467042972488833e-17,1.0007741086873263e-16,1.0007741086873264e-17,,,3.9231983268284016e-11,3.722707473207004e-16,4.461275471556599e-16
0.25556419010641396,,6.852367127877953e-17,4.845355263302286e-16,3.6584684660024536e-16,1.788854381999832e-18,3.551837941785839e-17,3.962648846715721e-18,1.694704476993397e-17,2.0015305018527017e-16,3.912911271268528e-17,8.467042972488833e-17,1.0007652509263509e-16,1.0007652509263511e-17,,,3.878289846939141e-11,3.722342156206869e-16,4.460761655759728e-16
0.25703957827688645,,6.832672785909893e-17,4.831429260545665e-16,3.6584684660024536e-16,1.788854381999832e-18,3.5518068640977375e-17,3.951259824494618e-18,1.6946896487557284e-17,2.0015129889645348e-16,3.8904514499428055e-17,8.467042972488833e-17,1.0007564944822673e-16,1.0007564944822675e-17,,,3.8338954301682745e-11,3.721978900551096e-16,4.460251923364876e-16
0.2585234839562191,,6.813035047316743e-17,4.817543282419279e-16,3.6584684660024536e-16,1.788854381999832e-18,3.5517761418857136e-17,3.939903535385172e-18,1.6946749901279666e-17,2.0014956763941256e-16,3.868120546330522e-17,8.467042972488833e-17,1.0007478381970627e-16,1.0007478381970627e-17,,,3.790009192083945e-11,3.721617694804347e-16,4.459746238335693e-16
0.2600159563165272,,6.793453749415126e-17,4.803697213888612e-16,3.6584684660024536e-16,1.788854381999832e-18,3.551745771086745e-17,3.928579885309366e-18,1.694660499171502e-17,2.0014785618518808e-16,3.845917820453536e-17,8.467042972488833e-17,1.0007392809259403e-16,1.0007392809259403e-17,,,3.74662531561283e-11,3.721258527592553e-16,4.459244564979635e-16
0.2615170448137997,,6.773928729989231e-17,4.789890940249763e-16,3.6584684660024536e-16,1.788854381999832e-18,3.551715747684179e-17,3.917288780459576e-18,1.6946461739698524e-17,2.001461643074338e-16,3.823842536581126e-17,8.467042972488833e-17,1.0007308215371689e-16,1.0007308215371689e-17,,,3.703738050269092e-11,3.720901387602611e-16,4.458746867944562e-16
0.26302679918953814,,6.754459827289474e-17,4.776124347128503e-16,3.6584684660024536e-16,1.788854381999832e-18,3.5516860677072037e-17,3.906030127297789e-18,1.6946320126284058e-17,2.0014449178238666e-16,3.801893963205614e-17,8.467042972488833e-17,1.0007224589119332e-16,1.0007224589119333e-17,,,3.66134171139217e-11,3.720546263582077e-16,4.458253112215368e-16
0.26454526947240486,,6.735046880031152e-17,4.762397320479327e-16,3.6584684660024536e-16,1.788854381999832e-18,3.551656727230334e-17,3.8948038325548264e-18,1.6946180132741776e-17,2.0014283838883782e-16,3.780071373018112e-17,8.467042972488833e-17,1.0007141919441891e-16,1.0007141919441892e-17,,,3.6194306793932635e-11,3.72019314433887e-16,4.457763263110642e-16
0.26607250597988114,,6.715689727393105e-17,4.748709746584501e-16,3.6584684660024536e-16,1.788854381999832e-18,3.551627722372885e-17,3.8836098032295745e-18,1.6946041740555592e-17,2.001412039081031e-16,3.7583740428844396e-17,8.467042972488833e-17,1.0007060195405155e-16,1.0007060195405156e-17,,,3.5779993990104704e-11,3.719842018740964e-16,4.457277286279367e-16
0.2676085593199333,,6.6963882090164e-17,4.735061512053137e-16,3.6584684660024536e-16,1.788854381999832e-18,3.5515990492984716e-17,3.8724479465882195e-18,1.6945904931420788e-17,2.0013958812399468e-16,3.736801253821156e-17,8.467042972488833e-17,1.0006979406199734e-16,1.0006979406199735e-17,,,3.5370423785724694e-11,3.7194928757160953e-16,4.456795147697642e-16
0.26915348039269166,,6.67714216500298e-17,4.721452503820233e-16,3.6584684660024536e-16,1.788854381999832e-18,3.551570704214499e-17,3.861318170163466e-18,1.6945769687241587e-17,2.0013799082279238e-16,3.715352290971725e-17,8.467042972488833e-17,1.0006899541139618e-16,1.0006899541139618e-17,,,3.496554189270555e-11,3.719145704251458e-16,4.456316813665451e-16
0.27070732039213574,,6.657951435914354e-17,4.707882609145751e-16,3.6584684660024536e-16,1.788854381999832e-18,3.551542683371664e-17,3.850220381753778e-18,1.6945635990128772e-17,2.001364117932156e-16,3.694026443582834e-17,8.467042972488833e-17,1.0006820589660779e-16,1.000682058966078e-17,,,3.456529464439092e-11,3.7188004933934135e-16,4.455842250803447e-16
0.2722701308077913,,6.638815862770269e-17,4.694351715613678e-16,3.6584684660024536e-16,1.788854381999832e-18,3.551514983063468e-17,3.839154489422623e-18,1.6945503822397348e-17,2.0013485082639574e-16,3.672823004980846e-17,8.467042972488833e-17,1.0006742541319786e-16,1.0006742541319786e-17,,,3.4169628988441556e-11,3.718457232247187e-16,4.455371426049776e-16
0.27384196342643613,,6.619735287047401e-17,4.680859711131094e-16,3.6584684660024536e-16,1.788854381999832e-18,3.55148759962572e-17,3.828120401497693e-18,1.694537316656421e-17,2.0013330771584855e-16,3.6517412725483777e-17,8.467042972488833e-17,1.0006665385792429e-16,1.0006665385792428e-17,,,3.377849247980336e-11,3.718115909976582e-16,4.45490430665694e-16
0.2754228703338166,,6.60070955067803e-17,4.667406483927245e-16,3.6584684660024536e-16,1.788854381999832e-18,3.551460529436065e-17,3.8171180265701626e-18,1.6945244005345838e-17,2.001317822574472e-16,3.630780547701014e-17,8.467042972488833e-17,1.0006589112872359e-16,1.000658911287236e-17,,,3.339183327375575e-11,3.717776515803679e-16,4.454440860188669e-16
0.2770129039163733,,6.581738496048745e-17,4.653991922552617e-16,3.6584684660024536e-16,1.788854381999832e-18,3.551433768913499e-17,3.806147273493919e-18,1.6945116321656033e-17,2.0013027424939506e-16,3.609940135864168e-17,8.467042972488833e-17,1.0006513712469753e-16,1.0006513712469753e-17,,,3.30096001190398e-11,3.717439039008548e-16,4.45398105451685e-16
0.2786121168629772,,6.562821965999123e-17,4.64061591587801e-16,3.6584684660024536e-16,1.788854381999832e-18,3.551407314517907e-17,3.795208051384813e-18,1.6944990098603683e-17,2.0012878349219967e-16,3.5892193464500504e-17,8.467042972488833e-17,1.0006439174609982e-16,1.0006439174609983e-17,,,3.2631742351064795e-11,3.7171034689289567e-16,4.453524857818466e-16
0.2802205621666748,,6.543959803820445e-17,4.627278353093627e-16,3.6584684660024536e-16,1.788854381999832e-18,3.551381162749587e-17,3.784300269619907e-18,1.6944865319490506e-17,2.0012730978864597e-16,3.56861749283481e-17,8.467042972488833e-17,1.0006365489432299e-16,1.0006365489432299e-17,,,3.2258209885193006e-11,3.716769794960079e-16,4.453072238572576e-16
0.2818382931264455,,6.525151853254378e-17,4.613979123708138e-16,3.6584684660024536e-16,1.788854381999832e-18,3.5513553101487986e-17,3.77342383783672e-18,1.6944741967808882e-17,2.001258529437708e-16,3.548133892335753e-17,8.467042972488833e-17,1.0006292647188539e-16,1.000629264718854e-17,,,3.1888953210100614e-11,3.71643800655421e-16,4.452623165557316e-16
0.2834653633489668,,6.506397958491691e-17,4.600718117547785e-16,3.6584684660024536e-16,1.788854381999832e-18,3.5513297532953044e-17,3.7625786659324826e-18,1.6944620027239676e-17,2.0012441276483698e-16,3.527767866188738e-17,8.467042972488833e-17,1.0006220638241849e-16,1.0006220638241851e-17,,,3.152392338121528e-11,3.7161080932204765e-16,4.452177607846942e-16
0.285101826750391,,6.48769796417097e-17,4.587495224755452e-16,3.6584684660024536e-16,1.788854381999832e-18,3.551304488807921e-17,3.7517646640633875e-18,1.6944499481650094e-17,2.0012298906130824e-16,3.507518739525679e-17,8.467042972488833e-17,1.0006149453065411e-16,1.0006149453065412e-17,,,3.116307201422861e-11,3.7157800445245518e-16,4.451735534808896e-16
0.2867477375581316,,6.469051715377317e-17,4.574310335789769e-16,3.6584684660024536e-16,1.788854381999832e-18,3.551279513344069e-17,3.740981742643848e-18,1.6944380315091548e-17,2.0012158164482372e-16,3.487385841352184e-17,8.467042972488833e-17,1.0006079082241186e-16,1.0006079082241187e-17,,,3.0806351278682746e-11,3.7154538500883695e-16,4.451296916100891e-16
0.28840315031266056,,6.450459057641077e-17,4.561163341424192e-16,3.6584684660024536e-16,1.788854381999832e-18,3.5512548235993457e-17,3.7302298123457536e-18,1.6944262511797582e-17,2.0012019032917369e-16,3.467368504525317e-17,8.467042972488833e-17,1.0006009516458684e-16,1.0006009516458686e-17,,,3.045371389163058e-11,3.7151294995898427e-16,4.450861721668044e-16
0.2900681198693153,,6.431919836936553e-17,4.548054132746109e-16,3.6584684660024536e-16,1.788854381999832e-18,3.551230416307074e-17,3.719508784097733e-18,1.6944146056181747e-17,2.0011881493027458e-16,3.447466065731495e-17,8.467042972488833e-17,1.0005940746513728e-16,1.0005940746513729e-17,,,3.010511311136843e-11,3.71480698276258e-16,4.45042992174002e-16
0.2917427014001166,,6.413433899680736e-17,4.534982601155933e-16,3.6584684660024536e-16,1.788854381999832e-18,3.5512062882378853e-17,3.708818569084414e-18,1.6944030932835625e-17,2.001174552661451e-16,3.4276778654645045e-17,8.467042972488833e-17,1.0005872763307255e-16,1.0005872763307257e-17,,,2.9760502731240445e-11,3.7144862893956047e-16,4.450001486828218e-16
0.293426950395597,,6.395001092732024e-17,4.521948638366196e-16,3.6584684660024536e-16,1.788854381999832e-18,3.551182436199289e-17,3.6981590787456826e-18,1.6943917126526732e-17,2.0011611115688214e-16,3.4080032480036486e-17,8.467042972488833e-17,1.0005805557844107e-16,1.0005805557844108e-17,,,2.941983707351398e-11,3.7141674093330733e-16,4.449576387722972e-16
0.2951209226666387,,6.376621263388965e-17,4.508952136400668e-16,3.6584684660024536e-16,1.788854381999832e-18,3.551158857035255e-17,3.687530224775967e-18,1.694380462219656e-17,2.0011478242463717e-16,3.3884415613920234e-17,8.467042972488833e-17,1.0005739121231857e-16,1.0005739121231859e-17,,,2.9083070983325186e-11,3.7138503324740016e-16,4.449154595490798e-16
0.2968246743463243,,6.358294259388981e-17,4.495992987593445e-16,3.6584684660024536e-16,1.788854381999832e-18,3.551135547625796e-17,3.6769319191234815e-18,1.6943693404958568e-17,2.0011346889359268e-16,3.368992157414906e-17,8.467042972488833e-17,1.0005673444679634e-16,1.0005673444679635e-17,,,2.8750159822693535e-11,3.7135350487719814e-16,4.448736081471639e-16
0.298538261891796,,6.34001992890711e-17,4.48307108458807e-16,3.6584684660024536e-16,1.788854381999832e-18,3.5511125048865536e-17,3.666364073989516e-18,1.6943583460096233e-17,2.0011217038993926e-16,3.3496543915782763e-17,8.467042972488833e-17,1.0005608519496962e-16,1.0005608519496964e-17,,,2.8421059464605302e-11,3.7132215482349074e-16,4.448320817276173e-16
0.30026174208612677,,6.321798120554749e-17,4.470186320336635e-16,3.6584684660024536e-16,1.788854381999832e-18,3.551089725768402e-17,3.6558266018277e-18,1.6943474773061106e-17,2.0011088674185246e-16,3.330427623087463e-17,8.467042972488833e-17,1.0005544337092622e-16,1.0005544337092623e-17,,,2.8095726287164448e-11,3.7129098209247025e-16,4.447908774783117e-16
0.3019951720402016,,6.303628683378403e-17,4.457338588098897e-16,3.6584684660024536e-16,1.788854381999832e-18,3.551067207257037e-17,3.645319415343279e-18,1.6943367329470914e-17,2.001096177794704e-16,3.311311214825912e-17,8.467042972488833e-17,1.0005480888973519e-16,1.000548088897352e-17,,,2.7774117167810732e-11,3.712599856957041e-16,4.447499926136578e-16
0.30373860919461043,,6.285511466858428e-17,4.444527781441398e-16,3.6584684660024536e-16,1.788854381999832e-18,3.5510449463725844e-17,3.6348424274923955e-18,1.6943261115107638e-17,2.0010836333487125e-16,3.292304533334065e-17,8.467042972488833e-17,1.0005418166743563e-16,1.0005418166743563e-17,,,2.745618947760372e-11,3.7122916465010806e-16,4.447094243743419e-16
0.30549211132155124,,6.26744632090779e-17,4.431753794236577e-16,3.6584684660024536e-16,1.788854381999832e-18,3.551022940169205e-17,3.624395551481358e-18,1.694315611591567e-17,2.0010712324205124e-16,3.2734069487883825e-17,8.467042972488833e-17,1.0005356162102563e-16,1.0005356162102564e-17,,,2.7141901075572444e-11,3.711985179779186e-16,4.446691700270657e-16
0.30725573652674487,,6.249433095870815e-17,4.4190165206618926e-16,3.6584684660024536e-16,1.788854381999832e-18,3.5510011857347093e-17,3.613978700765932e-18,1.694305231799995e-17,2.0010589733690282e-16,3.254617834980457e-17,8.467042972488833e-17,1.000529486684514e-16,1.0005294866845141e-17,,,2.6831210303129586e-11,3.7116804470666595e-16,4.446292268642885e-16
0.3090295432513592,,6.231471642521964e-17,4.406315855198954e-16,3.6584684660024536e-16,1.788854381999832e-18,3.5509796801901717e-17,3.603591789050621e-18,1.6942949707624122e-17,2.0010468545719273e-16,3.2359365692962814e-17,8.467042972488833e-17,1.0005234272859635e-16,1.0005234272859636e-17,,,2.6524075978549904e-11,3.7113774386914774e-16,4.445895922039719e-16
0.31081359027394767,,6.213561812064572e-17,4.393651692632631e-16,3.6584684660024536e-16,1.788854381999832e-18,3.5509584206895514e-17,3.593234730287946e-18,1.694284827120875e-17,2.0010348744254105e-16,3.217362532695598e-17,8.467042972488833e-17,1.0005174372127052e-16,1.0005174372127053e-17,,,2.6220457391511282e-11,3.7110761450340133e-16,4.445502633893271e-16
0.31260793671239556,,6.195703456129641e-17,4.381023928050198e-16,3.6584684660024536e-16,1.788854381999832e-18,3.5509374044193175e-17,3.582907438677739e-18,1.6942747995329502e-17,2.001023031343998e-16,3.1988951096913974e-17,8.467042972488833e-17,1.000511515671999e-16,1.0005115156719991e-17,,,2.5920314297698897e-11,3.710776556526777e-16,4.44511237788565e-16
0.3144126420258796,,6.17789642677459e-17,4.3684324568404537e-16,3.6584684660024536e-16,1.788854381999832e-18,3.550916628598082e-17,3.572609828666426e-18,1.6942648866715424e-17,2.0010113237603231e-16,3.1805336883295206e-17,8.467042972488833e-17,1.0005056618801616e-16,1.0005056618801617e-17,,,2.562360691347075e-11,3.7104786636541486e-16,4.444725127946481e-16
0.31622776601683794,,6.160140576482045e-17,4.3558771746928625e-16,3.6584684660024536e-16,1.788854381999832e-18,3.550896090476228e-17,3.5623418149463274e-18,1.694255087224713e-17,2.000999750124922e-16,3.1622776601683796e-17,8.467042972488833e-17,1.000499875062461e-16,1.000499875062461e-17,,,2.5330295910584442e-11,3.7101824569521107e-16,4.444340858250455e-16
0.31805336883295204,,6.142435758158611e-17,4.343357977596686e-16,3.6584684660024536e-16,1.788854381999832e-18,3.5508757873355514e-17,3.5521033124549415e-18,1.6942453998955146e-17,2.0009883089060338e-16,3.1441264202587965e-17,8.467042972488833e-17,1.0004941544530168e-16,1.000494154453017e-17,,,2.5040342410984263e-11,3.7098879270079893e-16,4.443959543214904e-16
0.3198895109691397,,6.124781825133649e-17,4.3308747618401224e-16,3.6584684660024536e-16,1.788854381999832e-18,3.5508557164888995e-17,3.541894236374246e-18,1.6942358234018135e-17,2.0009769985893947e-16,3.126079367123956e-17,8.467042972488833e-17,1.0004884992946974e-16,1.0004884992946974e-17,,,2.475370798164789e-11,3.7095950644601883e-16,4.4435811574973945e-16
0.32173625326956007,,6.107178631158064e-17,4.318427424009444e-16,3.6584684660024536e-16,1.788854381999832e-18,3.5508358752798215e-17,3.531714502129991e-18,1.6942263564761245e-17,2.000965817678043e-16,3.108135902739474e-17,8.467042972488833e-17,1.0004829088390215e-16,1.0004829088390215e-17,,,2.4470354629492147e-11,3.709303859997929e-16,4.443205675993348e-16
0.32359365692962844,,6.089626030403104e-17,4.3060158609881515e-16,3.6584684660024536e-16,1.788854381999832e-18,3.550816261082213e-17,3.521564025391007e-18,1.694216997865444e-17,2.0009547646921174e-16,3.090295432513589e-17,8.467042972488833e-17,1.0004773823460587e-16,1.0004773823460587e-17,,,2.4190244796337214e-11,3.7090143043609943e-16,4.442833073833692e-16
0.325461783498046,,6.072123877459134e-17,4.2936399699561063e-16,3.6584684660024536e-16,1.788854381999832e-18,3.5507968712999754e-17,3.5114427220684945e-18,1.6942077463310815e-17,2.0009438381686638e-16,3.0725573652674456e-17,8.467042972488833e-17,1.0004719190843319e-16,1.000471919084332e-17,,,2.391334135392808e-11,3.7087263883394626e-16,4.442463326382516e-16
0.32734069487883827,,6.054672027334441e-17,4.281299648388685e-16,3.6584684660024536e-16,1.788854381999832e-18,3.5507777033666684e-17,3.501350508315335e-18,1.694198600648502e-17,2.000933036661444e-16,3.0549211132155125e-17,8.467042972488833e-17,1.000466518330722e-16,1.0004665183307221e-17,,,2.3639607599013353e-11,3.708440102773458e-16,4.442096409234776e-16
0.32923045333340656,,6.037270335454033e-17,4.2689947940559295e-16,3.6584684660024536e-16,1.788854381999832e-18,3.5507587547451764e-17,3.491287300525393e-18,1.6941895596071588e-17,2.000922358740743e-16,3.037386091946104e-17,8.467042972488833e-17,1.0004611793703714e-16,1.0004611793703715e-17,,,2.336900724848035e-11,3.7081554385528876e-16,4.441732298214e-16
0.3311311214825911,,6.019918657658439e-17,4.2567253050217013e-16,3.6584684660024536e-16,1.788854381999832e-18,3.5507400229273704e-17,3.4812530153328274e-18,1.6941806220103376e-17,2.000911802993181e-16,3.019951720402016e-17,8.467042972488833e-17,1.0004559014965905e-16,1.0004559014965907e-17,,,2.310150443454569e-11,3.707872386617191e-16,4.441370969370031e-16
0.3330427623087463,,6.00261685020252e-17,4.244491079642836e-16,3.6584684660024536e-16,1.788854381999832e-18,3.55072150543378e-17,3.471247569611396e-18,1.6941717866749973e-17,2.000901368021528e-16,3.002617420861268e-17,8.467042972488833e-17,1.0004506840107641e-16,1.0004506840107642e-17,,,2.2837063700001138e-11,3.707590937955083e-16,4.441012398976784e-16
0.33496543915782756,,5.985364769754265e-17,4.2322920165682994e-16,3.6584684660024536e-16,1.788854381999832e-18,3.550703199813267e-17,3.461270880473771e-18,1.694163052431615e-17,2.0008910524445192e-16,2.98538261891796e-17,8.467042972488833e-17,1.0004455262222595e-16,1.0004455262222597e-17,,,2.2575649993513783e-11,3.7073110836043017e-16,4.440656563530031e-16
0.3368992157414906,,5.968162273393622e-17,4.220128014738351e-16,3.6584684660024536e-16,1.788854381999832e-18,3.5506851036426975e-17,3.4513228652708483e-18,1.6941544181240305e-17,2.000880854896671e-16,2.968246743463243e-17,8.467042972488833e-17,1.0004404274483354e-16,1.0004404274483354e-17,,,2.2317228664979945e-11,3.707032814651358e-16,4.4403034397452005e-16
0.3388441561392027,,5.951009218611295e-17,4.2079989733837036e-16,3.6584684660024536e-16,1.788854381999832e-18,3.550667214526629e-17,3.4414034415910656e-18,1.6941458826092947e-17,2.0008707740281039e-16,2.951209226666384e-17,8.467042972488833e-17,1.0004353870140518e-16,1.000435387014052e-17,,,2.2061765460932438e-11,3.706756122231282e-16,4.4399530045552134e-16
0.34080032480036515,,5.933905463307585e-17,4.1959047920246956e-16,3.6584684660024536e-16,1.788854381999832e-18,3.550649530096991e-17,3.4315125272597225e-18,1.69413744475752e-17,2.0008608085043643e-16,2.9342695039559675e-17,8.467042972488833e-17,1.000430404252182e-16,1.0004304042521821e-17,,,2.1809226520000325e-11,3.7064809975273763e-16,4.439605235108325e-16
0.34276778654645046,,5.916850865791193e-17,4.183845370470447e-16,3.6584684660024536e-16,1.788854381999832e-18,3.5506320480127716e-17,3.421650040338293e-18,1.694129103451729e-17,2.0008509570062458e-16,2.917427014001166e-17,8.467042972488833e-17,1.0004254785031228e-16,1.0004254785031228e-17,,,2.155957836842051e-11,3.7062074317709663e-16,4.439260108765995e-16
0.34474660657314943,,5.899845284778054e-17,4.17182060881804e-16,3.6584684660024536e-16,1.788854381999832e-18,3.5506147659597125e-17,3.4118158991237497e-18,1.6941208575877082e-17,2.0008412182296177e-16,2.900681198693154e-17,8.467042972488833e-17,1.0004206091148088e-16,1.000420609114809e-17,,,2.1312787915600903e-11,3.7059354162411514e-16,4.438917603100784e-16
0.34673685045253166,,5.882888579390168e-17,4.159830407451683e-16,3.6584684660024536e-16,1.788854381999832e-18,3.5505976816499986e-17,3.4020100221478883e-18,1.694112706073863e-17,2.0008315908852527e-16,2.8840315031266055e-17,8.467042972488833e-17,1.0004157954426262e-16,1.0004157954426264e-17,,,2.106882244973428e-11,3.7056649422645617e-16,4.4385776958942633e-16
0.34873858413521835,,5.865980609154432e-17,4.147874667041893e-16,3.6584684660024536e-16,1.788854381999832e-18,3.5505807928219627e-17,3.3922323281766527e-18,1.6941046478310737e-17,2.0008220736986555e-16,2.867477375581317e-17,8.467042972488833e-17,1.0004110368493277e-16,1.0004110368493278e-17,,,2.082764963346242e-11,3.7053960012151113e-16,4.4382403651349477e-16
0.35075187395256796,,5.849121234001474e-17,4.135953288544669e-16,3.6584684660024536e-16,1.788854381999832e-18,3.550564097239782e-17,3.3824827362094598e-18,1.6940966817925518e-17,2.000812665409897e-16,2.85101826750391e-17,8.467042972488833e-17,1.0004063327049483e-16,1.0004063327049484e-17,,,2.0589237499589734e-11,3.705128584513754e-16,4.437905589016253e-16
0.35277678661887385,,5.832310314264494e-17,4.124066173200669e-16,3.6584684660024536e-16,1.788854381999832e-18,3.5505475926931875e-17,3.3727611654785294e-18,1.694088806903702e-17,2.000803364773446e-16,2.8346536334896677e-17,8.467042972488833e-17,1.000401682386723e-16,1.000401682386723e-17,,,2.0353554446846123e-11,3.7048626836282397e-16,4.437573345934469e-16
0.3548133892335757,,5.815547710678111e-17,4.1122132225343947e-16,3.6584684660024536e-16,1.788854381999832e-18,3.5505312769971654e-17,3.363067535448215e-18,1.6940810221219783e-17,2.0007941705580055e-16,2.8183829312644524e-17,8.467042972488833e-17,1.0003970852790027e-16,1.0003970852790027e-17,,,2.0120569235698204e-11,3.704598290072876e-16,4.4372436144867565e-16
0.35686174928348136,,5.798833284377206e-17,4.100394338353382e-16,3.6584684660024536e-16,1.788854381999832e-18,3.550515147991679e-17,3.3534017658143417e-18,1.6940733264167533e-17,2.0007850815463515e-16,2.802205621666745e-17,8.467042972488833e-17,1.0003925407731757e-16,1.0003925407731758e-17,,,1.989025098420866e-11,3.7043353954082846e-16,4.4369163734691614e-16
0.3589219346450053,,5.782166896895768e-17,4.0886094227473744e-16,3.6584684660024536e-16,1.788854381999832e-18,3.550499203541375e-17,3.3437637765035307e-18,1.6940657187691757e-17,2.0007760965351708e-16,2.78612116862977e-17,8.467042972488833e-17,1.0003880482675853e-16,1.0003880482675854e-17,,,1.966256916394271e-11,3.704073991241161e-16,4.436591601874653e-16
0.3609940135864167,,5.765548410165749e-17,4.076858378087519e-16,3.6584684660024536e-16,1.788854381999832e-18,3.5504834415353054e-17,3.3341534876725434e-18,1.6940581981720398e-17,2.000767214334903e-16,2.7701290391637328e-17,8.467042972488833e-17,1.0003836071674515e-16,1.0003836071674515e-17,,,1.9437493595921664e-11,3.7038140692240384e-16,4.436269278891177e-16
0.3630780547701014,,5.748977686515925e-17,4.06514110702556e-16,3.6584684660024536e-16,1.788854381999832e-18,3.550467859886651e-17,3.324570819707618e-18,1.6940507636296517e-17,2.0007584337695835e-16,2.7542287033381663e-17,8.467042972488833e-17,1.0003792168847918e-16,1.0003792168847919e-17,,,1.9214994446622793e-11,3.7035556210550494e-16,4.4359493838997323e-16
0.3651741272548377,,5.73245458867075e-17,4.053457512493028e-16,3.6584684660024536e-16,1.788854381999832e-18,3.5504524565324406e-17,3.3150156932238122e-18,1.694043414157697e-17,2.0007497536766885e-16,2.7384196342643615e-17,8.467042972488833e-17,1.0003748768383442e-16,1.0003748768383443e-17,,,1.8995042224024863e-11,3.703298638477689e-16,4.435631896472464e-16
0.36728230049808464,,5.715978979749221e-17,4.041807497700438e-16,3.6584684660024536e-16,1.788854381999832e-18,3.5504372294332843e-17,3.305488029064339e-18,1.6940361487831123e-17,2.0007411729069813e-16,2.722701308077913e-17,8.467042972488833e-17,1.0003705864534907e-16,1.0003705864534907e-17,,,1.8777607773699005e-11,3.703043113280579e-16,4.43531679637078e-16
0.36940264435828335,,5.699550723263746e-17,4.0301909661364866e-16,3.6584684660024536e-16,1.788854381999832e-18,3.550422176573102e-17,3.2959877482999195e-18,1.6940289665439558e-17,2.000732690324361e-16,2.7070732039213578e-17,8.467042972488833e-17,1.0003663451621804e-16,1.0003663451621805e-17,,,1.856266227494435e-11,3.702789037297238e-16,4.4350040635434784e-16
0.3715352290971728,,5.683169683119005e-17,4.0186078215672505e-16,3.6584684660024536e-16,1.788854381999832e-18,3.550407295958857e-17,3.286514772228121e-18,1.6940218664892812e-17,2.0007243048057122e-16,2.691534803926914e-17,8.467042972488833e-17,1.0003621524028561e-16,1.0003621524028562e-17,,,1.8350177236967815e-11,3.7025364024058402e-16,4.4346936781249053e-16
0.373680125382116,,5.666835723610837e-17,4.0070579680353993e-16,3.6584684660024536e-16,1.788854381999832e-18,3.550392585620292e-17,3.2770690223727156e-18,1.6940148476790113e-17,2.000716015240757e-16,2.6760855931993306e-17,8.467042972488833e-17,1.0003580076203783e-16,1.0003580076203785e-17,,,1.8140124495107846e-11,3.7022852005289926e-16,4.434385620433121e-16
0.3758374042884443,,5.650548709425104e-17,3.995541309859385e-16,3.6584684660024536e-16,1.788854381999832e-18,3.550378043609673e-17,3.267650420483017e-18,1.6940079091838143e-17,2.0007078205319078e-16,2.6607250597988085e-17,8.467042972488833e-17,1.0003539102659539e-16,1.000353910265954e-17,,,1.793247620710101e-11,3.702035423633498e-16,4.434079870968089e-16
0.37800713730181124,,5.634308505636568e-17,3.984057751632661e-16,3.6584684660024536e-16,1.788854381999832e-18,3.55036366800153e-17,3.2582588885332398e-18,1.6940010500849815e-17,2.0006997195941248e-16,2.6454526947240485e-17,8.467042972488833e-17,1.0003498597970624e-16,1.0003498597970624e-17,,,1.7727204849391635e-11,3.701787063730125e-16,4.4337764104098854e-16
0.38018939632056126,,5.618114977707788e-17,3.972607198222886e-16,3.6584684660024536e-16,1.788854381999832e-18,3.5503494568924e-17,3.2488943487218545e-18,1.6939942694743058e-17,2.0006917113547696e-16,2.6302679918953816e-17,8.467042972488833e-17,1.0003458556773847e-16,1.0003458556773848e-17,,,1.7524283213483595e-11,3.7015401128733844e-16,4.4334752196169216e-16
0.3823842536581126,,5.601967991487988e-17,3.9611895547711403e-16,3.6584684660024536e-16,1.788854381999832e-18,3.55033540840058e-17,3.239556723470938e-18,1.6939875664539618e-17,2.0006837947534654e-16,2.6151704481379972e-17,8.467042972488833e-17,1.0003418973767326e-16,1.0003418973767328e-17,,,1.732368440233386e-11,3.7012945631612953e-16,4.4331762796241873e-16
0.38459178204535355,,5.585867413211959e-17,3.949804726691135e-16,3.6584684660024536e-16,1.788854381999832e-18,3.550321520665878e-17,3.2302459354255344e-18,1.6939809401363877e-17,2.000675968741957e-16,2.600159563165272e-17,8.467042972488833e-17,1.0003379843709786e-16,1.0003379843709786e-17,,,1.7125381826787284e-11,3.7010504067351625e-16,4.4328795716415127e-16
0.38681205463305207,,5.569813109498944e-17,3.9384526196684337e-16,3.6584684660024536e-16,1.788854381999832e-18,3.550307791849365e-17,3.220961907453013e-18,1.6939743896441665e-17,2.0006682322839725e-16,2.5852348395621916e-17,8.467042972488833e-17,1.000334116141986e-16,1.0003341161419861e-17,,,1.6929349202052273e-11,3.7008076357793494e-16,4.432585077051845e-16
0.3890451449942805,,5.553804947351533e-17,3.927133139659666e-16,3.6584684660024536e-16,1.788854381999832e-18,3.550294220133134e-17,3.2117045626424297e-18,1.6939679141099127e-17,2.0006605843550853e-16,2.5703957827688644e-17,8.467042972488833e-17,1.0003302921775425e-16,1.0003302921775426e-17,,,1.6735560544216754e-11,3.7005662425210524e-16,4.4322927774095464e-16
0.3912911271268532,,5.537842794154565e-17,3.9158461928917514e-16,3.6584684660024536e-16,1.788854381999832e-18,3.550280803720062e-17,3.2024738243038878e-18,1.693961512676156e-17,2.0006530239425803e-16,2.555641901064137e-17,8.467042972488833e-17,1.00032651197129e-16,1.0003265119712901e-17,,,1.654399016680401e-11,3.70032621923008e-16,4.4320026544387047e-16
0.39355007545577764,,5.521926517674031e-17,3.904591685861125e-16,3.6584684660024536e-16,1.788854381999832e-18,3.5502675408335663e-17,3.193269615967909e-18,1.693955184495228e-17,2.0006455500453197e-16,2.5409727055493045e-17,8.467042972488833e-17,1.0003227750226597e-16,1.0003227750226598e-17,,,1.635461267736807e-11,3.700087558218628e-16,4.431714690031466e-16
0.39582206483572263,,5.506055986055967e-17,3.893369525332957e-16,3.6584684660024536e-16,1.788854381999832e-18,3.550254429717377e-17,3.1840918613847917e-18,1.6939489287291517e-17,2.00063816167361e-16,2.526387710131896e-17,8.467042972488833e-17,1.000319080836805e-16,1.000319080836805e-17,,,1.6167402974127814e-11,3.6998502518410587e-16,4.4314288662463765e-16
0.3981071705534973,,5.490231067825375e-17,3.8821796183403825e-16,3.6584684660024536e-16,1.788854381999832e-18,3.5502414686353034e-17,3.1749404845239837e-18,1.6939427445495303e-17,2.0006308578490738e-16,2.5118864315095795e-17,8.467042972488833e-17,1.0003154289245368e-16,1.000315428924537e-17,,,1.598233624263986e-11,3.699614292493681e-16,4.431145165306753e-16
0.40040546833054635,,5.4744516318851266e-17,3.8710218721837337e-16,3.6584684660024536e-16,1.788854381999832e-18,3.550228655871001e-17,3.165815409573451e-18,1.6939366311374375e-17,2.0006236376045173e-16,2.497468389154144e-17,8.467042972488833e-17,1.0003118188022586e-16,1.0003118188022586e-17,,,1.5799387952509385e-11,3.6993796726145307e-16,4.430863569599057e-16
0.4027170343254591,,5.458717547514878e-17,3.85989619442977e-16,3.6584684660024536e-16,1.788854381999832e-18,3.550215989727747e-17,3.1567165609390523e-18,1.6939305876833074e-17,2.0006164999838043e-16,2.4831331052955703e-17,8.467042972488833e-17,1.000308249991902e-16,1.000308249991902e-17,,,1.5618533854138713e-11,3.699146384683151e-16,4.430584061671294e-16
0.4050419451364931,,5.44302868436999e-17,3.8488024929109124e-16,3.6584684660024536e-16,1.788854381999832e-18,3.550203468528219e-17,3.1476438632439095e-18,1.693924613386832e-17,2.00060944404173e-16,2.4688801049062087e-17,8.467042972488833e-17,1.0003047220208649e-16,1.000304722020865e-17,,,1.5439749975512993e-11,3.6989144212203763e-16,4.430306624231427e-16
0.4073802778041126,,5.427384912480446e-17,3.83774067572448e-16,3.6584684660024536e-16,1.788854381999832e-18,3.550191090614273e-17,3.1385972413277853e-18,1.693918707456853e-17,2.0006024688438973e-16,2.454708915685031e-17,8.467042972488833e-17,1.0003012344219487e-16,1.0003012344219487e-17,,,1.5263012619022768e-11,3.698683774788117e-16,4.4300312401458033e-16
0.40973210981354174,,5.411786102249769e-17,3.8267106512319263e-16,3.6584684660024536e-16,1.788854381999832e-18,3.550178854346717e-17,3.1295766202464586e-18,1.693912869111256e-17,2.0005955734665902e-16,2.440619068041979e-17,8.467042972488833e-17,1.0002977867332951e-16,1.0002977867332952e-17,,,1.508829835832284e-11,3.698454437989142e-16,4.4297578924375994e-16
0.4120975190973304,,5.396232124453967e-17,3.8157123280580896e-16,3.6584684660024536e-16,1.788854381999832e-18,3.550166758105105e-17,3.1205819252711087e-18,1.69390709757687e-17,2.0005887569966553e-16,2.4266100950824148e-17,8.467042972488833e-17,1.0002943784983275e-16,1.0002943784983276e-17,,,1.4915584035227262e-11,3.6982264034668655e-16,4.429486564285283e-16
0.4144765840379393,,5.3807228502404387e-17,3.804745615090422e-16,3.6584684660024536e-16,1.788854381999832e-18,3.550154800287516e-17,3.1116130818876884e-18,1.693901392089363e-17,2.0005820185313785e-16,2.4126815325916327e-17,8.467042972488833e-17,1.0002910092656891e-16,1.0002910092656892e-17,,,1.474484675663954e-11,3.6979996639051335e-16,4.4292172390210884e-16
0.4168693834703355,,5.365258151126922e-17,3.793810421478245e-16,3.6584684660024536e-16,1.788854381999832e-18,3.5501429793103434e-17,3.102670015796313e-18,1.6938957518931427e-17,2.0005753571783664e-16,2.39883291901949e-17,8.467042972488833e-17,1.0002876785891832e-16,1.0002876785891833e-17,,,1.4576063891518348e-11,3.6977742120280106e-16,4.4289499001295056e-16
0.41927599668460547,,5.3498378990004234e-17,3.7829066566319917e-16,3.6584684660024536e-16,1.788854381999832e-18,3.550131293608092e-17,3.09375265291064e-18,1.6938901762412553e-17,2.0005687720554308e-16,2.3850637954651057e-17,8.467042972488833e-17,1.0002843860277155e-16,1.0002843860277156e-17,,,1.4409213067877732e-11,3.697550040599572e-16,4.428684531245791e-16
0.4216965034285822,,5.334461966116158e-17,3.772034230222458e-16,3.6584684660024536e-16,1.788854381999832e-18,3.55011974163316e-17,3.0848609193572632e-18,1.6938846643952883e-17,2.0005622622904692e-16,2.3713737056616556e-17,8.467042972488833e-17,1.0002811311452346e-16,1.0002811311452348e-17,,,1.4244272169821737e-11,3.697327142423689e-16,4.4284211161544877e-16
0.42413098391048815,,5.3191302250964915e-17,3.761193052180056e-16,3.6584684660024536e-16,1.788854381999832e-18,3.5501083218556456e-17,3.07599474147509e-18,1.6938792156252717e-17,2.0005558270213513e-16,2.3577621959612548e-17,8.467042972488833e-17,1.0002779135106756e-16,1.0002779135106757e-17,,,1.408121933461299e-11,3.697105510343822e-16,4.4281596387879584e-16
0.42657951880159256,,5.303842548929886e-17,3.7503830326940655e-16,3.6584684660024536e-16,1.788854381999832e-18,3.550097032763136e-17,3.067154045814739e-18,1.693873829209582e-17,2.0005494653958025e-16,2.344228815319923e-17,8.467042972488833e-17,1.0002747326979011e-16,1.0002747326979012e-17,,,1.3920032949774794e-11,3.696885137242813e-16,4.427900083224945e-16
0.4290421892388857,,5.2885988109698424e-17,3.739604082211888e-16,3.6584684660024536e-16,1.788854381999832e-18,3.5500858728605146e-17,3.0583387591379275e-18,1.6938685044348475e-17,2.000543176571295e-16,2.3307731152826368e-17,8.467042972488833e-17,1.0002715882856477e-16,1.0002715882856477e-17,,,1.3760691650226408e-11,3.696666016042676e-16,4.427642433689127e-16
0.43151907682776547,,5.2733988849338646e-17,3.728856111438314e-16,3.6584684660024536e-16,1.788854381999832e-18,3.550074840669762e-17,3.0495488084168713e-18,1.6938632405958527e-17,2.0005369597149364e-16,2.3173946499684775e-17,8.467042972488833e-17,1.0002684798574682e-16,1.0002684798574683e-17,,,1.3603174315451213e-11,3.696448139704391e-16,4.4273866745477067e-16
0.434010263644744,,5.258242644902395e-17,3.718139031334771e-16,3.6584684660024536e-16,1.788854381999832e-18,3.5500639347297546e-17,3.0407841208336695e-18,1.6938580369954466e-17,2.0005308140033547e-16,2.304092976055845e-17,8.467042972488833e-17,1.0002654070016772e-16,1.0002654070016773e-17,,,1.344746006669709e-11,3.696231501227703e-16,4.427132790310005e-16
0.4365158322401661,,5.243129965317784e-17,3.707452753118593e-16,3.6584684660024536e-16,1.788854381999832e-18,3.5500531535960797e-17,3.0320446237797097e-18,1.6938528929444496e-17,2.0005247386225943e-16,2.2908676527677723e-17,8.467042972488833e-17,1.000262369311297e-16,1.0002623693112972e-17,,,1.3293528264209014e-11,3.696016093650911e-16,4.426880765626067e-16
0.4390358656409447,,5.2280607209832465e-17,3.6967971882622844e-16,3.6584684660024536e-16,1.788854381999832e-18,3.5500424958408407e-17,3.023330244855061e-18,1.6938478077615628e-17,2.0005187327680077e-16,2.2777182418573222e-17,8.467042972488833e-17,1.0002593663840038e-16,1.000259366384004e-17,,,1.3141358504493311e-11,3.695801910050668e-16,4.426630585285288e-16
0.4415704473533125,,5.213034787061824e-17,3.6861722484927853e-16,3.6584684660024536e-16,1.788854381999832e-18,3.5500319600524666e-17,3.014640911867879e-18,1.6938427807732772e-17,2.000512795644148e-16,2.26464430759306e-17,8.467042972488833e-17,1.0002563978220739e-16,1.000256397822074e-17,,,1.2990930617613148e-11,3.695588943541782e-16,4.426382234215052e-16
0.4441196613655889,,5.198052039075351e-17,3.675577845790742e-16,3.6584684660024536e-16,1.788854381999832e-18,3.550021544835534e-17,3.0059765528338042e-18,1.6938378113137874e-17,2.000506926464665e-16,2.2516454167446182e-17,8.467042972488833e-17,1.0002534632323323e-16,1.0002534632323325e-17,,,1.2842224664515058e-11,3.6953771872770063e-16,4.426135697479383e-16
0.44668359215096304,,5.183112352903425e-17,3.665013892389774e-16,3.6584684660024536e-16,1.788854381999832e-18,3.5500112488105674e-17,2.9973370959753668e-18,1.6938328987248996e-17,2.0005011244521982e-16,2.2387211385683402e-17,8.467042972488833e-17,1.0002505622260991e-16,1.0002505622260991e-17,,,1.269522093438603e-11,3.695166634446847e-16,4.4258909602776035e-16
0.44926232467029326,,5.168215604782376e-17,3.654480300775752e-16,3.6584684660024536e-16,1.788854381999832e-18,3.5500010706138746e-17,2.9887224697213918e-18,1.6938280423559474e-17,2.0004953888382799e-16,2.2258710447930058e-17,8.467042972488833e-17,1.0002476944191398e-16,1.00024769441914e-17,,,1.2549899942040868e-11,3.694957278279359e-16,4.4256480079430243e-16
0.4518559443749226,,5.153361671304241e-17,3.6439769836860684e-16,3.6584684660024536e-16,1.788854381999832e-18,3.5499910088973515e-17,2.9801326027064073e-18,1.6938232415637047e-17,2.000489718863227e-16,2.2130947096056366e-17,8.467042972488833e-17,1.0002448594316135e-16,1.0002448594316136e-17,,,1.2406242425339416e-11,3.6947491120399493e-16,4.425406825941626e-16
0.4544645372095089,,5.138550429415748e-17,3.633503854108921e-16,3.6584684660024536e-16,1.788854381999832e-18,3.549981062328316e-17,2.9715674237700536e-18,1.6938184957123032e-17,2.000484113776047e-16,2.2003917096373978e-17,8.467042972488833e-17,1.0002420568880235e-16,1.0002420568880236e-17,,,1.226422934263349e-11,3.694542129031179e-16,4.4251673998707696e-16
0.4570881896148752,,5.1237817564172873e-17,3.623060825282583e-16,3.6584684660024536e-16,1.788854381999832e-18,3.5499712295893236e-17,2.96302686195649e-18,1.6938138041731433e-17,2.0004785728343333e-16,2.1877616239495524e-17,8.467042972488833e-17,1.0002392864171668e-16,1.0002392864171668e-17,,,1.2123841870242774e-11,3.694336322592565e-16,4.4249297154579166e-16
0.4597269885308723,,5.109055529961899e-17,3.6126478106946894e-16,3.6584684660024536e-16,1.788854381999832e-18,3.549961509377993e-17,2.9545108465138104e-18,1.6938091663248156e-17,2.0004730953041697e-16,2.175204034019522e-17,8.467042972488833e-17,1.0002365476520849e-16,1.000236547652085e-17,,,1.1985061399959865e-11,3.6941316861003896e-16,4.424693758559352e-16
0.46238102139926035,,5.094371628054263e-17,3.6022647240815217e-16,3.6584684660024536e-16,1.788854381999832e-18,3.549951900406842e-17,2.946019306893457e-18,1.6938045815530168e-17,2.000467680460034e-16,2.1627185237270204e-17,8.467042972488833e-17,1.000233840230017e-16,1.0002338402300172e-17,,,1.1847869536583752e-11,3.6939282129674973e-16,4.424459515158938e-16
0.46505037616660627,,5.0797299290496813e-17,3.591911479427289e-16,3.6584684660024536e-16,1.788854381999832e-18,3.5499424014031094e-17,2.9375521727496344e-18,1.6938000492504694e-17,2.0004623275847006e-16,2.1503046793402568e-17,8.467042972488833e-17,1.0002311637923502e-16,1.0002311637923503e-17,,,1.1712248095481545e-11,3.693725896643109e-16,4.424226971366863e-16
0.4677351412871981,,5.0651303116530765e-17,3.581587990963421e-16,3.6584684660024536e-16,1.788854381999832e-18,3.549933011108591e-17,2.9291093739387274e-18,1.6937955688168397e-17,2.0004570359691457e-16,2.1379620895022326e-17,8.467042972488833e-17,1.0002285179845728e-16,1.000228517984573e-17,,,1.1578179100178121e-11,3.693524730612625e-16,4.423996113418418e-16
0.470435405725976,,5.0505726549179836e-17,3.5712941731678514e-16,3.6584684660024536e-16,1.788854381999832e-18,3.54992372827947e-17,2.92069084051872e-18,1.6937911396586606e-17,2.0004518049124555e-16,2.1256903452171083e-17,8.467042972488833e-17,1.0002259024562276e-16,1.0002259024562278e-17,,,1.1445644779973377e-11,3.6933247083974335e-16,4.4237669276727727e-16
0.47315125896148075,,5.036056838245548e-17,3.561029940764311e-16,3.6584684660024536e-16,1.788854381999832e-18,3.549914551686157e-17,2.9122965027486164e-18,1.6937867611892523e-17,2.000446633721731e-16,2.1134890398366457e-17,8.467042972488833e-17,1.0002233168608654e-16,1.0002233168608655e-17,,,1.1314627567586697e-11,3.693125823554721e-16,4.4235394006117736e-16
0.4758827909888171,,5.0215827413835335e-17,3.5507952087216297e-16,3.6584684660024536e-16,1.788854381999832e-18,3.549905480113122e-17,2.903926291087865e-18,1.6937824328286438e-17,2.0004415217119975e-16,2.1013577690467472e-17,8.467042972488833e-17,1.0002207608559988e-16,1.0002207608559988e-17,,,1.1185110096828545e-11,3.69292806967728e-16,4.423313518838747e-16
0.47863009232263853,,5.007150244425312e-17,3.540589892253017e-16,3.6584684660024536e-16,1.788854381999832e-18,3.54989651235874e-17,2.8955801361957764e-18,1.693778154003498e-17,2.0004364682061164e-16,2.089296130854039e-17,8.467042972488833e-17,1.0002182341030581e-16,1.0002182341030581e-17,,,1.1057075200298435e-11,3.692731440393323e-16,4.4230892690773233e-16
0.4813932540001448,,4.992759227808883e-17,3.5304139068153723e-16,3.6584684660024536e-16,1.788854381999832e-18,3.549887647235128e-17,2.887257968930956e-18,1.693773924147034e-17,2.0004314725346908e-16,2.077303725572563e-17,8.467042972488833e-17,1.0002157362673454e-16,1.0002157362673455e-17,,,1.093050590710951e-11,3.6925359293662897e-16,4.4228666381702615e-16
0.4841723675840994,,4.9784095723158764e-17,3.5202671681085764e-16,3.6584684660024536e-16,1.788854381999832e-18,3.549878883567985e-17,2.878959720350726e-18,1.6937697426989545e-17,2.0004265340359807e-16,2.0653801558105293e-17,8.467042972488833e-17,1.0002132670179903e-16,1.0002132670179905e-17,,,1.0805385440639063e-11,3.692341530294665e-16,4.4226456130782935e-16
0.4869675251658631,,4.964101159070567e-17,3.5101495920747987e-16,3.6584684660024536e-16,1.788854381999832e-18,3.5498702201964446e-17,2.870685321710556e-18,1.6937656091053686e-17,2.0004216520558144e-16,2.0535250264571463e-17,8.467042972488833e-17,1.0002108260279072e-16,1.0002108260279073e-17,,,1.0681697216304776e-11,3.692148236911789e-16,4.4224261808789803e-16
0.48977881936844614,,4.9498338695388916e-17,3.5000610948977986e-16,3.6584684660024536e-16,1.788854381999832e-18,3.549861655972919e-17,2.862434704463496e-18,1.6937615228187223e-17,2.0004168259475032e-16,2.0417379446695298e-17,8.467042972488833e-17,1.0002084129737513e-16,1.0002084129737515e-17,,,1.0559424839366497e-11,3.6919560429856723e-16,4.4222083287655784e-16
0.4926063433495771,,4.935607585527461e-17,3.4900015930022306e-16,3.6584684660024536e-16,1.788854381999832e-18,3.54985318976294e-17,2.854207800259605e-18,1.6937574832977223e-17,2.0004120550717521e-16,2.0300185198596847e-17,8.467042972488833e-17,1.000206027535876e-16,1.000206027535876e-17,,,1.0438552102753105e-11,3.691764942318811e-16,4.4219920440459097e-16
0.4954501908047905,,4.921422189182586e-17,3.4799710030529505e-16,3.6584684660024536e-16,1.788854381999832e-18,3.549844820445019e-17,2.8460045409453845e-18,1.6937534900072673e-17,2.0004073387965802e-16,2.0183663636815598e-17,8.467042972488833e-17,1.0002036693982901e-16,1.0002036693982902e-17,,,1.031906298491426e-11,3.691574928748005e-16,4.42177731414126e-16
0.49831045597052975,,4.907277562989305e-17,3.469969241954333e-16,3.6584684660024536e-16,1.788854381999832e-18,3.549836546910494e-17,2.8378248585632195e-18,1.6937495424183767e-17,2.0004026764972353e-16,2.006781090018188e-17,8.467042972488833e-17,1.0002013382486174e-16,1.0002013382486175e-17,,,1.0200941647696861e-11,3.691385996144174e-16,4.421564126585274e-16
0.5011872336272725,,4.8931735897704004e-17,3.459996226849572e-16,3.6584684660024536e-16,1.788854381999832e-18,3.549828368063382e-17,2.8296686853508084e-18,1.6937456400081194e-17,2.0003980675561088e-16,1.995262314968879e-17,8.467042972488833e-17,1.0001990337780544e-16,1.0001990337780545e-17,,,1.0084172434245588e-11,3.6911981384121737e-16,4.421352469022865e-16
0.5040806191026695,,4.8791101526854327e-17,3.4500518751200004e-16,3.6584684660024536e-16,1.788854381999832e-18,3.5498202828202363e-17,2.8215359537406058e-18,1.693741782259545e-17,2.0003935113626577e-16,1.9838096568365054e-17,8.467042972488833e-17,1.0001967556813287e-16,1.0001967556813287e-17,,,9.968739866927673e-12,3.691011349490618e-16,4.4211423292091407e-16
0.5069907082747045,,4.865087135229773e-17,3.4401361043844064e-16,3.6584684660024536e-16,1.788854381999832e-18,3.549812290110005e-17,2.8134265963592607e-18,1.6937379686616178e-17,2.0003890073133223e-16,1.9724227361148534e-17,8.467042972488833e-17,1.000194503656661e-16,1.0001945036566612e-17,,,9.854628645281355e-12,3.6908256233516964e-16,4.420933695008333e-16
0.5099175975748701,,4.85110442123364e-17,3.430248832498349e-16,3.6584684660024536e-16,1.788854381999832e-18,3.5498043888738815e-17,2.8053405460270616e-18,1.6937341987091445e-17,2.000384554811445e-16,1.961101175476048e-17,8.467042972488833e-17,1.0001922774057223e-16,1.0001922774057224e-17,,,9.741823643987807e-12,3.6906409540009973e-16,4.4207265543927455e-16
0.5128613839913648,,4.837161894861133e-17,3.420389977553477e-16,3.6584684660024536e-16,1.788854381999832e-18,3.5497965780651735e-17,2.7972777357573743e-18,1.693730471902713e-17,2.000380153267194e-16,1.949844599758046e-17,8.467042972488833e-17,1.000190076633597e-16,1.000190076633597e-17,,,9.63030991086628e-12,3.6904573354773264e-16,4.420520895441702e-16
0.5158221650723056,,4.823259440609274e-17,3.410559457876852e-16,3.6584684660024536e-16,1.788854381999832e-18,3.5497888566491616e-17,2.7892380987560936e-18,1.693726787748622e-17,2.0003758020974846e-16,1.9386526359522076e-17,8.467042972488833e-17,1.0001879010487422e-16,1.0001879010487424e-17,,,9.520072664892254e-12,3.6902747618525327e-16,4.42031670634052e-16
0.518800038928961,,4.8093969433070544e-17,3.4007571920302717e-16,3.6584684660024536e-16,1.788854381999832e-18,3.549781223602959e-17,2.7812215684210862e-18,1.693723145758817e-17,2.0003715007258998e-16,1.9275249131909367e-17,8.467042972488833e-17,1.0001857503629499e-16,1.0001857503629499e-17,,,9.41109729423817e-12,3.690093227231329e-16,4.420113975379478e-16
0.5217951042390025,,4.795574288114472e-17,3.3909830988095935e-16,3.6584684660024536e-16,1.788854381999832e-18,3.5497736779153823e-17,2.773228078341637e-18,1.6937195454508278e-17,2.000367248582618e-16,1.9164610627353858e-17,8.467042972488833e-17,1.0001836242913089e-16,1.0001836242913089e-17,,,9.30336935433667e-12,3.6899127257511176e-16,4.4199126909528095e-16
0.5248074602497729,,4.781791360521594e-17,3.381237097244066e-16,3.6584684660024536e-16,1.788854381999832e-18,3.549766218586811e-17,2.7652575622979062e-18,1.6937159863477008e-17,2.000363045104333e-16,1.9054607179632467e-17,8.467042972488833e-17,1.0001815225521667e-16,1.0001815225521667e-17,,,9.196874565966045e-12,3.689733251581816e-16,4.41971284155769e-16
0.527837206781577,,4.768048046347593e-17,3.3715191065956524e-16,3.6584684660024536e-16,1.788854381999832e-18,3.549758844629061e-17,2.757309954260372e-18,1.693712467977939e-17,2.0003588897341847e-16,1.8945235143565915e-17,8.467042972488833e-17,1.0001794448670922e-16,1.0001794448670923e-17,,,9.091598813357427e-12,3.689554798925681e-16,4.4195144157932537e-16
0.5308844442309885,,4.7543442317398096e-17,3.361829046358366e-16,3.6584684660024536e-16,1.788854381999832e-18,3.549751555065252e-17,2.7493851883892897e-18,1.6937089898754397e-17,2.0003547819216807e-16,1.8836490894898003e-17,8.467042972488833e-17,1.0001773909608402e-16,1.0001773909608403e-17,,,8.98752814232384e-12,3.689377362017138e-16,4.4193174023596013e-16
0.5339492735741767,,4.740679803172809e-17,3.3521668362576004e-16,3.6584684660024536e-16,1.788854381999832e-18,3.549744348929676e-17,2.7414831990341418e-18,1.6937055515794303e-17,2.0003507211226263e-16,1.8728370830175488e-17,8.467042972488833e-17,1.000175360561313e-16,1.0001753605613131e-17,,,8.884648758410563e-12,3.689200935122606e-16,4.4191217900568305e-16
0.5370317963702527,,4.7270546474474366e-17,3.3425323962494675e-16,3.6584684660024536e-16,1.788854381999832e-18,3.549737225267674e-17,2.733603920733099e-18,1.693702152634409e-17,2.0003467067990518e-16,1.8620871366628677e-17,8.467042972488833e-17,1.0001733533995258e-16,1.0001733533995259e-17,,,8.782947025066696e-12,3.689025512540329e-16,4.4189275677840745e-16
0.5401321147646347,,4.7134686516898856e-17,3.332925646520131e-16,3.6584684660024536e-16,1.788854381999832e-18,3.549730183135504e-17,2.7257472882124744e-18,1.693698792590085e-17,2.0003427384191402e-16,1.8513988942052727e-17,8.467042972488833e-17,1.0001713692095701e-16,1.0001713692095702e-17,,,8.682409461837637e-12,3.6888510886002027e-16,4.4187347245385424e-16
0.5432503314924331,,4.6999217033507565e-17,3.323346507485149e-16,3.6584684660024536e-16,1.788854381999832e-18,3.549723221600223e-17,2.7179132363861833e-18,1.693695471001319e-17,2.0003388154571608e-16,1.840772001468956e-17,8.467042972488833e-17,1.0001694077285803e-16,1.0001694077285804e-17,,,8.583022742578285e-12,3.688677657663607e-16,4.41854324941458e-16
0.5463865498818545,,4.6864136902041264e-17,3.3137948997888103e-16,3.6584684660024536e-16,1.788854381999832e-18,3.5497163397395596e-17,2.7101017003552047e-18,1.6936921874280624e-17,2.000334937393394e-16,1.830206106311055e-17,8.467042972488833e-17,1.0001674686966968e-16,1.0001674686966968e-17,,,8.484773693686635e-12,3.688505214123236e-16,4.418353131602733e-16
0.5495408738576248,,4.672944500346627e-17,3.304270744303483e-16,3.6584684660024536e-16,1.788854381999832e-18,3.549709536641789e-17,2.7023126154070455e-18,1.693688941435301e-17,2.0003311037140654e-16,1.8197008586099825e-17,8.467042972488833e-17,1.0001655518570327e-16,1.0001655518570327e-17,,,8.387649292357709e-12,3.6883337524029305e-16,4.41816436038882e-16
0.5527134079444351,,4.6595140221965036e-17,3.294773962128953e-16,3.6584684660024536e-16,1.788854381999832e-18,3.549702811405619e-17,2.6945459170151994e-18,1.6936857325929965e-17,2.0003273139112795e-16,1.8092559102538204e-17,8.467042972488833e-17,1.0001636569556398e-16,1.0001636569556398e-17,,,8.291636664857299e-12,3.68816326695751e-16,4.4179769251530215e-16
0.5559042572704037,,4.6461221444927e-17,3.285304474591773e-16,3.6584684660024536e-16,1.788854381999832e-18,3.549696163140068e-17,2.686801540838617e-18,1.693682560476031e-17,2.0003235674829507e-16,1.7988709151287874e-17,8.467042972488833e-17,1.0001617837414754e-16,1.0001617837414755e-17,,,8.196723084815625e-12,3.6879937522726073e-16,4.417790815368968e-16
0.5591135275705602,,4.632768756293935e-17,3.2758622032446096e-16,3.6584684660024536e-16,1.788854381999832e-18,3.5496895909643443e-17,2.6790794227211703e-18,1.6936794246641486e-17,2.0003198639327354e-16,1.7885455291077713e-17,8.467042972488833e-17,1.0001599319663676e-16,1.0001599319663678e-17,,,8.102895971540458e-12,3.6878252028645017e-16,4.417606020602846e-16
0.5623413251903491,,4.619453746977783e-17,3.266447069865596e-16,3.6584684660024536e-16,1.788854381999832e-18,3.5496830940077345e-17,2.6713794986911217e-18,1.6936763247419014e-17,2.000316202769969e-16,1.7782794100389228e-17,8.467042972488833e-17,1.0001581013849845e-16,1.0001581013849845e-17,,,8.010142888349565e-12,3.6876576132799556e-16,4.4174225305125077e-16
0.5655877570891539,,4.606177006239755e-17,3.2570589964576814e-16,3.6584684660024536e-16,1.788854381999832e-18,3.5496766714094834e-17,2.6637017049605954e-18,1.693673260298594e-17,2.0003125835096e-16,1.7680722177343198e-17,8.467042972488833e-17,1.0001562917547999e-16,1.0001562917548e-17,,,7.918451540922234e-12,3.68749097809605e-16,4.4172403348465946e-16
0.5688529308438414,,4.592938424092393e-17,3.2476979052479863e-16,3.6584684660024536e-16,1.788854381999832e-18,3.549670322318685e-17,2.656045977925047e-18,1.6936702309282294e-17,2.0003090056721252e-16,1.757923613958693e-17,8.467042972488833e-17,1.0001545028360626e-16,1.0001545028360626e-17,,,7.827809775669682e-12,3.687325291920022e-16,4.4170594234436615e-16
0.5721369546523267,,4.579737890864346e-17,3.2383637186871555e-16,3.6584684660024536e-16,1.788854381999832e-18,3.5496640458941653e-17,2.6484122541627376e-18,1.6936672362294547e-17,2.0003054687835273e-16,1.747833262418218e-17,8.467042972488833e-17,1.0001527343917635e-16,1.0001527343917636e-17,,,7.73820557812409e-12,3.6871605493891e-16,4.4168797862313214e-16
0.5754399373371573,,4.5665752971994775e-17,3.229056359448724e-16,3.6584684660024536e-16,1.788854381999832e-18,3.5496578413043756e-17,2.6408004704342097e-18,1.6936642758055086e-17,2.000301972375211e-16,1.7378008287493747e-17,8.467042972488833e-17,1.0001509861876057e-16,1.0001509861876058e-17,,,7.649627071346159e-12,3.686996745170347e-16,4.416701413225388e-16
0.5787619883491208,,4.553450534055943e-17,3.219775750428464e-16,3.6584684660024536e-16,1.788854381999832e-18,3.5496517077272776e-17,2.63321056368176e-18,1.6936613492641692e-17,2.0002985159839437e-16,1.7278259805078627e-17,8.467042972488833e-17,1.0001492579919717e-16,1.0001492579919719e-17,,,7.562062514350741e-12,3.6868338739604957e-16,4.416524294529032e-16
0.5821032177708716,,4.540363492705298e-17,3.2105218147437537e-16,3.6584684660024536e-16,1.788854381999832e-18,3.54964564435024e-17,2.62564247102892e-18,1.6936584562177014e-17,2.0002950991517892e-16,1.7179083871575876e-17,8.467042972488833e-17,1.0001475495758946e-16,1.0001475495758947e-17,,,7.47550030055066e-12,3.6866719304857905e-16,4.4163484203319487e-16
0.5854637363205774,,4.527314064731592e-17,3.2012944757329414e-16,3.6584684660024536e-16,1.788854381999832e-18,3.549639650369924e-17,2.6180961297799337e-18,1.693655596282805e-17,2.0002917214260528e-16,1.7080477200597077e-17,8.467042972488833e-17,1.0001458607130263e-16,1.0001458607130263e-17,,,7.389928956218231e-12,3.6865109095018275e-16,4.4161737809095246e-16
0.588843655355589,,4.5143021420304743e-17,3.1920936569547055e-16,3.6584684660024536e-16,1.788854381999832e-18,3.549633724992186e-17,2.6105714774192385e-18,1.6936527690805664e-17,2.000288382359217e-16,1.6982436524617444e-17,8.467042972488833e-17,1.0001441911796083e-16,1.0001441911796084e-17,,,7.305337138964457e-12,3.686350805793397e-16,4.4160003666220237e-16
0.5922430868761306,,4.5013276168082944e-17,3.182919282187426e-16,3.6584684660024536e-16,1.788854381999832e-18,3.549627867431963e-17,2.603068451610947e-18,1.693649974236405e-17,2.000285081508884e-16,1.6884958594867533e-17,8.467042972488833e-17,1.0001425407544419e-16,1.000142540754442e-17,,,7.221713636235584e-12,3.686191614174328e-16,4.415828167913775e-16
0.5956621435290104,,4.488390381581211e-17,3.17377127542855e-16,3.6584684660024536e-16,1.788854381999832e-18,3.549622076913177e-17,2.5955869901983317e-18,1.693647211380027e-17,2.0002818184377188e-16,1.6788040181225607e-17,8.467042972488833e-17,1.0001409092188593e-16,1.0001409092188593e-17,,,7.139047363826901e-12,3.686033329487326e-16,4.4156571753123685e-16
0.5991009386113537,,4.4754903291743013e-17,3.164649560893962e-16,3.6584684660024536e-16,1.788854381999832e-18,3.549616352668627e-17,2.5881270312033088e-18,1.6936444801453743e-17,2.0002785927133878e-16,1.6691678072110583e-17,8.467042972488833e-17,1.0001392963566939e-16,1.000139296356694e-17,,,7.0573273644135465e-12,3.685875946603824e-16,4.415487379427863e-16
0.6025595860743581,,4.462627352720672e-17,3.1555540630173585e-16,3.6584684660024536e-16,1.788854381999832e-18,3.5496106939398896e-17,2.5806885128259245e-18,1.6936417801705774e-17,2.0002754039085055e-16,1.6595869074375597e-17,8.467042972488833e-17,1.0001377019542527e-16,1.0001377019542528e-17,,,6.976542806098097e-12,3.685719460423823e-16,4.4153187709519993e-16
0.6060382005270666,,4.449801345660582e-17,3.1464847064496215e-16,3.6584684660024536e-16,1.788854381999832e-18,3.5496050999772174e-17,2.573271373443847e-18,1.6936391110979058e-17,2.0002722516005744e-16,1.6500610013202272e-17,8.467042972488833e-17,1.0001361258002872e-16,1.0001361258002873e-17,,,6.8966829809748804e-12,3.6855638658757377e-16,4.41515134065742e-16
0.6095368972401694,,4.437012201740543e-17,3.137441416058192e-16,3.6584684660024536e-16,1.788854381999832e-18,3.549599570039441e-17,2.5658755516118495e-18,1.6936364725737218e-17,2.0002691353719304e-16,1.640589773199539e-17,8.467042972488833e-17,1.0001345676859652e-16,1.0001345676859653e-17,,,6.8177373037105614e-12,3.6854091579162453e-16,4.4149850793968996e-16
0.6130557921498209,,4.4242598150124566e-17,3.128424116926448e-16,3.6584684660024536e-16,1.788854381999832e-18,3.549594103393872e-17,2.5585009860613056e-18,1.6936338642484345e-17,2.0002660548096895e-16,1.631172909227838e-17,8.467042972488833e-17,1.0001330274048448e-16,1.0001330274048448e-17,,,6.73969531014113e-12,3.6852553315301305e-16,4.4148199781025846e-16
0.6165950018614822,,4.4115440798327246e-17,3.1194327343530874e-16,3.6584684660024536e-16,1.788854381999832e-18,3.549588699316202e-17,2.551147615699681e-18,1.6936312857764514e-17,2.0002630095056893e-16,1.62181009735893e-17,8.467042972488833e-17,1.0001315047528448e-16,1.0001315047528449e-17,,,6.662546655884875e-12,3.685102381730137e-16,4.4146560277852317e-16
0.6201546436537854,,4.39886489086138e-17,3.110467193851504e-16,3.6584684660024536e-16,1.788854381999832e-18,3.54958335709041e-17,2.5438153796100268e-18,1.6936287368161344e-17,2.0002599990564393e-16,1.6125010273377422e-17,8.467042972488833e-17,1.0001299995282195e-16,1.0001299995282197e-17,,,6.5862811149712335e-12,3.6849503035568104e-16,4.41449321953347e-16
0.6237348354824191,,4.386222143061213e-17,3.1015274211491747e-16,3.6584684660024536e-16,1.788854381999832e-18,3.549578076008669e-17,2.5365042170504746e-18,1.6936262170297543e-17,2.000257023063063e-16,1.603245390690042e-17,8.467042972488833e-17,1.0001285115315315e-16,1.0001285115315316e-17,,,6.510888578485369e-12,3.6847990920783543e-16,4.414331544513049e-16
0.6273356959840379,,4.373615731696901e-17,3.0926133421870425e-16,3.6584684660024536e-16,1.788854381999832e-18,3.549572855371249e-17,2.529214067453734e-18,1.6936237260834458e-17,2.0002540811312499e-16,1.594042880712218e-17,8.467042972488833e-17,1.0001270405656248e-16,1.0001270405656248e-17,,,6.436359053228228e-12,3.684648742390476e-16,4.414170993966118e-16
0.6309573444801936,,4.361045552334136e-17,3.0837248831189004e-16,3.6584684660024536e-16,1.788854381999832e-18,3.5495676944864227e-17,2.5219448704265904e-18,1.6936212636471626e-17,2.0002511728711983e-16,1.5848931924611132e-17,8.467042972488833e-17,1.0001255864355991e-16,1.0001255864355992e-17,,,6.362682660391961e-12,3.6844992496162385e-16,4.4140115592104907e-16
0.6345999009812872,,4.348511500838774e-17,3.074861970310788e-16,3.6584684660024536e-16,1.788854381999832e-18,3.549562592670381e-17,2.514696565749407e-18,1.6936188293946353e-17,2.0002482978975682e-16,1.5757960227439236e-17,8.467042972488833e-17,1.000124148948784e-16,1.0001241489487841e-17,,,6.289849634250518e-12,3.684350608905916e-16,4.4138532316389367e-16
0.638263486190549,,4.3360134733759516e-17,3.066024530340371e-16,3.6584684660024536e-16,1.788854381999832e-18,3.549557549247138e-17,2.5074690933756215e-18,1.693616423003328e-17,2.0002454558294278e-16,1.5667510701081486e-17,8.467042972488833e-17,1.0001227279147138e-16,1.0001227279147139e-17,,,6.217850320865166e-12,3.684202815436841e-16,4.4136960027184614e-16
0.641948221508036,,4.323551366409242e-17,3.0572124899963384e-16,3.6584684660024536e-16,1.788854381999832e-18,3.54955256354844e-17,2.5002623934312518e-18,1.6936140441543928e-17,2.0002426462902028e-16,1.557758034831602e-17,8.467042972488833e-17,1.0001213231451014e-16,1.0001213231451015e-17,,,6.1466751768048995e-12,3.684055864413261e-16,4.4135398639896103e-16
0.6456542290346556,,4.3111250766997905e-17,3.0484257762777966e-16,3.6584684660024536e-16,1.788854381999832e-18,3.5495476349136796e-17,2.493076406214399e-18,1.6936116925326322e-17,2.0002398689076286e-16,1.5488166189124812e-17,8.467042972488833e-17,1.0001199344538143e-16,1.0001199344538144e-17,,,6.076314767881472e-12,3.683909751066191e-16,4.4133848070657696e-16
0.6493816315762113,,4.2987345013054607e-17,3.0396643163936625e-16,3.6584684660024536e-16,1.788854381999832e-18,3.549542762689809e-17,2.485911072194753e-18,1.693609367826454e-17,2.0002371233136995e-16,1.5399265260594916e-17,8.467042972488833e-17,1.0001185616568498e-16,1.0001185616568499e-17,,,6.0067597678988895e-12,3.6837644706532707e-16,4.4132308236324754e-16
0.6531305526474723,,4.28637953757998e-17,3.0309280377620616e-16,3.6584684660024536e-16,1.788854381999832e-18,3.5495379462312497e-17,2.4787663320131e-18,1.693607069727831e-17,2.0002344091446202e-16,1.5310874616820302e-17,8.467042972488833e-17,1.0001172045723101e-16,1.0001172045723102e-17,,,5.938000957417245e-12,3.6836200184586167e-16,4.4130779054467347e-16
0.6569011164762661,,4.274060083172094e-17,3.022216868009727e-16,3.6584684660024536e-16,1.788854381999832e-18,3.549533184899812e-17,2.4716421264808295e-18,1.6936047979322607e-17,2.0002317260407577e-16,1.5222991328804204e-17,8.467042972488833e-17,1.0001158630203788e-16,1.000115863020379e-17,,,5.870029222530686e-12,3.683476389792683e-16,4.4129260443363454e-16
0.6606934480075964,,4.26177603602471e-17,3.013530734971396e-16,3.6584684660024536e-16,1.788854381999832e-18,3.5495284780646066e-17,2.464538396579443e-18,1.6936025521387232e-17,2.000229073646593e-16,1.5135612484362073e-17,8.467042972488833e-17,1.0001145368232964e-16,1.0001145368232965e-17,,,5.802835553659364e-12,3.683333579992113e-16,4.412775232199231e-16
0.6645076729077799,,4.2495272943740645e-17,3.0048695666892225e-16,3.6584684660024536e-16,1.788854381999832e-18,3.5495238251019647e-17,2.4574550834600715e-18,1.6936003320496452e-17,2.0002264516106766e-16,1.504873518802513e-17,8.467042972488833e-17,1.0001132258053382e-16,1.0001132258053382e-17,,,5.7364110443552755e-12,3.6831915844196006e-16,4.4126254610027783e-16
0.6683439175686149,,4.2373137567488666e-17,2.9962332914121685e-16,3.6584684660024536e-16,1.788854381999832e-18,3.5495192253953495e-17,2.4503921284429787e-18,1.6935981373708563e-17,2.0002238595855786e-16,1.496235656094433e-17,8.467042972488833e-17,1.0001119297927892e-16,1.0001119297927893e-17,,,5.670746890121652e-12,3.6830503984637503e-16,4.41247672278318e-16
0.672202309111567,,4.225135321969465e-17,2.987621837595416e-16,3.6584684660024536e-16,1.788854381999832e-18,3.5495146783352823e-17,2.44334947301708e-18,1.693595967811552e-17,2.000221297227845e-16,1.4876473740795017e-17,8.467042972488833e-17,1.0001106486139224e-16,1.0001106486139225e-17,,,5.605834387245973e-12,3.682910017538932e-16,4.412329009644789e-16
0.6760829753919819,,4.2129918891470095e-17,2.9790351338997737e-16,3.6584684660024536e-16,1.788854381999832e-18,3.5495101833192564e-17,2.4363270588394588e-18,1.6935938230842563e-17,2.0002187641979514e-16,1.479108388168207e-17,8.467042972488833e-17,1.0001093820989757e-16,1.0001093820989757e-17,,,5.541664931646291e-12,3.682770437085143e-16,4.4121823137594704e-16
0.6799860450033224,,4.200883357682611e-17,2.970473109191087e-16,3.6584684660024536e-16,1.788854381999832e-18,3.549505739751657e-17,2.4293248277348802e-18,1.693591702904781e-17,2.0002162601602582e-16,1.4706184154045603e-17,8.467042972488833e-17,1.0001081300801291e-16,1.0001081300801291e-17,,,5.4782300177307765e-12,3.6826316525678696e-16,4.412036627365974e-16
0.6839116472814293,,4.1888096272665125e-17,2.9619356925396456e-16,3.6584684660024536e-16,1.788854381999832e-18,3.5495013470436886e-17,2.4223427216953103e-18,1.693589606992191e-17,2.0002137847829667e-16,1.4621771744567183e-17,8.467042972488833e-17,1.0001068923914832e-16,1.0001068923914834e-17,,,5.4155212372702965e-12,3.6824936594779477e-16,4.4118919427692977e-16
0.6878599123088075,,4.176770597877258e-17,2.9534228132195996e-16,3.6584684660024536e-16,1.788854381999832e-18,3.549497004613289e-17,2.4153806828794363e-18,1.6935875350687645e-17,2.000211337738074e-16,1.4537843856076623e-17,8.467042972488833e-17,1.0001056688690368e-16,1.0001056688690369e-17,,,5.353530278283928e-12,3.6823564533314246e-16,4.411748252340066e-16
0.6918309709189363,,4.16476616978086e-17,2.9449344007083705e-16,3.6584684660024536e-16,1.788854381999832e-18,3.549492711885058e-17,2.4084386536121858e-18,1.693585486859958e-17,2.0002089187013293e-16,1.445439770745928e-17,8.467042972488833e-17,1.0001044593506647e-16,1.0001044593506648e-17,,,5.292248923937201e-12,3.682220029669422e-16,4.411605548513917e-16
0.6958249547006057,,4.152796243529976e-17,2.936470384686067e-16,3.6584684660024536e-16,1.788854381999832e-18,3.5494884682901785e-17,2.40151657638425e-18,1.693583462094369e-17,2.0002065273521944e-16,1.4371430533563898e-17,8.467042972488833e-17,1.0001032636760971e-16,1.0001032636760972e-17,,,5.2316690514529645e-12,3.6820843840579993e-16,4.4114638237908867e-16
0.6998419960022738,,4.140860719963088e-17,2.9280306950349093e-16,3.6584684660024536e-16,1.788854381999832e-18,3.5494842732663395e-17,2.39461439385161e-18,1.6935814605037007e-17,2.000204163373796e-16,1.4288939585111022e-17,8.467042972488833e-17,1.0001020816868979e-16,1.000102081686898e-17,,,5.171782631034762e-12,3.681949512088019e-16,4.411323070734807e-16
0.703882227936457,,4.1289595002036747e-17,2.9196152618386366e-16,3.6584684660024536e-16,1.788854381999832e-18,3.5494801262576695e-17,2.3877320488350562e-18,1.6935794818227265e-17,2.0002018264528889e-16,1.4206922128601818e-17,8.467042972488833e-17,1.0001009132264444e-16,1.0001009132264445e-17,,,5.1125817248024216e-12,3.68181540937501e-16,4.411183281972707e-16
0.707945784384138,,4.117092485659394e-17,2.911224015381936e-16,3.6584684660024536e-16,1.788854381999832e-18,3.5494760267146523e-17,2.3808694843197167e-18,1.693577525789253e-17,2.0001995162798103e-16,1.4125375446227542e-17,8.467042972488833e-17,1.0000997581399051e-16,1.0000997581399051e-17,,,5.054058485739946e-12,3.681682071559033e-16,4.4110444501942205e-16
0.7120327999992025,,4.1052595780212695e-17,2.902856886149864e-16,3.6584684660024536e-16,1.788854381999832e-18,3.5494719740940623e-17,2.374026643454588e-18,1.6935755921440897e-17,2.0001972325484418e-16,1.4044296835779477e-17,8.467042972488833e-17,1.0000986162742209e-16,1.000098616274221e-17,,,4.9962051566553876e-12,3.681549494304549e-16,4.410906568150997e-16
0.716143410212902,,4.093460679262872e-17,2.8945138048272676e-16,3.6584684660024536e-16,1.788854381999832e-18,3.5494679678588886e-17,2.3672034695520597e-18,1.6935736806310095e-17,2.0001949749561675e-16,1.396368361055938e-17,8.467042972488833e-17,1.0000974874780836e-16,1.0000974874780838e-17,,,4.93901406915264e-12,3.681417673300285e-16,4.4107696286561254e-16
0.7202777512383407,,4.0816956916395115e-17,2.8861947022982135e-16,3.6584684660024536e-16,1.788854381999832e-18,3.549464007478265e-17,2.3603999060874483e-18,1.693571790996718e-17,2.0001927432038334e-16,1.3883533099290455e-17,8.467042972488833e-17,1.0000963716019167e-16,1.0000963716019168e-17,,,4.8824776426150024e-12,3.6812866042591e-16,4.410633624583556e-16
0.7244359600749899,,4.0699645176874235e-17,2.8778995096454136e-16,3.6584684660024536e-16,1.788854381999832e-18,3.549460092427401e-17,2.3536158966985268e-18,1.693569922990819e-17,2.0001905369957095e-16,1.3803842646028851e-17,8.467042972488833e-17,1.0000952684978547e-16,1.0000952684978549e-17,,,4.826588383200377e-12,3.6811562829178566e-16,4.410498548867532e-16
0.7286181745132282,,4.058267060222963e-17,2.869628158149652e-16,3.6584684660024536e-16,1.788854381999832e-18,3.5494562221875085e-17,2.346851385185057e-18,1.6935680763657812e-17,2.0001883560394496e-16,1.3724609610075612e-17,8.467042972488833e-17,1.0000941780197247e-16,1.0000941780197249e-17,,,4.771338882847954e-12,3.6810267050372873e-16,4.410364394502027e-16
0.7328245331389044,,4.0466032223418064e-17,2.8613805792892256e-16,3.6584684660024536e-16,1.788854381999832e-18,3.549452396245738e-17,2.3401063155083308e-18,1.6935662508769066e-17,2.000186200046052e-16,1.364583136588924e-17,8.467042972488833e-17,1.000093100023026e-16,1.000093100023026e-17,,,4.716721818296329e-12,3.6808978664018655e-16,4.4102311545401864e-16
0.7370551753379346,,4.034972907418132e-17,2.8531567047393606e-16,3.6584684660024536e-16,1.788854381999832e-18,3.5494486140951084e-17,2.333380631790694e-18,1.693564446282297e-17,2.0001840687298228e-16,1.3567505302998613e-17,8.467042972488833e-17,1.0000920343649114e-16,1.0000920343649114e-17,,,4.662729950112741e-12,3.6807697628196756e-16,4.4100988220937744e-16
0.7413102413009177,,4.023376019103837e-17,2.8449564663716596e-16,3.6584684660024536e-16,1.788854381999832e-18,3.5494448752344364e-17,2.326674278315094e-18,1.6935626623428198e-17,2.000181961808336e-16,1.3489628825916533e-17,8.467042972488833e-17,1.000090980904168e-16,1.0000909809041681e-17,,,4.6093561217335436e-12,3.6806423901222844e-16,4.409967390332628e-16
0.7455898720277816,,4.011812461327729e-17,2.836779796253531e-16,3.6584684660024536e-16,1.788854381999832e-18,3.5494411791682784e-17,2.3199871995246125e-18,1.693560898822083e-17,2.000179879002399e-16,1.3412199354053711e-17,8.467042972488833e-17,1.0000899395011995e-16,1.0000899395011997e-17,,,4.556593258515602e-12,3.680515744164612e-16,4.409836852484117e-16
0.7498942093324558,,4.000282138294734e-17,2.828626626647629e-16,3.6584684660024536e-16,1.788854381999832e-18,3.5494375254068567e-17,2.313319340022008e-18,1.6935591554863958e-17,2.0001778200360129e-16,1.3335214321633243e-17,8.467042972488833e-17,1.0000889100180063e-16,1.0000889100180064e-17,,,4.504434366798546e-12,3.6803898208248047e-16,4.409707201832608e-16
0.7542233958475707,,3.9887849544851014e-17,2.8204968900112896e-16,3.6584684660024536e-16,1.788854381999832e-18,3.549433913465999e-17,2.3066706445692545e-18,1.693557432104743e-17,2.0001757846363364e-16,1.3258671177605595e-17,8.467042972488833e-17,1.0000878923181682e-16,1.0000878923181683e-17,,,4.4528725329777705e-12,3.680264616004108e-16,4.409578431718929e-16
0.7585775750291835,,3.977320814653614e-17,2.812390518995974e-16,3.6584684660024536e-16,1.788854381999832e-18,3.5494303428670736e-17,2.3000410580870865e-18,1.6935557284487533e-17,2.0001737725336513e-16,1.3182567385564075e-17,8.467042972488833e-17,1.0000868862668258e-16,1.0000868862668258e-17,,,4.401900922588059e-12,3.6801401256267407e-16,4.4094505355398527e-16
0.7629568911615335,,3.965889623828796e-17,2.804307446446708e-16,3.6584684660024536e-16,1.788854381999832e-18,3.549426813136927e-17,2.2934305256545403e-18,1.693554044292668e-17,2.0001717834613264e-16,1.3106900423660762e-17,8.467042972488833e-17,1.0000858917306632e-16,1.0000858917306633e-17,,,4.351512779397652e-12,3.6800163456397687e-16,4.4093235067475708e-16
0.7673614893618194,,3.954491287312135e-17,2.79624760540153e-16,3.6584684660024536e-16,1.788854381999832e-18,3.549423323807816e-17,2.2868389925085025e-18,1.693552379413312e-17,2.0001698171557796e-16,1.3031667784522989e-17,8.467042972488833e-17,1.0000849085778898e-16,1.0000849085778899e-17,,,4.301701424512767e-12,3.679893272012979e-16,4.4091973388491797e-16
0.7717915155850127,,3.9431257106772834e-17,2.788210929090931e-16,3.6584684660024536e-16,1.788854381999832e-18,3.549419874417353e-17,2.2802664040432517e-18,1.6935507335900633e-17,2.0001678733564463e-16,1.2956866975170192e-17,8.467042972488833e-17,1.000083936678223e-16,1.0000839366782232e-17,,,4.2524602554922595e-12,3.679770900738758e-16,4.409072025406172e-16
0.776247116628692,,3.9317927997692863e-17,2.780197350937304e-16,3.6584684660024536e-16,1.788854381999832e-18,3.5494164645084416e-17,2.2737127058100093e-18,1.6935491066048255e-17,2.0001659518057432e-16,1.2882495516931336e-17,8.467042972488833e-17,1.0000829759028715e-16,1.0000829759028715e-17,,,4.20378274547251e-12,3.679649227831965e-16,4.408947560033932e-16
0.780728440137907,,3.920492460703801e-17,2.7722068045543915e-16,3.6584684660024536e-16,1.788854381999832e-18,3.5494130936292156e-17,2.267177843516486e-18,1.6935474982419975e-17,2.0001640522490348e-16,1.2808550945362784e-17,8.467042972488833e-17,1.0000820261245173e-16,1.0000820261245175e-17,,,4.155662442302293e-12,3.679528249329812e-16,4.408823936401236e-16
0.7852356346100718,,3.9092245998663135e-17,2.764239223746738e-16,3.6584684660024536e-16,1.788854381999832e-18,3.5494097613329785e-17,2.260661763026437e-18,1.6935459082884457e-17,2.0001621744345993e-16,1.2735030810166617e-17,8.467042972488833e-17,1.0000810872172995e-16,1.0000810872172997e-17,,,4.108092967687546e-12,3.6794079612917385e-16,4.4087011482297575e-16
0.7897688493998856,,3.89798912391137e-17,2.7562945425091396e-16,3.6584684660024536e-16,1.788854381999832e-18,3.5494064671781453e-17,2.254164410359207e-18,1.693544336533474e-17,2.0001603181135948e-16,1.2661932675109445e-17,8.467042972488833e-17,1.0000801590567974e-16,1.0000801590567974e-17,,,4.0610680163459325e-12,3.6792883597992904e-16,4.408579189293578e-16
0.7943282347242814,,3.8867859397617986e-17,2.748372695026096e-16,3.6584684660024536e-16,1.788854381999832e-18,3.549403210728186e-17,2.2476857316892865e-18,1.693542782768799e-17,2.0001584830400275e-16,1.2589254117941675e-17,8.467042972488833e-17,1.0000792415200137e-16,1.0000792415200138e-17,,,4.014581355171088e-12,3.6791694409560004e-16,4.4084580534187015e-16
0.7989139416674048,,3.8756149546079386e-17,2.740473615671267e-16,3.6584684660024536e-16,1.788854381999832e-18,3.5493999915515646e-17,2.2412256733458672e-18,1.6935412467885202e-17,2.0001566689707194e-16,1.2516992730317246e-17,8.467042972488833e-17,1.0000783344853596e-16,1.0000783344853597e-17,,,3.9686268224064204e-12,3.6790512008872667e-16,4.408337734482577e-16
0.8035261221856177,,3.864476075906877e-17,2.7325972390069317e-16,3.6584684660024536e-16,1.788854381999832e-18,3.549396809221684e-17,2.234784181812395e-18,1.693539728389093e-17,2.0001548756652734e-16,1.2445146117713845e-17,8.467042972488833e-17,1.0000774378326367e-16,1.0000774378326368e-17,,,3.923198326828401e-12,3.6789336357402316e-16,4.4082182264136175e-16
0.8081649291125376,,3.853369211381674e-17,2.7247434997834407e-16,3.6584684660024536e-16,1.788854381999832e-18,3.549393663316827e-17,2.228361203726127e-18,1.693538227369302e-17,2.000153102886045e-16,1.2373711899353521e-17,8.467042972488833e-17,1.0000765514430223e-16,1.0000765514430223e-17,,,3.878289846939142e-12,3.678816741683665e-16,4.408099523190738e-16
0.8128305161640995,,3.8422942690206035e-17,2.716912332938677e-16,3.6584684660024536e-16,1.788854381999832e-18,3.5493905534201054e-17,2.22195668587769e-18,1.693536743530235e-17,2.0001513503981083e-16,1.2302687708123811e-17,8.467042972488833e-17,1.000075675199054e-16,1.0000756751990542e-17,,,3.833895430168275e-12,3.678700514907842e-16,4.407981618842883e-16
0.8175230379436501,,3.83125115707639e-17,2.709103673597522e-16,3.6584684660024536e-16,1.788854381999832e-18,3.549387479119398e-17,2.215570575210639e-18,1.6935352766752556e-17,2.0001496179692258e-16,1.2232071190499315e-17,8.467042972488833e-17,1.0000748089846128e-16,1.0000748089846129e-17,,,3.790009192083946e-12,3.6785849516244303e-16,4.407864507448569e-16
0.8222426499470712,,3.8202397840654473e-17,2.7013174570713097e-16,3.6584684660024536e-16,1.788854381999832e-18,3.549384440007303e-17,2.2092028188210184e-18,1.6935338266099768e-17,2.0001479053698173e-16,1.2161860006463682e-17,8.467042972488833e-17,1.0000739526849085e-16,1.0000739526849085e-17,,,3.74662531561283e-12,3.678470048066367e-16,4.407748183135425e-16
0.8269895085679317,,3.8092600587671225e-17,2.693553618857299e-16,3.6584684660024536e-16,1.788854381999832e-18,3.549381435681079e-17,2.202853363956925e-18,1.6935323931422386e-17,2.0001462123729313e-16,1.2092051829432086e-17,8.467042972488833e-17,1.0000731061864656e-16,1.0000731061864657e-17,,,3.703738050269093e-12,3.678355800487745e-16,4.4076326400797437e-16
0.8317637711026709,,3.7983118902229394e-17,2.6858120946381336e-16,3.6584684660024536e-16,1.788854381999832e-18,3.549378465742593e-17,2.1965221580180663e-18,1.6935309760820767e-17,2.0001445387542117e-16,1.2022644346174133e-17,8.467042972488833e-17,1.0000722693771057e-16,1.0000722693771058e-17,,,3.6613417113921705e-12,3.6782422051636977e-16,4.407517872506032e-16
0.8365655957558099,,3.787395187735844e-17,2.6780928202813125e-16,3.6584684660024536e-16,1.788854381999832e-18,3.54937552979827e-17,2.1902091485553316e-18,1.693529575241703e-17,2.0001428842918707e-16,1.1953635256737189e-17,8.467042972488833e-17,1.0000714421459353e-16,1.0000714421459354e-17,,,3.619430679393263e-12,3.6781292583902804e-16,4.4074038746865685e-16
0.8413951416451956,,3.776509860869453e-17,2.670395731838655e-16,3.6584684660024536e-16,1.788854381999832e-18,3.549372627459036e-17,2.18391428327035e-18,1.6935281904354777e-17,2.0001412487666588e-16,1.188502227437018e-17,8.467042972488833e-17,1.0000706243833293e-16,1.0000706243833294e-17,,,3.577999399010471e-12,3.6780169564843575e-16,4.4072906409409643e-16
0.8462525688072697,,3.765655819447311e-17,2.6627207655457787e-16,3.6584684660024536e-16,1.788854381999832e-18,3.549369758340272e-17,2.1776375100150653e-18,1.6935268214798852e-17,2.0001396319618343e-16,1.181680312544783e-17,8.467042972488833e-17,1.0000698159809171e-16,1.0000698159809173e-17,,,3.537042378572468e-12,3.6779052957834873e-16,4.4071781656357304e-16
0.8511380382023768,,3.754832973552132e-17,2.655067857821561e-16,3.6584684660024536e-16,1.788854381999832e-18,3.5493669220617595e-17,2.1713787767912966e-18,1.6935254681935102e-17,2.0001380336631373e-16,1.1748975549395293e-17,8.467042972488833e-17,1.0000690168315687e-16,1.0000690168315687e-17,,,3.496554189270555e-12,3.6777942726458097e-16,4.4070664431838447e-16
0.8560517117200949,,3.7440412335250656e-17,2.64743694526762e-16,3.6584684660024536e-16,1.788854381999832e-18,3.54936411824763e-17,2.1651380317503114e-18,1.693524130397013e-17,2.0001364536587584e-16,1.1681537298613243e-17,8.467042972488833e-17,1.0000682268293792e-16,1.0000682268293793e-17,,,3.4565294644390916e-12,3.67768388344993e-16,4.406955468044329e-16
0.8609937521846007,,3.733280509964944e-17,2.6398279646677843e-16,3.6584684660024536e-16,1.788854381999832e-18,3.5493613465263196e-17,2.1589152231923956e-18,1.6935228079131073e-17,2.000134891739314e-16,1.1614486138403427e-17,8.467042972488833e-17,1.000067445869657e-16,1.0000674458696572e-17,,,3.4169628988441557e-12,3.6775741245948096e-16,4.4068452347218263e-16
0.8659643233600653,,3.7225507137275505e-17,2.6322408529875737e-16,3.6584684660024536e-16,1.788854381999832e-18,3.549358606530513e-17,2.152710299566424e-18,1.693521500566534e-17,2.000133347697814e-16,1.1547819846894582e-17,8.467042972488833e-17,1.000066673848907e-16,1.0000666738489071e-17,,,3.3778492479803357e-12,3.677464992499652e-16,4.406735737766184e-16
0.8709635899560805,,3.7118517559248774e-17,2.6246755473736745e-16,3.6584684660024536e-16,1.788854381999832e-18,3.5493558978971e-17,2.1465232094694356e-18,1.6935202081840422e-17,2.00013182132964e-16,1.1481536214968829e-17,8.467042972488833e-17,1.00006591066482e-16,1.00006591066482e-17,,,3.3391833273755757e-12,3.6773564836037926e-16,4.406626971772038e-16
0.875991717633117,,3.7011835479243864e-17,2.617131985153419e-16,3.6584684660024536e-16,1.788854381999832e-18,3.549353220267125e-17,2.1403539016462047e-18,1.6935189305943604e-17,2.0001303124325126e-16,1.1415633046188461e-17,8.467042972488833e-17,1.0000651562162563e-16,1.0000651562162564e-17,,,3.3009600119039793e-12,3.6772485943665865e-16,4.4065189313784086e-16
0.8810488730080146,,3.6905460013482794e-17,2.6096101038342655e-16,3.6584684660024536e-16,1.788854381999832e-18,3.549350573285743e-17,2.134202324988818e-18,1.6935176676281797e-17,2.0001288208064694e-16,1.1350108156723144e-17,8.467042972488833e-17,1.0000644104032348e-16,1.0000644104032348e-17,,,3.2631742351064795e-12,3.6771413212672996e-16,4.4064116112682897e-16
0.8861352236595003,,3.679939028072766e-17,2.6021098411032855e-16,3.6584684660024536e-16,1.788854381999832e-18,3.549347956602164e-17,2.128068428536254e-18,1.6935164191181267e-17,2.0001273462538344e-16,1.1284959375277612e-17,8.467042972488833e-17,1.0000636731269172e-16,1.0000636731269173e-17,,,3.225820988519301e-12,3.677034660804999e-16,4.406305006168252e-16
0.8912509381337459,,3.669362540227329e-17,2.59463113482664e-16,3.6584684660024536e-16,1.788854381999832e-18,3.5493453698696196e-17,2.1219521614739543e-18,1.6935151848987464e-17,2.0001258885791957e-16,1.1220184543019633e-17,8.467042972488833e-17,1.0000629442895979e-16,1.0000629442895979e-17,,,3.1888953210100604e-12,3.6769286094984414e-16,4.406199110848044e-16
0.8963961859499502,,3.658816450194e-17,2.5871739230490693e-16,3.6584684660024536e-16,1.788854381999832e-18,3.5493428127453047e-17,2.1158534731334083e-18,1.6935139648064742e-17,2.000124447589377e-16,1.115578151350852e-17,8.467042972488833e-17,1.0000622237946883e-16,1.0000622237946884e-17,,,3.152392338121529e-12,3.6768231638859686e-16,4.406093920120198e-16
0.9015711376059571,,3.6483006706066335e-17,2.579738143993379e-16,3.6584684660024536e-16,1.788854381999832e-18,3.549340284890339e-17,2.1097723129917302e-18,1.693512758679619e-17,2.0001230230934112e-16,1.1091748152624009e-17,8.467042972488833e-17,1.0000615115467055e-16,1.0000615115467055e-17,,,3.1163072014228606e-12,3.676718320525398e-16,4.4059894288396443e-16
0.906775964583905,,3.637815114350181e-17,2.572323736059929e-16,3.6584684660024536e-16,1.788854381999832e-18,3.549337785969719e-17,2.103708630671243e-18,1.6935115663583386e-17,2.0001216149025183e-16,1.102808233849552e-17,8.467042972488833e-17,1.0000608074512591e-16,1.0000608074512591e-17,,,3.0806351278682743e-12,3.6766140759939123e-16,4.4058856319033177e-16
0.9120108393559097,,3.627359694559973e-17,2.564930637826121e-16,3.6584684660024536e-16,1.788854381999832e-18,3.549335315652279e-17,2.097662375939058e-18,1.6935103876846225e-17,2.0001202228300798e-16,1.096478196143185e-17,8.467042972488833e-17,1.0000601114150398e-16,1.00006011141504e-17,,,3.045371389163058e-12,3.676510426887958e-16,4.4057825242497886e-16
0.9172759353897794,,3.616934324620995e-17,2.557558788045891e-16,3.6584684660024536e-16,1.788854381999832e-18,3.549332873610639e-17,2.0916334987066632e-18,1.6935092225022665e-17,2.00011884669161e-16,1.0901844923851278e-17,8.467042972488833e-17,1.0000594233458049e-16,1.000059423345805e-17,,,3.010511311136843e-12,3.676407369823134e-16,4.405680100858871e-16
0.9225714271547638,,3.606538918167172e-17,2.550208125649202e-16,3.6584684660024536e-16,1.788854381999832e-18,3.549330459521166e-17,2.085621949029502e-18,1.6935080706568546e-17,2.0001174863047362e-16,1.0839269140212028e-17,8.467042972488833e-17,1.000058743152368e-16,1.000058743152368e-17,,,2.9760502731240386e-12,3.6763049014340903e-16,4.405578356751258e-16
0.9278974901273317,,3.596173389080657e-17,2.5428785897415406e-16,3.6584684660024536e-16,1.788854381999832e-18,3.549328073063933e-17,2.0796276771065676e-18,1.6935069319957382e-17,2.0001161414891727e-16,1.0777052536943213e-17,8.467042972488833e-17,1.0000580707445862e-16,1.0000580707445863e-17,,,2.941983707351397e-12,3.6762030183744213e-16,4.4054772869881466e-16
0.9332543007969915,,3.585837651491109e-17,2.535570119603407e-16,3.6584684660024536e-16,1.788854381999832e-18,3.5493257139226727e-17,2.0736506332799827e-18,1.693505806368015e-17,2.0001148120666972e-16,1.0715193052376061e-17,8.467042972488833e-17,1.0000574060333485e-16,1.0000574060333485e-17,,,2.908307098332519e-12,3.6761017173165583e-16,4.405376886670874e-16
0.9386420366721355,,3.575531619774989e-17,2.528282654689815e-16,3.6584684660024536e-16,1.788854381999832e-18,3.549323381784738e-17,2.0676907680345918e-18,1.6935046936245104e-17,2.000113497861126e-16,1.0653688636675631e-17,8.467042972488833e-17,1.000056748930563e-16,1.000056748930563e-17,,,2.8750159822693538e-12,3.676000994951671e-16,4.4052771509405514e-16
0.9440608762859236,,3.565255208554847e-17,2.5210161346297907e-16,3.6584684660024536e-16,1.788854381999832e-18,3.549321076341061e-17,2.061748031997551e-18,1.6935035936177574e-17,2.0001121986982934e-16,1.0592537251772887e-17,8.467042972488833e-17,1.0000560993491467e-16,1.0000560993491469e-17,,,2.8421059464605297e-12,3.67590084798956e-16,4.405178074977704e-16
0.9495109992021983,,3.5550083326986155e-17,2.5137704992258735e-16,3.6584684660024536e-16,1.788854381999832e-18,3.549318797286106e-17,2.0558223759379193e-18,1.6935025062019748e-17,2.0001109144060252e-16,1.0531736871297161e-17,8.467042972488833e-17,1.0000554572030125e-16,1.0000554572030125e-17,,,2.8095726287164454e-12,3.675801273158555e-16,4.405079654001918e-16
0.9549925860214359,,3.544790907318906e-17,2.506545688453613e-16,3.6584684660024536e-16,1.788854381999832e-18,3.549316544317839e-17,2.0499137507662486e-18,1.6935014312330512e-17,2.0001096448141178e-16,1.0471285480508997e-17,8.467042972488833e-17,1.0000548224070589e-16,1.000054822407059e-17,,,2.777411716781074e-12,3.6757022672054127e-16,4.4049818832714856e-16
0.9605058183867304,,3.534602847772303e-17,2.4993416424610776e-16,3.6584684660024536e-16,1.788854381999832e-18,3.549314317137682e-17,2.0440221075341788e-18,1.693500368568525e-17,2.0001083897543171e-16,1.0411181076233398e-17,8.467042972488833e-17,1.0000541948771586e-16,1.0000541948771587e-17,,,2.745618947760372e-12,3.675603826895216e-16,4.404884758083056e-16
0.9660508789898131,,3.5244440696586646e-17,2.492158301568354e-16,3.6584684660024536e-16,1.788854381999832e-18,3.54931211545047e-17,2.0381473974340333e-18,1.6934993180675633e-17,2.0001071490602935e-16,1.035142166679344e-17,8.467042972488833e-17,1.0000535745301466e-16,1.0000535745301467e-17,,,2.7141901075572443e-12,3.6755059490112695e-16,4.4047882737712882e-16
0.9716279515771068,,3.51431448882042e-17,2.4849956062670544e-16,3.6584684660024536e-16,1.788854381999832e-18,3.5493099389644224e-17,2.0322895717984103e-18,1.693498279590946e-17,2.0001059225676202e-16,1.0292005271944277e-17,8.467042972488833e-17,1.00005296128381e-16,1.0000529612838102e-17,,,2.6831210303129586e-12,3.675408630355003e-16,4.4046924257085127e-16
0.9772372209558111,,3.504214021341882e-17,2.477853497219826e-16,3.6584684660024536e-16,1.788854381999832e-18,3.5493077873910916e-17,2.0264485820997874e-18,1.6934972530010466e-17,2.000104710113753e-16,1.0232929922807538e-17,8.467042972488833e-17,1.0000523550568765e-16,1.0000523550568765e-17,,,2.652407597854991e-12,3.675311867745869e-16,4.4045972093043887e-16
0.9828788730000325,,3.4941425835485386e-17,2.470731915259854e-16,3.6584684660024536e-16,1.788854381999832e-18,3.549305660445335e-17,2.0206243799501104e-18,1.693496238161813e-17,2.0001035115380083e-16,1.0174193661806048e-17,8.467042972488833e-17,1.000051755769004e-16,1.0000517557690042e-17,,,2.6220457391511285e-12,3.675215658021241e-16,4.404502620005567e-16
0.9885530946569391,,3.484100092006367e-17,2.463630801390377e-16,3.6584684660024536e-16,1.788854381999832e-18,3.549303557845274e-17,2.014816917100399e-18,1.6934952349387503e-17,2.0001023266815404e-16,1.0115794542598984e-17,8.467042972488833e-17,1.0000511633407702e-16,1.0000511633407703e-17,,,2.5920314297698896e-12,3.6751199980363193e-16,4.404408653295363e-16
0.9942600739529568,,3.4740864635211455e-17,2.456550096784193e-16,3.6584684660024536e-16,1.788854381999832e-18,3.5493014793122514e-17,2.009026145440344e-18,1.693494243198903e-17,2.000101155387323e-16,1.0057730630017383e-17,8.467042972488833e-17,1.0000505776936615e-16,1.0000505776936615e-17,,,2.562360691347074e-12,3.6750248846640293e-16,4.404315304693424e-16
1.0,,3.464101615137755e-17,2.449489742783178e-16,3.6584684660024536e-16,1.788854381999832e-18,3.549299424570803e-17,2.003252016997911e-18,1.6934932628108365e-17,2.000099997500125e-16,1e-17,8.467042972488833e-17,1.0000499987500623e-16,1.0000499987500625e-17,,,2.5330295910584445e-12,3.6749303147949224e-16,4.404222569755402e-16
